,OpenTime,ADA-USD_Open,ADA-USD_High,ADA-USD_Low,ADA-USD_Close,ADA-USD_volume,CloseTime,ADA-QuoteAssetVolume,ADA-NumberOfTrades,ADA-TBBAV,ADA-TBQAV,ADA-ignore
0,2022-01-01 01:00:00,1.308,1.38,1.306,1.38,69007607.5,2022-01-02 00:59:59.999,92211737.9666,159578.0,35543023.2,47500596.5123,0.0
1,2022-01-02 01:00:00,1.379,1.391,1.342,1.377,81011860.4,2022-01-03 00:59:59.999,110645055.5902,175248.0,40618946.7,55484105.9652,0.0
2,2022-01-03 01:00:00,1.378,1.378,1.31,1.319,87155825.9,2022-01-04 00:59:59.999,117269967.5736,191931.0,41893901.4,56358992.3813,0.0
3,2022-01-04 01:00:00,1.319,1.352,1.295,1.309,94479305.9,2022-01-05 00:59:59.999,124982226.7397,216349.0,46205791.4,61169674.5822,0.0
4,2022-01-05 01:00:00,1.31,1.353,1.193,1.23,158740088.2,2022-01-06 00:59:59.999,203778648.559,365590.0,76050733.2,97718121.8413,0.0
5,2022-01-06 01:00:00,1.23,1.297,1.186,1.28,175754407.6,2022-01-07 00:59:59.999,216590054.1071,361052.0,88970774.4,109746849.4002,0.0
6,2022-01-07 01:00:00,1.279,1.285,1.189,1.21,209806013.2,2022-01-08 00:59:59.999,256808689.2376,412091.0,100722433.2,123355599.3005,0.0
7,2022-01-08 01:00:00,1.209,1.254,1.124,1.181,169730473.68,2022-01-09 00:59:59.999,201840755.440639,359202.0,82915127.24,98682750.22704,0.0
8,2022-01-09 01:00:00,1.182,1.206,1.147,1.17,114093699.4,2022-01-10 00:59:59.999,134353467.7772,231040.0,56212732.5,66207531.3632,0.0
9,2022-01-10 01:00:00,1.17,1.181,1.069,1.123,189250644.14,2022-01-11 00:59:59.999,212884357.749318,360425.0,93971795.04,105744216.0435,0.0
10,2022-01-11 01:00:00,1.123,1.196,1.122,1.187,115267098.7,2022-01-12 00:59:59.999,133792540.3938,241607.0,58035113.4,67379649.2343,0.0
11,2022-01-12 01:00:00,1.188,1.314,1.186,1.312,145608592.7,2022-01-13 00:59:59.999,182190437.0444,341312.0,76357627.3,95582419.2906,0.0
12,2022-01-13 01:00:00,1.312,1.354,1.227,1.233,179029543.6,2022-01-14 00:59:59.999,230246441.4797,426125.0,87034067.7,112060685.4988,0.0
13,2022-01-14 01:00:00,1.232,1.309,1.22,1.292,143281596.5,2022-01-15 00:59:59.999,181243812.4815,331155.0,71628205.2,90675497.6826,0.0
14,2022-01-15 01:00:00,1.293,1.319,1.251,1.291,80421836.4,2022-01-16 00:59:59.999,103117575.3177,191252.0,40074996.2,51399593.4578,0.0
15,2022-01-16 01:00:00,1.292,1.422,1.286,1.41,247977037.4,2022-01-17 00:59:59.999,342364572.2918,615823.0,124921128.8,172408668.98,0.0
16,2022-01-17 01:00:00,1.411,1.607,1.386,1.603,545675409.1,2022-01-18 00:59:59.999,823631436.9341,1530274.0,277600950.5,418956785.7125,0.0
17,2022-01-18 01:00:00,1.602,1.638,1.411,1.458,455949108.3,2022-01-19 00:59:59.999,689115056.2762,1169456.0,220232223.7,332972350.3311,0.0
18,2022-01-19 01:00:00,1.458,1.534,1.326,1.337,329948716.4,2022-01-20 00:59:59.999,466337970.5622,762741.0,163000418.2,230264305.2302,0.0
19,2022-01-20 01:00:00,1.336,1.427,1.251,1.259,261063307.3,2022-01-21 00:59:59.999,352149336.0505,566966.0,127138111.2,171610208.7001,0.0
20,2022-01-21 01:00:00,1.259,1.282,1.101,1.12,408519522.4,2022-01-22 00:59:59.999,489294165.1309,780053.0,199683030.8,239040935.4138,0.0
21,2022-01-22 01:00:00,1.12,1.155,0.917,1.071,554287709.12,2022-01-23 00:59:59.999,587006937.36549,1068717.0,271817653.17,288393967.76427,0.0
22,2022-01-23 01:00:00,1.071,1.17,1.051,1.124,257147931.5,2022-01-24 00:59:59.999,283676579.4982,487710.0,129425893.5,142778015.862,0.0
23,2022-01-24 01:00:00,1.124,1.125,0.951,1.065,437410320.0,2022-01-25 00:59:59.999,447077366.5655,775867.0,218581905.6,223652913.0891,0.0
24,2022-01-25 01:00:00,1.066,1.074,0.991,1.043,218828333.3,2022-01-26 00:59:59.999,226342639.2071,394458.0,106646555.6,110416277.875,0.0
25,2022-01-26 01:00:00,1.043,1.157,1.022,1.077,336503954.9,2022-01-27 00:59:59.999,366773055.236,654579.0,172927059.3,188646994.5774,0.0
26,2022-01-27 01:00:00,1.078,1.08,1.004,1.042,184762461.8,2022-01-28 00:59:59.999,192138287.9321,348731.0,90648510.2,94329195.8697,0.0
27,2022-01-28 01:00:00,1.042,1.059,1.008,1.048,137690073.1,2022-01-29 00:59:59.999,142445944.6639,257649.0,68173980.0,70574831.1126,0.0
28,2022-01-29 01:00:00,1.049,1.084,1.037,1.059,89531278.4,2022-01-30 00:59:59.999,94893530.2124,194659.0,45664178.6,48414648.8434,0.0
29,2022-01-30 01:00:00,1.059,1.077,1.024,1.035,72352160.1,2022-01-31 00:59:59.999,76033766.3812,155872.0,35044693.4,36845540.5061,0.0
30,2022-01-31 01:00:00,1.035,1.06,1.006,1.051,101218950.1,2022-02-01 00:59:59.999,104454406.4958,192580.0,49827982.3,51466086.362,0.0
31,2022-02-01 01:00:00,1.052,1.096,1.034,1.096,124526330.3,2022-02-02 00:59:59.999,132239499.0162,235302.0,63856830.5,67899221.5221,0.0
32,2022-02-02 01:00:00,1.096,1.103,1.022,1.027,126857788.7,2022-02-03 00:59:59.999,134518230.4735,259307.0,61105420.9,64811151.2857,0.0
33,2022-02-03 01:00:00,1.027,1.062,1.016,1.061,98542208.5,2022-02-04 00:59:59.999,102202422.3626,175684.0,50668066.0,52604906.8195,0.0
34,2022-02-04 01:00:00,1.061,1.139,1.045,1.138,135205051.6,2022-02-05 00:59:59.999,146202131.6345,270244.0,71036129.2,76888648.3824,0.0
35,2022-02-05 01:00:00,1.138,1.178,1.097,1.125,152710784.3,2022-02-06 00:59:59.999,174120235.9621,348245.0,74688266.5,85192051.8768,0.0
36,2022-02-06 01:00:00,1.125,1.15,1.097,1.143,107099317.0,2022-02-07 00:59:59.999,120397073.3413,221871.0,54845166.6,61697205.69,0.0
37,2022-02-07 01:00:00,1.142,1.209,1.125,1.199,267801841.6,2022-02-08 00:59:59.999,316342987.6477,508239.0,132860060.7,156961013.6752,0.0
38,2022-02-08 01:00:00,1.198,1.263,1.133,1.176,271657090.8,2022-02-09 00:59:59.999,325233753.4543,532963.0,136633045.5,163806134.7849,0.0
39,2022-02-09 01:00:00,1.176,1.215,1.152,1.195,137109784.2,2022-02-10 00:59:59.999,163081276.5901,245675.0,70615255.3,84007590.2611,0.0
40,2022-02-10 01:00:00,1.194,1.225,1.143,1.15,183604520.1,2022-02-11 00:59:59.999,217359334.4566,359090.0,90110681.6,106868641.6597,0.0
41,2022-02-11 01:00:00,1.15,1.164,1.068,1.079,131818725.2,2022-02-12 00:59:59.999,149139853.8464,247139.0,61269579.5,69437421.4657,0.0
42,2022-02-12 01:00:00,1.079,1.092,1.029,1.059,149173437.2,2022-02-13 00:59:59.999,158161972.9925,234429.0,70024570.7,74356975.4604,0.0
43,2022-02-13 01:00:00,1.058,1.076,1.032,1.042,99247994.0,2022-02-14 00:59:59.999,104644114.8535,151375.0,48219252.0,50882942.9521,0.0
44,2022-02-14 01:00:00,1.043,1.055,1.018,1.049,138982742.3,2022-02-15 00:59:59.999,144076429.1332,179063.0,70394301.6,73018128.7215,0.0
45,2022-02-15 01:00:00,1.05,1.115,1.049,1.107,153934616.3,2022-02-16 00:59:59.999,167359595.1925,217645.0,82745488.3,89953103.4119,0.0
46,2022-02-16 01:00:00,1.108,1.112,1.066,1.082,100925929.7,2022-02-17 00:59:59.999,109865510.988,165005.0,48553767.0,52862804.0423,0.0
47,2022-02-17 01:00:00,1.083,1.094,1.008,1.02,114535761.9,2022-02-18 00:59:59.999,120519433.2696,193074.0,53419138.8,56285490.9537,0.0
48,2022-02-18 01:00:00,1.019,1.043,0.983,0.995,133614248.4,2022-02-19 00:59:59.999,135340040.6369,197322.0,61916581.5,62758659.5515,0.0
49,2022-02-19 01:00:00,0.996,1.019,0.973,0.996,92102940.7,2022-02-20 00:59:59.999,91691271.9142,143588.0,44229779.8,44056532.9366,0.0
50,2022-02-20 01:00:00,0.997,0.998,0.919,0.931,156774619.1,2022-02-21 00:59:59.999,148159415.5595,209970.0,73930478.1,69855237.4709,0.0
51,2022-02-21 01:00:00,0.931,0.993,0.851,0.856,283488504.31,2022-02-22 00:59:59.999,262678267.439046,359675.0,141812799.39,131749489.470732,0.0
52,2022-02-22 01:00:00,0.856,0.897,0.813,0.888,264842040.57,2022-02-23 00:59:59.999,226538695.654874,305066.0,135174661.6,115737060.6334,0.0
53,2022-02-23 01:00:00,0.888,0.96,0.863,0.866,237719675.9,2022-02-24 00:59:59.999,217317574.2134,293901.0,118343851.1,108293055.3727,0.0
54,2022-02-24 01:00:00,0.866,0.899,0.746,0.853,560130978.58,2022-02-25 00:59:59.999,450115675.741591,622428.0,278753569.48,224057445.378929,0.0
55,2022-02-25 01:00:00,0.852,0.91,0.823,0.898,210840757.4,2022-02-26 00:59:59.999,182133681.2225,277084.0,108164324.1,93497972.6588,0.0
56,2022-02-26 01:00:00,0.898,0.93,0.881,0.887,142052119.7,2022-02-27 00:59:59.999,128478270.2374,180449.0,70364631.8,63669368.8107,0.0
57,2022-02-27 01:00:00,0.886,0.915,0.832,0.856,162004634.9,2022-02-28 00:59:59.999,141268322.6367,205762.0,80351772.1,70095991.8671,0.0
58,2022-02-28 01:00:00,0.857,0.97,0.842,0.962,227929558.7,2022-03-01 00:59:59.999,206628176.2753,326839.0,117869735.3,106889551.0607,0.0
59,2022-03-01 01:00:00,0.962,1.011,0.939,0.963,234764266.6,2022-03-02 00:59:59.999,227552504.5608,333114.0,115627793.2,112142449.9794,0.0
60,2022-03-02 01:00:00,0.964,0.977,0.927,0.939,149491898.8,2022-03-03 00:59:59.999,142500770.6719,226130.0,74102858.4,70670333.3728,0.0
61,2022-03-03 01:00:00,0.938,0.946,0.883,0.903,114772747.9,2022-03-04 00:59:59.999,104789950.5144,155893.0,54637464.8,49908318.8241,0.0
62,2022-03-04 01:00:00,0.902,0.903,0.826,0.844,147015719.3,2022-03-05 00:59:59.999,127682736.9868,193685.0,68749158.3,59724859.6846,0.0
63,2022-03-05 01:00:00,0.844,0.883,0.818,0.864,78739554.5,2022-03-06 00:59:59.999,67279606.7473,117390.0,40190181.2,34353747.4739,0.0
64,2022-03-06 01:00:00,0.865,0.872,0.819,0.823,76546559.4,2022-03-07 00:59:59.999,64450087.9814,105508.0,36800081.1,30997844.1418,0.0
65,2022-03-07 01:00:00,0.822,0.847,0.777,0.793,132873670.6,2022-03-08 00:59:59.999,108036356.9915,159877.0,63021254.3,51283873.2394,0.0
66,2022-03-08 01:00:00,0.793,0.821,0.787,0.802,124187499.5,2022-03-09 00:59:59.999,99745823.8482,134552.0,61979635.5,49801571.4566,0.0
67,2022-03-09 01:00:00,0.802,0.863,0.799,0.849,114971836.5,2022-03-10 00:59:59.999,96603126.3741,143262.0,58352959.9,49006840.5687,0.0
68,2022-03-10 01:00:00,0.849,0.854,0.785,0.807,115081098.3,2022-03-11 00:59:59.999,93120654.8534,129266.0,54531990.2,44134350.3798,0.0
69,2022-03-11 01:00:00,0.806,0.819,0.782,0.788,101514757.7,2022-03-12 00:59:59.999,80994331.7712,108396.0,49960139.9,39867814.4547,0.0
70,2022-03-12 01:00:00,0.788,0.802,0.786,0.789,50466434.4,2022-03-13 00:59:59.999,40094234.3481,58866.0,23917073.5,19010620.7772,0.0
71,2022-03-13 01:00:00,0.789,0.821,0.78,0.786,88733691.2,2022-03-14 00:59:59.999,70913375.733,103707.0,46042469.1,36796812.4244,0.0
72,2022-03-14 01:00:00,0.787,0.816,0.776,0.802,104141955.4,2022-03-15 00:59:59.999,83119494.6767,120976.0,51926380.5,41471664.3057,0.0
73,2022-03-15 01:00:00,0.803,0.817,0.781,0.8,95462205.5,2022-03-16 00:59:59.999,76242142.1216,110291.0,48441967.7,38720742.2487,0.0
74,2022-03-16 01:00:00,0.8,0.84,0.792,0.838,160796978.5,2022-03-17 00:59:59.999,130862784.2482,189728.0,80732980.2,65776082.9379,0.0
75,2022-03-17 01:00:00,0.839,0.858,0.827,0.835,106462948.2,2022-03-18 00:59:59.999,89780881.3519,129730.0,52553825.8,44333156.4878,0.0
76,2022-03-18 01:00:00,0.835,0.86,0.82,0.851,82865732.3,2022-03-19 00:59:59.999,69473720.7252,105638.0,40514774.7,33995529.5232,0.0
77,2022-03-19 01:00:00,0.851,0.916,0.85,0.903,114266368.8,2022-03-20 00:59:59.999,101043393.8596,196393.0,59954947.3,53007348.9732,0.0
78,2022-03-20 01:00:00,0.902,0.916,0.864,0.879,93008770.9,2022-03-21 00:59:59.999,82605912.6887,155886.0,44617740.3,39650903.2287,0.0
79,2022-03-21 01:00:00,0.879,0.93,0.863,0.917,115815047.2,2022-03-22 00:59:59.999,104344596.3265,198250.0,58353607.0,52601332.14,0.0
80,2022-03-22 01:00:00,0.917,0.988,0.907,0.975,172058469.4,2022-03-23 00:59:59.999,164577626.0288,280866.0,88354357.0,84498976.3202,0.0
81,2022-03-23 01:00:00,0.975,1.11,0.957,1.108,362447245.1,2022-03-24 00:59:59.999,376836453.7238,645078.0,189677928.7,197436607.6867,0.0
82,2022-03-24 01:00:00,1.108,1.19,1.076,1.131,390982460.0,2022-03-25 00:59:59.999,445651286.5284,702338.0,192422645.5,219300288.945,0.0
83,2022-03-25 01:00:00,1.13,1.167,1.072,1.096,290456883.7,2022-03-26 00:59:59.999,324802638.2671,506738.0,140613667.1,157248129.8586,0.0
84,2022-03-26 01:00:00,1.096,1.16,1.079,1.152,143117986.1,2022-03-27 00:59:59.999,161024339.18,271206.0,75325602.0,84777494.2278,0.0
85,2022-03-27 01:00:00,1.152,1.186,1.104,1.184,135043361.8,2022-03-28 01:59:59.999,154469498.2835,261245.0,66427046.3,76070221.5008,0.0
86,2022-03-28 02:00:00,1.184,1.246,1.157,1.17,261105698.6,2022-03-29 01:59:59.999,313807434.4856,517027.0,130753524.4,157242155.886,0.0
87,2022-03-29 02:00:00,1.17,1.243,1.166,1.191,180298618.0,2022-03-30 01:59:59.999,217154215.415,341275.0,87102380.1,104947290.2019,0.0
88,2022-03-30 02:00:00,1.191,1.218,1.161,1.189,146032640.3,2022-03-31 01:59:59.999,173764772.7865,233353.0,72207436.3,85956392.261,0.0
89,2022-03-31 02:00:00,1.189,1.228,1.133,1.141,177164788.1,2022-04-01 01:59:59.999,209017789.907,307148.0,85926940.4,101514333.8212,0.0
90,2022-04-01 02:00:00,1.141,1.175,1.104,1.165,191221298.9,2022-04-02 01:59:59.999,218746166.9028,274430.0,90992663.8,104169996.2526,0.0
91,2022-04-02 02:00:00,1.165,1.195,1.145,1.155,107106263.9,2022-04-03 01:59:59.999,125668411.1632,204659.0,51972990.2,61023356.6941,0.0
92,2022-04-03 02:00:00,1.156,1.2,1.142,1.186,78660058.3,2022-04-04 01:59:59.999,92317779.5635,149109.0,41166239.3,48340411.9369,0.0
93,2022-04-04 02:00:00,1.186,1.245,1.16,1.212,253235570.3,2022-04-05 01:59:59.999,304882047.6727,472893.0,128560129.0,154965917.2483,0.0
94,2022-04-05 02:00:00,1.212,1.219,1.163,1.171,108831679.5,2022-04-06 01:59:59.999,130155835.1592,204197.0,52266781.6,62537391.321,0.0
95,2022-04-06 02:00:00,1.17,1.173,1.047,1.052,206766772.7,2022-04-07 01:59:59.999,229948472.4843,353472.0,85414458.7,95170549.3211,0.0
96,2022-04-07 02:00:00,1.052,1.101,1.038,1.089,99287570.5,2022-04-08 01:59:59.999,106736899.8868,173322.0,50645926.1,54451137.5182,0.0
97,2022-04-08 02:00:00,1.089,1.1,1.019,1.024,88048109.3,2022-04-09 01:59:59.999,93952128.1717,143736.0,40275676.9,43031304.8482,0.0
98,2022-04-09 02:00:00,1.025,1.047,1.021,1.045,49693999.1,2022-04-10 01:59:59.999,51363885.971,77809.0,25006049.9,25860086.5196,0.0
99,2022-04-10 02:00:00,1.044,1.07,1.023,1.027,51995282.7,2022-04-11 01:59:59.999,54357960.7317,92974.0,24892400.3,26041995.9389,0.0
100,2022-04-11 02:00:00,1.026,1.033,0.917,0.92,159034131.6,2022-04-12 01:59:59.999,154099625.6197,236922.0,72693182.2,70433193.6254,0.0
101,2022-04-12 02:00:00,0.919,0.982,0.915,0.955,115179052.5,2022-04-13 01:59:59.999,109425977.488,167562.0,57693607.0,54813130.4514,0.0
102,2022-04-13 02:00:00,0.954,0.981,0.934,0.974,83269578.6,2022-04-14 01:59:59.999,79890065.9798,112129.0,43065996.8,41359045.2459,0.0
103,2022-04-14 02:00:00,0.974,0.985,0.923,0.933,84093379.2,2022-04-15 01:59:59.999,80111053.2067,118462.0,38912059.1,37117778.6441,0.0
104,2022-04-15 02:00:00,0.933,0.959,0.929,0.956,42541809.7,2022-04-16 01:59:59.999,40346404.5214,64036.0,20926706.7,19851156.1723,0.0
105,2022-04-16 02:00:00,0.955,0.962,0.937,0.951,36809858.4,2022-04-17 01:59:59.999,34998947.7004,55559.0,17676225.8,16816860.4776,0.0
106,2022-04-17 02:00:00,0.95,0.963,0.912,0.914,42819442.0,2022-04-18 01:59:59.999,40310611.7353,68140.0,19981291.1,18825894.1494,0.0
107,2022-04-18 02:00:00,0.914,0.939,0.874,0.937,118870539.6,2022-04-19 01:59:59.999,107348406.1814,157240.0,58326637.1,52740274.8379,0.0
108,2022-04-19 02:00:00,0.936,0.957,0.927,0.952,75432689.7,2022-04-20 01:59:59.999,70879191.9439,95583.0,37647394.2,35390633.7593,0.0
109,2022-04-20 02:00:00,0.952,0.976,0.93,0.937,93644303.6,2022-04-21 01:59:59.999,89151003.9477,125231.0,45069296.4,42939466.9351,0.0
110,2022-04-21 02:00:00,0.937,0.971,0.891,0.91,105007978.4,2022-04-22 01:59:59.999,98683813.6459,150741.0,50937770.0,47903038.3822,0.0
111,2022-04-22 02:00:00,0.91,0.924,0.891,0.906,82391016.7,2022-04-23 01:59:59.999,74969570.3452,96782.0,38366222.9,34929641.6723,0.0
112,2022-04-23 02:00:00,0.906,0.913,0.881,0.886,34559067.5,2022-04-24 01:59:59.999,30978218.3297,56634.0,15812715.8,14181225.4564,0.0
113,2022-04-24 02:00:00,0.886,0.899,0.877,0.886,49191017.0,2022-04-25 01:59:59.999,43699800.4742,70622.0,22550246.9,20038357.4457,0.0
114,2022-04-25 02:00:00,0.885,0.9039,0.8261,0.8974,171944524.5,2022-04-26 01:59:59.999,148027393.73861,277318.0,82475298.6,70974176.42565,0.0
115,2022-04-26 02:00:00,0.8975,0.903,0.815,0.8259,176710067.0,2022-04-27 01:59:59.999,151087067.46235,273090.0,80509678.4,68921649.90842,0.0
116,2022-04-27 02:00:00,0.8258,0.8562,0.8187,0.8401,148780516.9,2022-04-28 01:59:59.999,124685106.18968,234750.0,75378198.0,63182492.47582,0.0
117,2022-04-28 02:00:00,0.8401,0.8526,0.8258,0.8432,134885232.9,2022-04-29 01:59:59.999,113478674.58921,189397.0,67156437.8,56494787.57569,0.0
118,2022-04-29 02:00:00,0.8432,0.8495,0.7891,0.8048,139320128.3,2022-04-30 01:59:59.999,113905864.56138,193102.0,66368800.5,54269104.62286,0.0
119,2022-04-30 02:00:00,0.805,0.8179,0.7351,0.7556,147364161.34,2022-05-01 01:59:59.999,115290631.74037,209037.0,70694875.0,55392645.43586,0.0
120,2022-05-01 02:00:00,0.7555,0.8002,0.7451,0.7895,137793227.3,2022-05-02 01:59:59.999,106582681.5401,207348.0,66750097.4,51633074.2073,0.0
121,2022-05-02 02:00:00,0.7894,0.7968,0.7636,0.7809,128907016.8,2022-05-03 01:59:59.999,100687424.37431,191863.0,64656968.6,50500094.06167,0.0
122,2022-05-03 02:00:00,0.7808,0.7994,0.7605,0.7711,96429722.5,2022-05-04 01:59:59.999,75410127.88362,144918.0,47925179.4,37463768.15689,0.0
123,2022-05-04 02:00:00,0.7712,0.8992,0.7677,0.8985,256649760.0,2022-05-05 01:59:59.999,213655126.17362,413280.0,131688959.4,109579531.29404,0.0
124,2022-05-05 02:00:00,0.8986,0.9058,0.7716,0.7884,364970629.3,2022-05-06 01:59:59.999,304513975.74832,574367.0,179080877.3,149545531.51579,0.0
125,2022-05-06 02:00:00,0.7884,0.7997,0.7625,0.7832,244058670.2,2022-05-07 01:59:59.999,191381224.54187,367204.0,121818653.3,95537447.27456,0.0
126,2022-05-07 02:00:00,0.7832,0.7858,0.7467,0.7604,126808896.0,2022-05-08 01:59:59.999,97951871.70325,173806.0,60759914.6,46957053.63092,0.0
127,2022-05-08 02:00:00,0.7605,0.7663,0.7254,0.7403,175139530.39,2022-05-09 01:59:59.999,130209850.910652,236153.0,84619664.6,62924917.21428,0.0
128,2022-05-09 02:00:00,0.7404,0.7542,0.5976,0.6019,472342566.94,2022-05-10 01:59:59.999,315923785.342392,741784.0,227186490.32,151909271.724514,0.0
129,2022-05-10 02:00:00,0.6025,0.701,0.5833,0.6286,436850308.6,2022-05-11 01:59:59.999,283217801.10111,751497.0,219301763.5,142231857.4617,0.0
130,2022-05-11 02:00:00,0.6286,0.6631,0.4727,0.5187,623456066.51,2022-05-12 01:59:59.999,361445760.601075,1045207.0,300556900.44,174695898.939392,0.0
131,2022-05-12 02:00:00,0.5186,0.5508,0.4019,0.4733,815465798.46,2022-05-13 01:59:59.999,375840228.055986,1165637.0,405974288.5,187367607.63957,0.0
132,2022-05-13 02:00:00,0.4733,0.6094,0.4689,0.529,458070252.8,2022-05-14 01:59:59.999,253922648.53897,695710.0,225640585.1,125049327.88592,0.0
133,2022-05-14 02:00:00,0.5289,0.5572,0.4888,0.5372,253441055.6,2022-05-15 01:59:59.999,132311337.3741,422322.0,125166336.9,65364448.60597,0.0
134,2022-05-15 02:00:00,0.5374,0.5999,0.5148,0.5981,195264575.4,2022-05-16 01:59:59.999,108585670.20941,327792.0,97691998.8,54375488.68431,0.0
135,2022-05-16 02:00:00,0.5982,0.6146,0.5444,0.5569,280903516.1,2022-05-17 01:59:59.999,159793334.64289,465282.0,134195479.8,76346603.2761,0.0
136,2022-05-17 02:00:00,0.5569,0.5999,0.5511,0.5778,178084619.6,2022-05-18 01:59:59.999,102370872.2906,315535.0,88401271.6,50811297.99984,0.0
137,2022-05-18 02:00:00,0.5776,0.5863,0.5026,0.5059,203077123.9,2022-05-19 01:59:59.999,109204097.70007,325319.0,98787500.2,53106646.98056,0.0
138,2022-05-19 02:00:00,0.5059,0.5467,0.4917,0.5334,205816006.7,2022-05-20 01:59:59.999,107511001.865,310518.0,101921911.9,53230393.70054,0.0
139,2022-05-20 02:00:00,0.5334,0.545,0.5012,0.5162,174293262.6,2022-05-21 01:59:59.999,91285754.18405,258211.0,88466784.1,46320019.98231,0.0
140,2022-05-21 02:00:00,0.5162,0.5388,0.5086,0.5286,85487336.0,2022-05-22 01:59:59.999,45014383.53085,134493.0,42063455.4,22149024.98364,0.0
141,2022-05-22 02:00:00,0.5286,0.5488,0.5219,0.5416,104514258.8,2022-05-23 01:59:59.999,56137371.78749,149250.0,51878916.1,27896334.08051,0.0
142,2022-05-23 02:00:00,0.5416,0.5595,0.5039,0.5134,189427959.8,2022-05-24 01:59:59.999,101951558.22317,271571.0,95461197.2,51366397.74152,0.0
143,2022-05-24 02:00:00,0.5133,0.5255,0.4927,0.5219,170905795.6,2022-05-25 01:59:59.999,87550942.7627,177961.0,83721980.3,42889155.95733,0.0
144,2022-05-25 02:00:00,0.5218,0.5328,0.5071,0.5146,133554250.3,2022-05-26 01:59:59.999,69046651.59821,145961.0,65738876.1,33974863.55584,0.0
145,2022-05-26 02:00:00,0.5145,0.521,0.4614,0.4789,243664954.1,2022-05-27 01:59:59.999,119303698.33202,255129.0,119737412.7,58609269.57727,0.0
146,2022-05-27 02:00:00,0.4788,0.4839,0.4454,0.4566,268406015.6,2022-05-28 01:59:59.999,123982040.01051,278146.0,132187406.4,61078410.27387,0.0
147,2022-05-28 02:00:00,0.4566,0.4693,0.4481,0.4646,105935970.4,2022-05-29 01:59:59.999,48699017.69142,111150.0,52981406.3,24361722.22343,0.0
148,2022-05-29 02:00:00,0.4646,0.4827,0.4559,0.482,88626528.9,2022-05-30 01:59:59.999,41608754.06332,97923.0,46065144.5,21628684.56862,0.0
149,2022-05-30 02:00:00,0.4819,0.5777,0.4772,0.5698,259278313.4,2022-05-31 01:59:59.999,137534136.01408,322644.0,134510610.1,71387427.77757,0.0
150,2022-05-31 02:00:00,0.5698,0.6893,0.5678,0.6268,663619489.7,2022-06-01 01:59:59.999,419357527.62486,1006434.0,331524738.3,209395401.95672,0.0
151,2022-06-01 02:00:00,0.6266,0.6314,0.5359,0.5516,355477399.6,2022-06-02 01:59:59.999,207077770.67488,455720.0,174782896.5,101776792.52181,0.0
152,2022-06-02 02:00:00,0.5517,0.5981,0.5487,0.5871,306125734.2,2022-06-03 01:59:59.999,175597999.00685,410361.0,154833926.7,88834336.56909,0.0
153,2022-06-03 02:00:00,0.5872,0.6055,0.539,0.56,206257910.9,2022-06-04 01:59:59.999,116992848.81495,300561.0,102831989.5,58317588.42559,0.0
154,2022-06-04 02:00:00,0.56,0.5718,0.5449,0.5665,108779268.9,2022-06-05 01:59:59.999,60846034.84104,166996.0,54374282.1,30424849.38977,0.0
155,2022-06-05 02:00:00,0.5666,0.5808,0.5538,0.5674,95277593.6,2022-06-06 01:59:59.999,54027559.10099,126913.0,48975962.9,27785244.47815,0.0
156,2022-06-06 02:00:00,0.5675,0.6472,0.5651,0.6091,341502376.8,2022-06-07 01:59:59.999,210111671.92015,453386.0,174556496.7,107446478.06378,0.0
157,2022-06-07 02:00:00,0.6091,0.645,0.5715,0.6141,338812294.7,2022-06-08 01:59:59.999,205352604.40458,471354.0,167261866.9,101405095.98204,0.0
158,2022-06-08 02:00:00,0.614,0.6696,0.6087,0.6408,394267374.7,2022-06-09 01:59:59.999,253883949.48087,581779.0,196220274.4,126388176.58922,0.0
159,2022-06-09 02:00:00,0.6407,0.6579,0.6258,0.6323,192310885.5,2022-06-10 01:59:59.999,123401495.81414,282642.0,96223569.2,61773899.05154,0.0
160,2022-06-10 02:00:00,0.6323,0.6361,0.57,0.5744,272263844.1,2022-06-11 01:59:59.999,162542356.57568,358386.0,136142775.4,81222370.52345,0.0
161,2022-06-11 02:00:00,0.5744,0.6175,0.543,0.554,300758115.7,2022-06-12 01:59:59.999,172700700.1128,374455.0,149315564.6,85758926.11045,0.0
162,2022-06-12 02:00:00,0.5541,0.561,0.4893,0.4904,397530507.9,2022-06-13 01:59:59.999,206803633.39901,469363.0,194256087.4,101105889.40628,0.0
163,2022-06-13 02:00:00,0.4904,0.4985,0.4366,0.4644,761583537.4,2022-06-14 01:59:59.999,352962846.74877,852871.0,378622633.8,175576025.33645,0.0
164,2022-06-14 02:00:00,0.4642,0.52,0.4369,0.4831,609069303.4,2022-06-15 01:59:59.999,294811430.56791,744052.0,303383282.9,146971066.81698,0.0
165,2022-06-15 02:00:00,0.4831,0.5393,0.4483,0.5348,628287744.0,2022-06-16 01:59:59.999,303575079.58861,794143.0,318238258.5,153868592.90912,0.0
166,2022-06-16 02:00:00,0.5347,0.5472,0.4673,0.4762,360176076.1,2022-06-17 01:59:59.999,180247004.87872,447662.0,177855293.7,88975462.33456,0.0
167,2022-06-17 02:00:00,0.4762,0.504,0.4717,0.4872,221261441.4,2022-06-18 01:59:59.999,108323356.32765,268808.0,107184324.4,52473069.30131,0.0
168,2022-06-18 02:00:00,0.4871,0.4953,0.4206,0.4549,383466178.7,2022-06-19 01:59:59.999,174806284.46655,434016.0,188754268.2,86037405.45981,0.0
169,2022-06-19 02:00:00,0.4548,0.49,0.4359,0.4848,304390171.7,2022-06-20 01:59:59.999,140851798.29959,352806.0,153614063.9,71092480.9997,0.0
170,2022-06-20 02:00:00,0.4849,0.5088,0.4613,0.4915,309797825.1,2022-06-21 01:59:59.999,150592838.51178,373869.0,152800252.6,74271890.33921,0.0
171,2022-06-21 02:00:00,0.4915,0.5114,0.4751,0.4813,269304587.0,2022-06-22 01:59:59.999,133582879.8169,336782.0,135015286.5,66974851.02379,0.0
172,2022-06-22 02:00:00,0.4813,0.4815,0.4559,0.4594,203592970.7,2022-06-23 01:59:59.999,95339778.91015,235107.0,97561351.8,45698654.52262,0.0
173,2022-06-23 02:00:00,0.4594,0.4831,0.4563,0.48,160787911.2,2022-06-24 01:59:59.999,75878540.6978,175347.0,81747218.6,38588633.80883,0.0
174,2022-06-24 02:00:00,0.48,0.5097,0.4762,0.4981,241562561.8,2022-06-25 01:59:59.999,119934896.12403,274333.0,120407724.1,59774316.24439,0.0
175,2022-06-25 02:00:00,0.4982,0.5078,0.4783,0.4984,142417111.7,2022-06-26 01:59:59.999,70381037.05771,168307.0,68803509.8,34009313.49437,0.0
176,2022-06-26 02:00:00,0.4985,0.526,0.4885,0.4899,211856675.9,2022-06-27 01:59:59.999,107772457.29959,249977.0,105772025.0,53804316.87672,0.0
177,2022-06-27 02:00:00,0.4899,0.5088,0.4756,0.4856,157303921.4,2022-06-28 01:59:59.999,77606254.36506,179939.0,79453603.2,39208187.63621,0.0
178,2022-06-28 02:00:00,0.4855,0.4975,0.4671,0.4694,163559982.8,2022-06-29 01:59:59.999,78948406.06234,186022.0,78703385.9,38002713.98739,0.0
179,2022-06-29 02:00:00,0.4693,0.4772,0.4588,0.4662,166130162.2,2022-06-30 01:59:59.999,77773512.88053,171783.0,79642286.4,37290048.81748,0.0
180,2022-06-30 02:00:00,0.4662,0.4677,0.4352,0.4599,212174584.9,2022-07-01 01:59:59.999,95075676.72616,216004.0,106495608.1,47720104.264,0.0
181,2022-07-01 02:00:00,0.4599,0.475,0.4427,0.4487,182788187.1,2022-07-02 01:59:59.999,83081567.6807,182713.0,90547200.6,41168927.2416,0.0
182,2022-07-02 02:00:00,0.4487,0.4617,0.4408,0.4559,109165380.7,2022-07-03 01:59:59.999,49191448.48722,103433.0,54511257.6,24560752.90044,0.0
183,2022-07-03 02:00:00,0.4558,0.46,0.4436,0.4561,90832805.9,2022-07-04 01:59:59.999,41041921.16475,92146.0,45450204.0,20539076.68531,0.0
184,2022-07-04 02:00:00,0.456,0.4765,0.4445,0.4695,196991430.2,2022-07-05 01:59:59.999,90547253.01091,184438.0,97916231.9,45009548.43524,0.0
185,2022-07-05 02:00:00,0.4695,0.4717,0.4447,0.4571,171538047.7,2022-07-06 01:59:59.999,78479359.61598,159310.0,82749025.6,37860964.76144,0.0
186,2022-07-06 02:00:00,0.4571,0.4656,0.447,0.4623,139221841.0,2022-07-07 01:59:59.999,63728969.98517,126851.0,70034300.9,32068575.59936,0.0
187,2022-07-07 02:00:00,0.4623,0.4827,0.4609,0.4776,142206515.1,2022-07-08 01:59:59.999,66929708.46981,131996.0,72476935.8,34116932.32261,0.0
188,2022-07-08 02:00:00,0.4775,0.493,0.46,0.4661,170807637.3,2022-07-09 01:59:59.999,80808813.22228,180769.0,84870910.1,40157789.06687,0.0
189,2022-07-09 02:00:00,0.4661,0.4849,0.4653,0.478,100774030.7,2022-07-10 01:59:59.999,48163760.13868,116114.0,49465696.6,23644220.99802,0.0
190,2022-07-10 02:00:00,0.4781,0.4798,0.4552,0.4624,115262368.1,2022-07-11 01:59:59.999,53751291.74261,109497.0,54031048.7,25190426.15197,0.0
191,2022-07-11 02:00:00,0.4625,0.4628,0.4316,0.4347,162045832.1,2022-07-12 01:59:59.999,72500824.71716,165486.0,76861826.2,34383623.09652,0.0
192,2022-07-12 02:00:00,0.4347,0.4425,0.4156,0.4171,139595801.6,2022-07-13 01:59:59.999,60188310.95787,132808.0,67572021.5,29143478.13447,0.0
193,2022-07-13 02:00:00,0.4171,0.4422,0.4023,0.4383,265120837.4,2022-07-14 01:59:59.999,111631781.47776,219814.0,132163289.3,55676230.91374,0.0
194,2022-07-14 02:00:00,0.4383,0.4465,0.417,0.4416,208166850.3,2022-07-15 01:59:59.999,89817605.08748,161281.0,105365446.4,45477827.63353,0.0
195,2022-07-15 02:00:00,0.4417,0.4536,0.4326,0.4421,187707381.7,2022-07-16 01:59:59.999,82956659.08532,149271.0,97110731.3,42938343.47677,0.0
196,2022-07-16 02:00:00,0.4421,0.4591,0.4316,0.4578,147996093.0,2022-07-17 01:59:59.999,66098071.70082,132608.0,74143492.2,33126978.78578,0.0
197,2022-07-17 02:00:00,0.4578,0.466,0.4421,0.4478,153582187.8,2022-07-18 01:59:59.999,69559410.06062,137153.0,76717843.7,34754855.23951,0.0
198,2022-07-18 02:00:00,0.4478,0.4998,0.4457,0.4904,383712607.4,2022-07-19 01:59:59.999,184055804.57396,353973.0,189987243.4,91114076.89519,0.0
199,2022-07-19 02:00:00,0.4904,0.526,0.4733,0.5152,386358308.6,2022-07-20 01:59:59.999,192345105.51031,391077.0,198125136.3,98676939.88965,0.0
200,2022-07-20 02:00:00,0.5152,0.5487,0.4868,0.491,389779718.7,2022-07-21 01:59:59.999,202518393.71977,408063.0,193278403.4,100505192.19055,0.0
201,2022-07-21 02:00:00,0.491,0.5023,0.4756,0.4993,261898181.1,2022-07-22 01:59:59.999,127916182.75465,247529.0,127097139.2,62107678.67944,0.0
202,2022-07-22 02:00:00,0.4994,0.5114,0.477,0.4828,200329666.4,2022-07-23 01:59:59.999,99432126.04535,196336.0,97861098.2,48600240.63722,0.0
203,2022-07-23 02:00:00,0.4827,0.5186,0.473,0.517,199660186.4,2022-07-24 01:59:59.999,98131475.97387,207295.0,98958254.8,48632264.06779,0.0
204,2022-07-24 02:00:00,0.5171,0.5368,0.5095,0.512,233306136.5,2022-07-25 01:59:59.999,121580637.36585,271496.0,117077962.2,61042635.91257,0.0
205,2022-07-25 02:00:00,0.512,0.5154,0.4741,0.4752,200850290.9,2022-07-26 01:59:59.999,98894494.41509,218306.0,95559514.8,47037959.54568,0.0
206,2022-07-26 02:00:00,0.4752,0.4774,0.451,0.4677,213068947.5,2022-07-27 01:59:59.999,98785176.07476,205216.0,105230372.3,48782847.12062,0.0
207,2022-07-27 02:00:00,0.4678,0.5122,0.4588,0.5111,290166822.0,2022-07-28 01:59:59.999,140072070.82494,311114.0,145531330.4,70250655.26181,0.0
208,2022-07-28 02:00:00,0.5112,0.5242,0.4885,0.513,306444781.5,2022-07-29 01:59:59.999,155541635.45628,319326.0,158061234.1,80279722.08436,0.0
209,2022-07-29 02:00:00,0.5131,0.5454,0.5064,0.5218,320668702.7,2022-07-30 01:59:59.999,168837048.55654,391235.0,159917532.6,84254329.33299,0.0
210,2022-07-30 02:00:00,0.5219,0.556,0.509,0.5263,271896568.2,2022-07-31 01:59:59.999,144247588.63467,306837.0,134850826.4,71527708.54543,0.0
211,2022-07-31 02:00:00,0.5263,0.5443,0.5125,0.5161,174783511.5,2022-08-01 01:59:59.999,92491106.76508,199465.0,84730072.6,44850023.99632,0.0
212,2022-08-01 02:00:00,0.5161,0.5262,0.5007,0.5124,158798003.7,2022-08-02 01:59:59.999,81478272.91282,174209.0,78886167.1,40475859.21777,0.0
213,2022-08-02 02:00:00,0.5125,0.5155,0.4886,0.4963,182796003.4,2022-08-03 01:59:59.999,91142608.34405,214245.0,88201727.3,43995253.47446,0.0
214,2022-08-03 02:00:00,0.4963,0.5167,0.489,0.5005,124963960.7,2022-08-04 01:59:59.999,63277801.14024,157109.0,62027852.3,31413343.65634,0.0
215,2022-08-04 02:00:00,0.5006,0.5112,0.4934,0.4997,102892954.2,2022-08-05 01:59:59.999,51580016.92275,135059.0,50221676.4,25175425.7759,0.0
216,2022-08-05 02:00:00,0.4998,0.5193,0.4993,0.5174,112189883.6,2022-08-06 01:59:59.999,57290535.29879,134823.0,56838071.1,29030033.83907,0.0
217,2022-08-06 02:00:00,0.5174,0.5234,0.51,0.5112,78090180.3,2022-08-07 01:59:59.999,40367066.54263,89111.0,39737228.8,20547752.85072,0.0
218,2022-08-07 02:00:00,0.5114,0.5385,0.5063,0.5276,111026235.8,2022-08-08 01:59:59.999,58035923.63015,129702.0,57614498.3,30122019.71698,0.0
219,2022-08-08 02:00:00,0.5276,0.5496,0.523,0.5371,161524833.4,2022-08-09 01:59:59.999,86914353.50489,180884.0,80069947.0,43084599.93814,0.0
220,2022-08-09 02:00:00,0.5371,0.5374,0.5057,0.5129,143030490.2,2022-08-10 01:59:59.999,74616854.75601,153935.0,66057381.1,34452649.02127,0.0
221,2022-08-10 02:00:00,0.5128,0.5389,0.502,0.5374,168972340.2,2022-08-11 01:59:59.999,88680355.87196,192209.0,87371324.8,45888264.23763,0.0
222,2022-08-11 02:00:00,0.5374,0.5476,0.5286,0.5303,155468308.4,2022-08-12 01:59:59.999,83894273.25094,175859.0,77485038.8,41818326.57108,0.0
223,2022-08-12 02:00:00,0.5302,0.542,0.5205,0.5402,106913181.8,2022-08-13 01:59:59.999,56798284.45327,120804.0,52287298.9,27790188.69345,0.0
224,2022-08-13 02:00:00,0.5403,0.5677,0.5378,0.5593,193063122.5,2022-08-14 01:59:59.999,107428365.93251,235604.0,100409214.4,55859049.67659,0.0
225,2022-08-14 02:00:00,0.5592,0.5948,0.5567,0.5695,236011611.2,2022-08-15 01:59:59.999,136834261.4816,286026.0,115086144.6,66762351.44327,0.0
226,2022-08-15 02:00:00,0.5695,0.5824,0.5427,0.5499,190761668.9,2022-08-16 01:59:59.999,106781679.52693,216862.0,87630699.7,49090470.04506,0.0
227,2022-08-16 02:00:00,0.5499,0.5704,0.5475,0.557,146450653.2,2022-08-17 01:59:59.999,81971962.43651,177475.0,71235964.0,39886623.42254,0.0
228,2022-08-17 02:00:00,0.5569,0.5834,0.5304,0.5384,234245028.0,2022-08-18 01:59:59.999,129841944.08433,276728.0,115582402.6,64164043.92891,0.0
229,2022-08-18 02:00:00,0.5384,0.5441,0.5075,0.5119,132313932.3,2022-08-19 01:59:59.999,70289325.27204,152702.0,63981794.5,33994274.23026,0.0
230,2022-08-19 02:00:00,0.5119,0.5121,0.4461,0.45,328230521.1,2022-08-20 01:59:59.999,155307737.89319,321047.0,161500954.4,76412557.16907,0.0
231,2022-08-20 02:00:00,0.4499,0.4632,0.4347,0.4508,211122393.3,2022-08-21 01:59:59.999,95611356.93429,187026.0,105701528.5,47870274.58215,0.0
232,2022-08-21 02:00:00,0.4508,0.4726,0.4468,0.4626,169047210.7,2022-08-22 01:59:59.999,77737680.83962,148360.0,85819511.4,39463875.50307,0.0
233,2022-08-22 02:00:00,0.4627,0.4632,0.4374,0.4615,189193918.6,2022-08-23 01:59:59.999,85333908.79942,162911.0,95703768.3,43165400.37022,0.0
234,2022-08-23 02:00:00,0.4614,0.47,0.4457,0.4658,124261125.9,2022-08-24 01:59:59.999,56977430.74636,130366.0,64763011.6,29689920.9647,0.0
235,2022-08-24 02:00:00,0.4659,0.4691,0.4536,0.4578,103361101.6,2022-08-25 01:59:59.999,47594285.66466,108955.0,50904042.8,23443664.92015,0.0
236,2022-08-25 02:00:00,0.4578,0.4741,0.4574,0.4645,119929958.0,2022-08-26 01:59:59.999,55717466.58755,112831.0,62446800.9,29016953.89409,0.0
237,2022-08-26 02:00:00,0.4645,0.482,0.4257,0.4316,375988353.5,2022-08-27 01:59:59.999,173588167.68118,326545.0,187613028.2,86764029.37432,0.0
238,2022-08-27 02:00:00,0.4315,0.4514,0.4258,0.4499,188501508.5,2022-08-28 01:59:59.999,82887367.56263,167683.0,93722456.3,41213933.54063,0.0
239,2022-08-28 02:00:00,0.4498,0.4544,0.4274,0.4293,131217761.8,2022-08-29 01:59:59.999,58095473.22378,126151.0,65884235.2,29173417.01678,0.0
240,2022-08-29 02:00:00,0.4293,0.453,0.4236,0.4504,144932469.0,2022-08-30 01:59:59.999,63485522.36355,128018.0,72982989.6,31968724.87057,0.0
241,2022-08-30 02:00:00,0.4503,0.4628,0.4385,0.4531,153120426.8,2022-08-31 01:59:59.999,68971751.04596,158497.0,76135969.2,34346632.55687,0.0
242,2022-08-31 02:00:00,0.4531,0.4631,0.4446,0.4462,115611898.1,2022-09-01 01:59:59.999,52745269.16891,143809.0,56601174.9,25844919.59257,0.0
243,2022-09-01 02:00:00,0.4461,0.4624,0.4407,0.4575,126696718.0,2022-09-02 01:59:59.999,57008792.40598,136951.0,62789033.9,28257121.24968,0.0
244,2022-09-02 02:00:00,0.4575,0.4665,0.4487,0.4543,106798749.5,2022-09-03 01:59:59.999,48875892.80117,113867.0,53439150.1,24469961.92887,0.0
245,2022-09-03 02:00:00,0.4544,0.486,0.4535,0.4803,182225091.7,2022-09-04 01:59:59.999,86357210.97233,198189.0,93791726.0,44445709.64613,0.0
246,2022-09-04 02:00:00,0.4803,0.51,0.4756,0.5035,199924106.3,2022-09-05 01:59:59.999,99202273.65332,214052.0,103471180.5,51339679.82091,0.0
247,2022-09-05 02:00:00,0.5035,0.5076,0.4826,0.4984,141753954.4,2022-09-06 01:59:59.999,69731932.30549,159657.0,68623857.1,33764488.52652,0.0
248,2022-09-06 02:00:00,0.4985,0.5122,0.4592,0.4625,233944338.0,2022-09-07 01:59:59.999,114451828.27769,267081.0,114714848.7,56253278.38721,0.0
249,2022-09-07 02:00:00,0.4625,0.4821,0.4536,0.4787,139305299.9,2022-09-08 01:59:59.999,64906839.20856,147638.0,67906545.7,31665797.65323,0.0
250,2022-09-08 02:00:00,0.4787,0.4831,0.4627,0.479,113848178.5,2022-09-09 01:59:59.999,53876187.84744,123035.0,55180048.4,26120030.56645,0.0
251,2022-09-09 02:00:00,0.4791,0.505,0.4783,0.5022,179504511.2,2022-09-10 01:59:59.999,88451502.7363,189194.0,94056223.7,46345166.3235,0.0
252,2022-09-10 02:00:00,0.5022,0.5242,0.4945,0.5121,194060696.5,2022-09-11 01:59:59.999,99626007.79046,243238.0,99482480.4,51074537.70144,0.0
253,2022-09-11 02:00:00,0.5121,0.5199,0.5,0.5098,129240731.5,2022-09-12 01:59:59.999,66100249.60976,140891.0,64238995.4,32865611.96444,0.0
254,2022-09-12 02:00:00,0.5098,0.5197,0.4958,0.5012,168685217.5,2022-09-13 01:59:59.999,85772065.7669,181094.0,83488451.3,42479706.92183,0.0
255,2022-09-13 02:00:00,0.5013,0.509,0.4612,0.4635,232872260.6,2022-09-14 01:59:59.999,112412238.59918,245788.0,112470213.6,54300633.89928,0.0
256,2022-09-14 02:00:00,0.4635,0.4871,0.462,0.4809,139528796.3,2022-09-15 01:59:59.999,66491294.4924,154898.0,67539660.6,32192421.58439,0.0
257,2022-09-15 02:00:00,0.4807,0.482,0.4619,0.4662,131971420.4,2022-09-16 01:59:59.999,62202501.32577,167604.0,63937843.0,30142164.15965,0.0
258,2022-09-16 02:00:00,0.4662,0.4747,0.454,0.4746,102993446.9,2022-09-17 01:59:59.999,47695896.31466,105894.0,49835102.1,23091640.33927,0.0
259,2022-09-17 02:00:00,0.4746,0.4883,0.4723,0.4859,100281140.5,2022-09-18 01:59:59.999,48108806.27672,110117.0,51616473.4,24777074.31155,0.0
260,2022-09-18 02:00:00,0.4859,0.4904,0.4403,0.4477,128727598.1,2022-09-19 01:59:59.999,60081473.98981,158464.0,58417836.4,27291927.48051,0.0
261,2022-09-19 02:00:00,0.4477,0.457,0.4332,0.4527,182324362.8,2022-09-20 01:59:59.999,80666453.53299,164372.0,89171824.2,39487654.99093,0.0
262,2022-09-20 02:00:00,0.4527,0.4545,0.4373,0.4422,107529839.9,2022-09-21 01:59:59.999,47790848.64453,103395.0,52269798.6,23228970.09915,0.0
263,2022-09-21 02:00:00,0.4423,0.4645,0.4313,0.4389,285433830.3,2022-09-22 01:59:59.999,127818721.37836,283263.0,138424117.0,62085992.44732,0.0
264,2022-09-22 02:00:00,0.4388,0.4666,0.4343,0.4584,155204297.3,2022-09-23 01:59:59.999,70261926.87895,156812.0,78402554.5,35490625.78679,0.0
265,2022-09-23 02:00:00,0.4583,0.4825,0.446,0.4618,210001077.3,2022-09-24 01:59:59.999,96724525.74195,231666.0,102088803.2,47038068.09511,0.0
266,2022-09-24 02:00:00,0.4619,0.4689,0.4504,0.4511,122469926.2,2022-09-25 01:59:59.999,56445824.83188,127076.0,63502553.5,29285745.62288,0.0
267,2022-09-25 02:00:00,0.451,0.4628,0.4385,0.4464,112039917.9,2022-09-26 01:59:59.999,50602220.32025,102352.0,56541718.9,25548070.41735,0.0
268,2022-09-26 02:00:00,0.4462,0.4507,0.4365,0.4473,125876450.8,2022-09-27 01:59:59.999,55919382.66375,115519.0,62130028.0,27601719.00085,0.0
269,2022-09-27 02:00:00,0.4473,0.4633,0.4373,0.4411,148327423.1,2022-09-28 01:59:59.999,67019502.9612,138569.0,70095713.7,31677530.80491,0.0
270,2022-09-28 02:00:00,0.4414,0.4431,0.4251,0.4361,126497310.3,2022-09-29 01:59:59.999,54812532.98835,121485.0,61033953.3,26442922.5801,0.0
271,2022-09-29 02:00:00,0.4362,0.4394,0.4277,0.4381,120381859.1,2022-09-30 01:59:59.999,52239546.20642,104043.0,59283357.2,25744104.16185,0.0
272,2022-09-30 02:00:00,0.4382,0.4415,0.4293,0.4347,120942156.5,2022-10-01 01:59:59.999,52581142.20206,104996.0,60640998.4,26368817.67389,0.0
273,2022-10-01 02:00:00,0.4346,0.4364,0.4275,0.43,61750878.7,2022-10-02 01:59:59.999,26665782.65754,51688.0,29299699.8,12656148.29033,0.0
274,2022-10-02 02:00:00,0.4301,0.4328,0.4176,0.4194,79897439.7,2022-10-03 01:59:59.999,33983983.25115,75358.0,37186756.8,15823560.29012,0.0
275,2022-10-03 02:00:00,0.4195,0.4288,0.4158,0.4276,97901531.3,2022-10-04 01:59:59.999,41492690.08411,80871.0,49400692.9,20945009.65827,0.0
276,2022-10-04 02:00:00,0.4276,0.4377,0.4253,0.4355,89193827.3,2022-10-05 01:59:59.999,38559189.5385,73491.0,47095914.3,20365784.03581,0.0
277,2022-10-05 02:00:00,0.4356,0.4367,0.4236,0.4309,86070134.7,2022-10-06 01:59:59.999,37012701.03207,72720.0,41060849.3,17661118.97752,0.0
278,2022-10-06 02:00:00,0.4309,0.437,0.4255,0.4288,87385034.1,2022-10-07 01:59:59.999,37708789.54476,73846.0,44808711.3,19344104.76923,0.0
279,2022-10-07 02:00:00,0.4288,0.4304,0.4215,0.424,85765776.0,2022-10-08 01:59:59.999,36466183.75028,76187.0,41778058.4,17764589.86288,0.0
280,2022-10-08 02:00:00,0.4239,0.4271,0.4188,0.4219,57044040.1,2022-10-09 01:59:59.999,24194790.76935,61876.0,26131699.7,11085732.49504,0.0
281,2022-10-09 02:00:00,0.4219,0.4242,0.419,0.423,50765905.1,2022-10-10 01:59:59.999,21434773.50635,55189.0,23364059.1,9866652.85218,0.0
282,2022-10-10 02:00:00,0.423,0.4268,0.3982,0.4012,108015329.8,2022-10-11 01:59:59.999,44710373.664072,102036.0,49076040.4,20340717.42524,0.0
283,2022-10-11 02:00:00,0.4011,0.4016,0.3837,0.3908,157186233.63,2022-10-12 01:59:59.999,62076335.426205,132746.0,75070491.0,29649399.6502,0.0
284,2022-10-12 02:00:00,0.3907,0.3954,0.376,0.3814,100681651.0,2022-10-13 01:59:59.999,39030321.52969,88106.0,50271973.1,19486151.54957,0.0
285,2022-10-13 02:00:00,0.3814,0.3824,0.349,0.3768,269611367.28,2022-10-14 01:59:59.999,99007956.02859,204294.0,130526639.3,47949117.99298,0.0
286,2022-10-14 02:00:00,0.3769,0.389,0.3606,0.3667,135534544.8,2022-10-15 01:59:59.999,51320624.20952,111634.0,73388520.2,27861286.54523,0.0
287,2022-10-15 02:00:00,0.3667,0.37,0.3612,0.3641,62954187.6,2022-10-16 01:59:59.999,23042598.66514,56049.0,31167964.2,11410162.02965,0.0
288,2022-10-16 02:00:00,0.3641,0.3749,0.3638,0.3703,61182203.2,2022-10-17 01:59:59.999,22511636.86224,53629.0,31736122.5,11681715.41941,0.0
289,2022-10-17 02:00:00,0.3703,0.3758,0.366,0.3723,66215062.2,2022-10-18 01:59:59.999,24553623.2531,56666.0,34776690.9,12896194.89731,0.0
290,2022-10-18 02:00:00,0.3724,0.3743,0.3569,0.3624,95363501.1,2022-10-19 01:59:59.999,34914456.16932,79683.0,45910187.6,16814303.21185,0.0
291,2022-10-19 02:00:00,0.3624,0.3624,0.347,0.3497,92329214.7,2022-10-20 01:59:59.999,32868771.34509,75085.0,43056794.0,15327325.05645,0.0
292,2022-10-20 02:00:00,0.3496,0.3557,0.3364,0.3402,111680559.0,2022-10-21 01:59:59.999,38777486.86413,89027.0,52522406.1,18235786.51256,0.0
293,2022-10-21 02:00:00,0.3402,0.3499,0.33,0.3492,127159385.38,2022-10-22 01:59:59.999,43236898.514784,97703.0,62801468.1,21362836.05547,0.0
294,2022-10-22 02:00:00,0.3492,0.3544,0.343,0.3513,71962552.0,2022-10-23 01:59:59.999,25145674.28437,58566.0,36039980.3,12595617.52464,0.0
295,2022-10-23 02:00:00,0.3513,0.3638,0.346,0.3621,85104357.9,2022-10-24 01:59:59.999,30126571.95587,71166.0,43186145.9,15299587.80817,0.0
296,2022-10-24 02:00:00,0.3621,0.3652,0.3533,0.3573,92438606.2,2022-10-25 01:59:59.999,33254095.74412,74681.0,44537002.7,16030007.90263,0.0
297,2022-10-25 02:00:00,0.3572,0.4173,0.3569,0.4,319472649.0,2022-10-26 01:59:59.999,125674457.88564,300765.0,169588039.3,66601795.11065,0.0
298,2022-10-26 02:00:00,0.4001,0.4122,0.3945,0.403,197702684.6,2022-10-27 01:59:59.999,79697606.0452,193617.0,104320167.8,42056766.22798,0.0
299,2022-10-27 02:00:00,0.403,0.4194,0.3861,0.3884,170796279.1,2022-10-28 01:59:59.999,68868223.54686,174202.0,84785715.4,34221245.25005,0.0
300,2022-10-28 02:00:00,0.3884,0.4115,0.3777,0.4044,139227634.2,2022-10-29 01:59:59.999,54818936.08623,137492.0,70287705.7,27700689.44536,0.0
301,2022-10-29 02:00:00,0.4044,0.44,0.4008,0.42,200912371.4,2022-10-30 01:59:59.999,84004083.80894,209662.0,101998020.5,42665390.05533,0.0
302,2022-10-30 02:00:00,0.4201,0.4216,0.3981,0.4056,117123022.0,2022-10-31 00:59:59.999,48145501.28376,128298.0,55881523.3,22975992.72746,0.0
303,2022-10-31 01:00:00,0.4057,0.4163,0.3975,0.4055,122659161.8,2022-11-01 00:59:59.999,49795540.26494,132386.0,60759014.6,24673687.43737,0.0
304,2022-11-01 01:00:00,0.4055,0.4154,0.3985,0.4011,88819285.6,2022-11-02 00:59:59.999,36132384.3077,94595.0,42790968.6,17415523.33755,0.0
305,2022-11-02 01:00:00,0.4012,0.4093,0.38,0.3856,168322996.7,2022-11-03 00:59:59.999,66511031.36371,177619.0,81576249.5,32258932.59223,0.0
306,2022-11-03 01:00:00,0.3856,0.3992,0.3842,0.3895,90983702.8,2022-11-04 00:59:59.999,35806496.7473,100272.0,44619392.8,17561570.08955,0.0
307,2022-11-04 01:00:00,0.3894,0.4263,0.3881,0.4216,233382097.9,2022-11-05 00:59:59.999,96007453.6155,216798.0,115864576.1,47629784.08137,0.0
308,2022-11-05 01:00:00,0.4216,0.4378,0.42,0.4264,165672546.7,2022-11-06 00:59:59.999,70942285.9697,174930.0,84508152.0,36198153.09506,0.0
309,2022-11-06 01:00:00,0.4263,0.431,0.4014,0.4021,112501696.2,2022-11-07 00:59:59.999,47162331.74329,131491.0,52169773.0,21901695.02585,0.0
310,2022-11-07 01:00:00,0.4021,0.4161,0.3975,0.4041,138637231.9,2022-11-08 00:59:59.999,56358873.26129,144459.0,70343696.1,28618376.81889,0.0
311,2022-11-08 01:00:00,0.404,0.4156,0.3463,0.3722,379698137.7,2022-11-09 00:59:59.999,145571726.14185,442925.0,186386469.7,71516688.2407,0.0
312,2022-11-09 01:00:00,0.3721,0.3766,0.31,0.3175,397998672.0,2022-11-10 00:59:59.999,139680206.32556,478567.0,192542032.4,67693784.84387,0.0
313,2022-11-10 01:00:00,0.3174,0.3793,0.3119,0.3687,361917813.6,2022-11-11 00:59:59.999,127859718.47873,490420.0,182522624.7,64507377.50624,0.0
314,2022-11-11 01:00:00,0.3688,0.3741,0.342,0.3556,191115121.1,2022-11-12 00:59:59.999,68232522.26415,240769.0,92789572.0,33119476.4084,0.0
315,2022-11-12 01:00:00,0.3557,0.3569,0.3362,0.3397,118816381.9,2022-11-13 00:59:59.999,40857174.32607,135497.0,60145272.4,20679615.31497,0.0
316,2022-11-13 01:00:00,0.3397,0.3453,0.3251,0.3298,146747692.7,2022-11-14 00:59:59.999,49125239.85673,169130.0,76730591.7,25694784.98256,0.0
317,2022-11-14 01:00:00,0.3299,0.3419,0.3142,0.3323,180688535.9,2022-11-15 00:59:59.999,59145613.82235,229414.0,89418810.9,29278001.71318,0.0
318,2022-11-15 01:00:00,0.3322,0.3449,0.3292,0.3373,103952732.7,2022-11-16 00:59:59.999,35089708.27033,117802.0,53666070.8,18126560.45358,0.0
319,2022-11-16 01:00:00,0.3373,0.3443,0.3237,0.332,102897046.5,2022-11-17 00:59:59.999,34283678.93925,109019.0,49811530.9,16605381.30212,0.0
320,2022-11-17 01:00:00,0.332,0.3345,0.3186,0.325,75533614.5,2022-11-18 00:59:59.999,24578226.32022,86816.0,36097898.0,11750350.43079,0.0
321,2022-11-18 01:00:00,0.3251,0.3325,0.3206,0.326,80892957.7,2022-11-19 00:59:59.999,26509239.61893,79339.0,43184950.9,14161735.32166,0.0
322,2022-11-19 01:00:00,0.326,0.3322,0.3213,0.328,49281576.1,2022-11-20 00:59:59.999,16051787.43165,61811.0,23656670.9,7710532.40369,0.0
323,2022-11-20 01:00:00,0.328,0.3312,0.31,0.312,87909126.7,2022-11-21 00:59:59.999,28100507.99389,98580.0,40294161.9,12885473.9523,0.0
324,2022-11-21 01:00:00,0.312,0.3133,0.2953,0.3046,162743368.09,2022-11-22 00:59:59.999,49635263.832341,158825.0,81070174.2,24738669.25039,0.0
325,2022-11-22 01:00:00,0.3046,0.3169,0.2982,0.3126,119265124.3,2022-11-23 00:59:59.999,36734548.01708,119038.0,60981935.4,18799776.49252,0.0
326,2022-11-23 01:00:00,0.3126,0.3204,0.3093,0.3185,130172804.6,2022-11-24 00:59:59.999,41071372.01836,114714.0,66665110.8,21046110.18083,0.0
327,2022-11-24 01:00:00,0.3185,0.3213,0.3116,0.3163,77452139.6,2022-11-25 00:59:59.999,24485083.30959,71156.0,37809261.8,11958487.76041,0.0
328,2022-11-25 01:00:00,0.3162,0.3173,0.3073,0.3146,81668650.3,2022-11-26 00:59:59.999,25530440.73286,67451.0,43038388.0,13465568.40065,0.0
329,2022-11-26 01:00:00,0.3147,0.3228,0.3109,0.3138,66377188.0,2022-11-27 00:59:59.999,21086337.98002,67347.0,33557782.0,10664709.50387,0.0
330,2022-11-27 01:00:00,0.3138,0.3196,0.3114,0.3126,50910598.2,2022-11-28 00:59:59.999,16108318.83643,53498.0,25538487.6,8082238.36896,0.0
331,2022-11-28 01:00:00,0.3126,0.3139,0.3,0.3066,118919688.1,2022-11-29 00:59:59.999,36327273.86126,101855.0,57593343.2,17602394.47275,0.0
332,2022-11-29 01:00:00,0.3066,0.3128,0.3042,0.3092,63045432.9,2022-11-30 00:59:59.999,19488880.01456,60043.0,34532956.8,10676903.9209,0.0
333,2022-11-30 01:00:00,0.3093,0.3209,0.3084,0.3187,103696273.3,2022-12-01 00:59:59.999,32673410.81614,98864.0,53367839.3,16824429.47226,0.0
334,2022-12-01 01:00:00,0.3186,0.32,0.3125,0.3145,69894876.1,2022-12-02 00:59:59.999,22092331.38627,66918.0,34517831.4,10913517.75822,0.0
335,2022-12-02 01:00:00,0.3144,0.32,0.3106,0.3191,62310109.4,2022-12-03 00:59:59.999,19680755.30877,68405.0,31244264.5,9871578.11069,0.0
336,2022-12-03 01:00:00,0.3192,0.3265,0.3162,0.3196,88483029.8,2022-12-04 00:59:59.999,28444511.3298,75652.0,45162198.2,14521168.64432,0.0
337,2022-12-04 01:00:00,0.3196,0.3241,0.3181,0.3221,58073868.4,2022-12-05 00:59:59.999,18651173.88099,54498.0,29052597.3,9332715.75797,0.0
338,2022-12-05 01:00:00,0.3222,0.329,0.3163,0.3193,68934870.6,2022-12-06 00:59:59.999,22271877.70034,67193.0,32275468.2,10432506.64475,0.0
339,2022-12-06 01:00:00,0.3193,0.3211,0.3135,0.3183,54889434.1,2022-12-07 00:59:59.999,17402842.34351,59086.0,25923424.1,8219130.36521,0.0
340,2022-12-07 01:00:00,0.3183,0.3199,0.3067,0.3102,80392338.0,2022-12-08 00:59:59.999,25000761.50357,68326.0,37963202.6,11807115.12909,0.0
341,2022-12-08 01:00:00,0.3103,0.3158,0.3072,0.3145,55078149.3,2022-12-09 00:59:59.999,17135098.53621,45329.0,27373504.3,8520245.51872,0.0
342,2022-12-09 01:00:00,0.3144,0.3166,0.3088,0.3118,50246553.9,2022-12-10 00:59:59.999,15725182.9416,47471.0,21834500.9,6833860.87419,0.0
343,2022-12-10 01:00:00,0.3119,0.315,0.3106,0.3126,23073305.7,2022-12-11 00:59:59.999,7211506.52281,23782.0,11003922.9,3439620.00395,0.0
344,2022-12-11 01:00:00,0.3126,0.315,0.3051,0.3074,38521495.3,2022-12-12 00:59:59.999,11960293.98154,35310.0,17165368.9,5330292.02515,0.0
345,2022-12-12 01:00:00,0.3073,0.3079,0.3004,0.3069,59718587.9,2022-12-13 00:59:59.999,18189907.8813,51594.0,26923983.6,8200617.46841,0.0
346,2022-12-13 01:00:00,0.3069,0.3187,0.2991,0.3142,125438617.5,2022-12-14 00:59:59.999,38715909.18072,98882.0,61741895.9,19058537.42455,0.0
347,2022-12-14 01:00:00,0.3142,0.3157,0.3053,0.3079,91418405.6,2022-12-15 00:59:59.999,28377028.14808,74395.0,43130288.7,13392421.63042,0.0
348,2022-12-15 01:00:00,0.308,0.3086,0.2962,0.3003,88292967.3,2022-12-16 00:59:59.999,26642862.92079,64079.0,41583089.5,12547361.6136,0.0
349,2022-12-16 01:00:00,0.3003,0.3013,0.255,0.2632,218355848.5,2022-12-17 00:59:59.999,61106298.135023,176444.0,95545914.52,26714221.629886,0.0
350,2022-12-17 01:00:00,0.2633,0.2678,0.2587,0.2672,164203460.7,2022-12-18 00:59:59.999,43257420.03598,120298.0,82745814.5,21807132.57828,0.0
351,2022-12-18 01:00:00,0.2672,0.2713,0.2627,0.2659,90386512.2,2022-12-19 00:59:59.999,24138629.78028,55328.0,44039307.1,11766153.31626,0.0
352,2022-12-19 01:00:00,0.266,0.2694,0.2488,0.2529,109679881.16,2022-12-20 00:59:59.999,28451460.05123,73700.0,52457995.8,13628818.55143,0.0
353,2022-12-20 01:00:00,0.2529,0.2621,0.2512,0.2587,79578969.4,2022-12-21 00:59:59.999,20468913.647,53843.0,40871795.0,10512893.76227,0.0
354,2022-12-21 01:00:00,0.2586,0.2593,0.2478,0.2534,93178931.7,2022-12-22 00:59:59.999,23527156.52491,57581.0,45172996.7,11404346.36432,0.0
355,2022-12-22 01:00:00,0.2534,0.2569,0.2465,0.2566,78100191.4,2022-12-23 00:59:59.999,19714944.87172,46739.0,39630851.8,10007593.14633,0.0
356,2022-12-23 01:00:00,0.2567,0.264,0.2554,0.2594,74119327.5,2022-12-24 00:59:59.999,19200654.61869,46556.0,38157079.7,9884956.47588,0.0
357,2022-12-24 01:00:00,0.2594,0.2604,0.2566,0.2592,32054310.5,2022-12-25 00:59:59.999,8287131.30108,22102.0,15585488.0,4030623.49931,0.0
358,2022-12-25 01:00:00,0.2591,0.2599,0.2546,0.2591,46627019.2,2022-12-26 00:59:59.999,12008927.16992,28303.0,21194036.7,5461626.59903,0.0
359,2022-12-26 01:00:00,0.259,0.2657,0.2576,0.2652,61775474.3,2022-12-27 00:59:59.999,16140480.49747,35406.0,32958847.9,8615577.10285,0.0
360,2022-12-27 01:00:00,0.2653,0.2665,0.2563,0.2603,59557924.7,2022-12-28 00:59:59.999,15564607.25909,36071.0,28722733.5,7506920.22662,0.0
361,2022-12-28 01:00:00,0.2603,0.2611,0.2468,0.2482,115688916.7,2022-12-29 00:59:59.999,29202569.65785,58223.0,55361595.5,13973456.32686,0.0
362,2022-12-29 01:00:00,0.2483,0.2484,0.2396,0.244,119235796.6,2022-12-30 00:59:59.999,29131442.01201,63007.0,56414966.1,13782275.45276,0.0
363,2022-12-30 01:00:00,0.244,0.2463,0.2392,0.2458,77783257.0,2022-12-31 00:59:59.999,18898369.31772,43934.0,37351098.4,9078758.46897,0.0
