,OpenTime,BNB-USD_Open,BNB-USD_High,BNB-USD_Low,BNB-USD_Close,BNB-USD_volume,CloseTime,BNB-QuoteAssetVolume,BNB-NumberOfTrades,BNB-TBBAV,BNB-TBQAV,BNB-ignore
0,2022-01-01 01:00:00,511.5,527.9,511.4,527.3,446171.541,2022-01-02 00:59:59.999,231696121.2996,329538.0,228746.06,118795531.093,0.0
1,2022-01-02 01:00:00,527.4,533.9,518.0,531.0,404475.541,2022-01-03 00:59:59.999,212693827.9376,346252.0,201215.689,105821746.9582,0.0
2,2022-01-03 01:00:00,531.0,532.8,510.0,511.9,663841.021,2022-01-04 00:59:59.999,345896511.2778,463331.0,307248.318,160218591.7212,0.0
3,2022-01-04 01:00:00,511.9,520.0,502.0,506.9,687436.638,2022-01-05 00:59:59.999,351709153.0318,481805.0,339618.046,173854830.3378,0.0
4,2022-01-05 01:00:00,506.9,516.0,457.0,474.1,985152.004,2022-01-06 00:59:59.999,487039058.787,629399.0,468264.457,231667717.7675,0.0
5,2022-01-06 01:00:00,474.2,481.3,458.8,472.6,986669.9,2022-01-07 00:59:59.999,462959866.6669,543241.0,483572.536,226927150.9018,0.0
6,2022-01-07 01:00:00,472.6,473.9,437.5,448.1,1331260.03,2022-01-08 00:59:59.999,600028684.1946,615848.0,651085.365,293413191.1806,0.0
7,2022-01-08 01:00:00,448.1,459.7,415.0,429.9,1062788.589,2022-01-09 00:59:59.999,464082732.8109,512468.0,512118.122,223858210.4121,0.0
8,2022-01-09 01:00:00,429.8,444.5,427.0,438.7,688777.347,2022-01-10 00:59:59.999,299514285.4251,367892.0,350251.38,152326150.6956,0.0
9,2022-01-10 01:00:00,438.8,445.5,405.6,424.7,1221504.738,2022-01-11 00:59:59.999,518143646.508,550883.0,598982.046,254094710.5416,0.0
10,2022-01-11 01:00:00,424.8,467.7,421.3,463.6,1266092.819,2022-01-12 00:59:59.999,571335667.7927,670993.0,633684.189,285974081.1136,0.0
11,2022-01-12 01:00:00,463.6,489.9,456.6,487.8,836124.928,2022-01-13 00:59:59.999,395395226.9867,542753.0,423686.855,200326634.2946,0.0
12,2022-01-13 01:00:00,487.8,489.8,466.5,475.2,908052.937,2022-01-14 00:59:59.999,434855256.5301,574157.0,444646.22,212967489.4348,0.0
13,2022-01-14 01:00:00,475.1,492.3,467.6,490.0,797022.181,2022-01-15 00:59:59.999,383070562.1503,532865.0,399272.612,191940595.492,0.0
14,2022-01-15 01:00:00,489.9,500.9,485.0,494.5,548626.203,2022-01-16 00:59:59.999,270831128.9543,408859.0,273845.493,135196757.8088,0.0
15,2022-01-16 01:00:00,494.5,506.0,488.6,498.6,507042.332,2022-01-17 00:59:59.999,251862226.2236,389752.0,255573.101,126955976.8741,0.0
16,2022-01-17 01:00:00,498.6,499.1,466.9,475.2,757806.035,2022-01-18 00:59:59.999,363254557.7459,517026.0,366529.219,175776792.5506,0.0
17,2022-01-18 01:00:00,475.1,479.6,457.2,471.4,707501.577,2022-01-19 00:59:59.999,330240013.3563,451974.0,347746.444,162364731.6517,0.0
18,2022-01-19 01:00:00,471.5,473.1,453.7,461.9,585750.3,2022-01-20 00:59:59.999,272375832.0181,397483.0,288526.101,134181496.3553,0.0
19,2022-01-20 01:00:00,461.9,478.7,438.2,440.2,1137854.894,2022-01-21 00:59:59.999,528565003.8169,688607.0,571148.567,265571291.5449,0.0
20,2022-01-21 01:00:00,440.2,444.6,373.7,383.9,1891179.594,2022-01-22 00:59:59.999,780737529.9346,871503.0,924044.423,381743544.5111,0.0
21,2022-01-22 01:00:00,383.8,389.6,336.3,358.3,2635609.386,2022-01-23 00:59:59.999,949889475.2338,1039653.0,1301920.156,469510550.9883,0.0
22,2022-01-23 01:00:00,358.3,389.0,356.3,383.9,1297043.923,2022-01-24 00:59:59.999,486432084.5722,564987.0,648942.742,243330333.4258,0.0
23,2022-01-24 01:00:00,384.0,384.0,336.0,371.3,1900214.42,2022-01-25 00:59:59.999,674434639.6883,747043.0,939454.975,333557486.5505,0.0
24,2022-01-25 01:00:00,371.2,389.5,357.4,385.1,1006111.155,2022-01-26 00:59:59.999,374436795.3877,496841.0,508732.792,189366617.1185,0.0
25,2022-01-26 01:00:00,385.1,402.4,366.4,375.1,1073520.172,2022-01-27 00:59:59.999,413788334.1036,609665.0,541547.803,208804261.6785,0.0
26,2022-01-27 01:00:00,375.1,393.8,360.0,389.9,962060.888,2022-01-28 00:59:59.999,358493434.8504,530658.0,471171.641,175473344.5241,0.0
27,2022-01-28 01:00:00,389.9,395.9,375.8,385.9,752320.615,2022-01-29 00:59:59.999,290426869.6174,439977.0,386443.382,149191637.3446,0.0
28,2022-01-29 01:00:00,385.9,397.3,380.7,389.3,534573.782,2022-01-30 00:59:59.999,207593040.2279,342125.0,263033.259,102193937.2444,0.0
29,2022-01-30 01:00:00,389.4,389.6,372.2,377.2,536436.123,2022-01-31 00:59:59.999,204652766.3272,322360.0,256880.767,98025189.9016,0.0
30,2022-01-31 01:00:00,377.2,385.4,365.2,374.3,620113.734,2022-02-01 00:59:59.999,232898450.6479,360853.0,299825.668,112651437.3032,0.0
31,2022-02-01 01:00:00,374.4,388.4,373.7,384.2,555347.277,2022-02-02 00:59:59.999,212697945.1107,333563.0,287877.37,110293234.4083,0.0
32,2022-02-02 01:00:00,384.1,386.1,366.1,366.9,572340.04,2022-02-03 00:59:59.999,215596317.4431,346326.0,273049.822,102886669.806,0.0
33,2022-02-03 01:00:00,367.1,372.4,359.6,372.3,495715.227,2022-02-04 00:59:59.999,181299666.3064,300375.0,241325.244,88275011.5879,0.0
34,2022-02-04 01:00:00,372.2,399.7,369.5,399.5,849825.828,2022-02-05 00:59:59.999,326468411.3554,412637.0,456265.076,175306007.4232,0.0
35,2022-02-05 01:00:00,399.6,431.0,396.3,413.7,1031046.87,2022-02-06 00:59:59.999,429828793.049,526783.0,520603.252,216978975.2392,0.0
36,2022-02-06 01:00:00,413.8,422.5,407.0,419.9,542631.176,2022-02-07 00:59:59.999,225211627.8565,345411.0,277772.083,115280470.3142,0.0
37,2022-02-07 01:00:00,419.9,439.0,413.3,433.5,758247.667,2022-02-08 00:59:59.999,326074842.5938,475365.0,391186.266,168228778.1696,0.0
38,2022-02-08 01:00:00,433.5,445.4,406.2,407.8,1148555.321,2022-02-09 00:59:59.999,484080748.7926,608313.0,555684.262,234349470.0003,0.0
39,2022-02-09 01:00:00,407.9,427.7,407.1,422.9,633880.431,2022-02-10 00:59:59.999,265055577.1978,390401.0,325445.133,136102659.7955,0.0
40,2022-02-10 01:00:00,422.9,434.9,410.0,414.7,956240.339,2022-02-11 00:59:59.999,403767915.0088,518995.0,476629.455,201393978.0868,0.0
41,2022-02-11 01:00:00,414.7,418.9,390.5,400.0,700843.2,2022-02-12 00:59:59.999,286858834.3641,438186.0,340126.872,139329643.6746,0.0
42,2022-02-12 01:00:00,400.0,407.1,393.3,403.6,521080.237,2022-02-13 00:59:59.999,208673604.9611,338979.0,257919.186,103312876.227,0.0
43,2022-02-13 01:00:00,403.6,407.8,394.7,397.9,388657.052,2022-02-14 00:59:59.999,156144929.8226,267677.0,185921.683,74722055.676,0.0
44,2022-02-14 01:00:00,398.0,404.5,390.6,403.4,472210.318,2022-02-15 00:59:59.999,187826631.9452,281617.0,236504.48,94111239.337,0.0
45,2022-02-15 01:00:00,403.4,443.0,402.7,432.4,1184143.99,2022-02-16 00:59:59.999,505124380.0128,555199.0,606900.857,258975010.5524,0.0
46,2022-02-16 01:00:00,432.4,433.5,422.2,427.3,606252.493,2022-02-17 00:59:59.999,259874383.3159,376834.0,300138.378,128700291.5079,0.0
47,2022-02-17 01:00:00,427.3,431.1,400.0,402.4,661874.717,2022-02-18 00:59:59.999,275709832.7181,399164.0,319535.092,133101455.9761,0.0
48,2022-02-18 01:00:00,402.4,411.0,392.2,399.2,611936.679,2022-02-19 00:59:59.999,245671823.9169,332933.0,291905.747,117197127.9116,0.0
49,2022-02-19 01:00:00,399.2,406.4,393.0,399.8,410279.304,2022-02-20 00:59:59.999,164154087.3112,253423.0,201734.291,80728447.7264,0.0
50,2022-02-20 01:00:00,399.8,400.0,375.0,380.6,624148.525,2022-02-21 00:59:59.999,239051430.9718,344722.0,293980.502,112546478.8921,0.0
51,2022-02-21 01:00:00,380.7,393.7,355.0,356.6,1219652.481,2022-02-22 00:59:59.999,457114758.2113,537899.0,579699.365,217373414.3592,0.0
52,2022-02-22 01:00:00,356.7,375.4,348.7,374.3,940456.822,2022-02-23 00:59:59.999,340225406.7727,395255.0,470479.765,170275677.3903,0.0
53,2022-02-23 01:00:00,374.3,384.2,365.3,365.6,698692.661,2022-02-24 00:59:59.999,262913145.3207,340110.0,356294.522,134116946.4908,0.0
54,2022-02-24 01:00:00,365.6,371.3,323.5,361.2,1949035.935,2022-02-25 00:59:59.999,670530462.9295,727590.0,959743.748,330345418.9014,0.0
55,2022-02-25 01:00:00,361.2,377.2,356.8,375.0,783242.16,2022-02-26 00:59:59.999,286459035.4918,383154.0,397797.573,145493287.0121,0.0
56,2022-02-26 01:00:00,375.0,386.1,370.5,373.7,548687.941,2022-02-27 00:59:59.999,206711446.3645,304302.0,270133.865,101772066.8921,0.0
57,2022-02-27 01:00:00,373.7,381.2,358.1,360.1,677364.949,2022-02-28 00:59:59.999,249999154.4557,354177.0,324168.593,119749407.2912,0.0
58,2022-02-28 01:00:00,360.1,397.2,355.8,395.6,773064.48,2022-03-01 00:59:59.999,289850493.0347,417256.0,393947.475,147870067.6049,0.0
59,2022-03-01 01:00:00,395.7,424.9,390.4,408.7,1403695.832,2022-03-02 00:59:59.999,570619625.5918,680260.0,715912.6,291123112.7624,0.0
60,2022-03-02 01:00:00,408.7,415.7,403.8,409.3,788499.443,2022-03-03 00:59:59.999,323372980.944,430117.0,393840.401,161530363.1923,0.0
61,2022-03-03 01:00:00,409.3,413.2,397.4,402.6,577002.325,2022-03-04 00:59:59.999,233991241.5175,320905.0,275591.5,111773034.2541,0.0
62,2022-03-04 01:00:00,402.6,403.5,372.0,374.2,756176.61,2022-03-05 00:59:59.999,294267657.1117,366024.0,368155.709,143396928.6144,0.0
63,2022-03-05 01:00:00,374.1,387.3,367.2,384.7,453970.242,2022-03-06 00:59:59.999,171261274.7136,269443.0,227740.15,85923287.0657,0.0
64,2022-03-06 01:00:00,384.8,387.3,371.6,375.0,489079.158,2022-03-07 00:59:59.999,185729892.8404,260216.0,240559.334,91373487.9699,0.0
65,2022-03-07 01:00:00,375.0,385.9,362.8,380.6,949294.91,2022-03-08 00:59:59.999,356471656.4455,394557.0,466027.949,175096096.3562,0.0
66,2022-03-08 01:00:00,380.6,388.7,375.3,381.4,647492.047,2022-03-09 00:59:59.999,247897754.6279,298402.0,321339.939,123046986.7479,0.0
67,2022-03-09 01:00:00,381.4,402.7,381.0,393.2,1012850.747,2022-03-10 00:59:59.999,399432781.3146,464185.0,516724.027,203772734.0077,0.0
68,2022-03-10 01:00:00,393.2,394.5,363.0,372.0,791332.984,2022-03-11 00:59:59.999,296391848.9077,385923.0,381234.878,142819545.6778,0.0
69,2022-03-11 01:00:00,372.1,380.0,364.7,371.9,510174.586,2022-03-12 00:59:59.999,189829352.1348,273544.0,258177.217,96095000.8736,0.0
70,2022-03-12 01:00:00,371.9,379.2,371.1,372.4,402475.646,2022-03-13 00:59:59.999,151304077.1742,227739.0,206364.926,77590495.6075,0.0
71,2022-03-13 01:00:00,372.4,377.2,360.1,361.4,424762.642,2022-03-14 00:59:59.999,157468699.6473,252852.0,209382.038,77654359.6298,0.0
72,2022-03-14 01:00:00,361.4,373.9,359.5,373.4,467814.984,2022-03-15 00:59:59.999,171918309.3804,250927.0,236309.416,86863054.0619,0.0
73,2022-03-15 01:00:00,373.4,374.7,361.7,371.7,440890.823,2022-03-16 00:59:59.999,162504505.4955,232435.0,227304.245,83812528.144,0.0
74,2022-03-16 01:00:00,371.7,386.6,367.8,385.4,668878.615,2022-03-17 00:59:59.999,252390066.8971,348707.0,345771.544,130532391.6677,0.0
75,2022-03-17 01:00:00,385.3,393.5,381.7,391.8,569457.408,2022-03-18 00:59:59.999,220668680.0061,292447.0,297233.249,115192595.5742,0.0
76,2022-03-18 01:00:00,391.9,400.0,384.0,397.2,553763.586,2022-03-19 00:59:59.999,216435335.2584,309939.0,291640.236,114017596.6064,0.0
77,2022-03-19 01:00:00,397.2,406.4,394.9,399.9,459996.613,2022-03-20 00:59:59.999,184226934.2762,285223.0,235946.934,94497270.1491,0.0
78,2022-03-20 01:00:00,399.9,400.8,386.2,390.8,398984.429,2022-03-21 00:59:59.999,156927918.921,265148.0,200256.33,78795336.6725,0.0
79,2022-03-21 01:00:00,390.8,399.5,384.8,396.0,541479.78,2022-03-22 00:59:59.999,213220417.4339,282212.0,280819.68,110626614.5818,0.0
80,2022-03-22 01:00:00,396.0,410.0,394.8,404.3,609034.607,2022-03-23 00:59:59.999,246686059.4737,315030.0,321120.295,130032629.1414,0.0
81,2022-03-23 01:00:00,404.3,411.7,397.9,408.4,535891.79,2022-03-24 00:59:59.999,216596978.3039,283766.0,275486.295,111394004.2289,0.0
82,2022-03-24 01:00:00,408.4,416.6,405.0,414.2,598366.115,2022-03-25 00:59:59.999,246062725.2176,312271.0,308800.729,126972659.0136,0.0
83,2022-03-25 01:00:00,414.2,421.5,405.5,410.3,609691.876,2022-03-26 00:59:59.999,252564500.671,324808.0,316541.494,131186491.2242,0.0
84,2022-03-26 01:00:00,410.3,416.4,407.5,415.8,280157.687,2022-03-27 00:59:59.999,115642732.4925,197760.0,145489.149,60059598.8606,0.0
85,2022-03-27 01:00:00,415.9,431.6,411.7,430.5,490998.1,2022-03-28 01:59:59.999,206354927.6384,302985.0,245098.373,102988732.0453,0.0
86,2022-03-28 02:00:00,430.6,441.0,427.6,430.2,719102.183,2022-03-29 01:59:59.999,312557900.7517,410910.0,355592.439,154621914.4427,0.0
87,2022-03-29 02:00:00,430.2,441.6,429.4,434.2,629773.894,2022-03-30 01:59:59.999,274292494.9875,372204.0,321151.616,139912799.5996,0.0
88,2022-03-30 02:00:00,434.2,449.3,425.5,442.1,768982.427,2022-03-31 01:59:59.999,337640530.5811,435588.0,398548.919,174996873.4687,0.0
89,2022-03-31 02:00:00,442.1,452.3,423.9,428.9,957924.695,2022-04-01 01:59:59.999,420218726.6781,511531.0,486530.998,213573720.5281,0.0
90,2022-04-01 02:00:00,428.9,448.2,412.8,447.7,971822.655,2022-04-02 01:59:59.999,420007037.5609,502046.0,497087.025,214905535.8364,0.0
91,2022-04-02 02:00:00,447.8,454.2,435.7,437.2,827864.885,2022-04-03 01:59:59.999,369703437.968,416135.0,409039.962,182727591.2409,0.0
92,2022-04-03 02:00:00,437.3,455.7,432.2,450.4,676230.892,2022-04-04 01:59:59.999,300737395.2241,362521.0,349456.437,155431719.6767,0.0
93,2022-04-04 02:00:00,450.4,450.5,433.4,447.6,736637.271,2022-04-05 01:59:59.999,326915235.4488,380099.0,364002.038,161560425.5014,0.0
94,2022-04-05 02:00:00,447.6,460.0,444.1,444.7,761168.725,2022-04-06 01:59:59.999,344439007.4977,424545.0,382016.051,172926288.293,0.0
95,2022-04-06 02:00:00,444.7,448.6,418.3,420.1,928930.806,2022-04-07 01:59:59.999,401489681.8239,504090.0,453024.853,195831892.6871,0.0
96,2022-04-07 02:00:00,420.1,450.0,416.2,436.0,717661.036,2022-04-08 01:59:59.999,308674406.1649,400142.0,363836.868,156569023.9122,0.0
97,2022-04-08 02:00:00,436.1,442.0,418.4,421.5,684600.074,2022-04-09 01:59:59.999,294837274.727,363605.0,338638.552,145901958.467,0.0
98,2022-04-09 02:00:00,421.5,428.2,419.6,426.6,356426.659,2022-04-10 01:59:59.999,151083668.0967,207253.0,177707.148,75323075.1574,0.0
99,2022-04-10 02:00:00,426.6,429.5,417.0,418.1,386650.883,2022-04-11 01:59:59.999,164022002.1582,212728.0,187094.844,79381884.4048,0.0
100,2022-04-11 02:00:00,418.1,419.7,391.2,394.6,856354.224,2022-04-12 01:59:59.999,348015114.8186,361757.0,419909.415,170639466.928,0.0
101,2022-04-12 02:00:00,394.6,417.1,392.4,413.6,729790.918,2022-04-13 01:59:59.999,297678247.1116,364735.0,373607.765,152391191.9849,0.0
102,2022-04-13 02:00:00,413.7,424.6,410.3,423.4,630077.277,2022-04-14 01:59:59.999,263365818.4243,338150.0,327657.058,136975423.9552,0.0
103,2022-04-14 02:00:00,423.4,426.9,411.3,414.7,464220.208,2022-04-15 01:59:59.999,194192225.9607,264015.0,230637.767,96489642.9877,0.0
104,2022-04-15 02:00:00,414.7,420.0,412.5,417.3,331730.773,2022-04-16 01:59:59.999,138219013.2094,192015.0,163769.93,68239067.5465,0.0
105,2022-04-16 02:00:00,417.3,419.0,411.6,417.3,237289.02,2022-04-17 01:59:59.999,98579512.0048,153106.0,119501.728,49654933.4751,0.0
106,2022-04-17 02:00:00,417.3,418.2,405.5,406.6,302390.726,2022-04-18 01:59:59.999,125179818.3567,167160.0,148023.219,61294861.2011,0.0
107,2022-04-18 02:00:00,406.7,418.0,396.2,416.8,628747.772,2022-04-19 01:59:59.999,255406129.1018,298174.0,319292.217,129776528.0202,0.0
108,2022-04-19 02:00:00,416.9,424.7,414.6,422.3,567586.931,2022-04-20 01:59:59.999,238184351.9582,299856.0,286508.984,120241238.0221,0.0
109,2022-04-20 02:00:00,422.3,431.4,414.9,418.4,677255.09,2022-04-21 01:59:59.999,286561981.3284,355369.0,350316.783,148255259.396,0.0
110,2022-04-21 02:00:00,418.4,426.0,401.2,404.9,771718.154,2022-04-22 01:59:59.999,322432006.8005,323273.0,386689.718,161626483.3927,0.0
111,2022-04-22 02:00:00,404.9,413.9,403.3,406.6,563521.049,2022-04-23 01:59:59.999,230501976.6605,255825.0,279971.409,114526893.6731,0.0
112,2022-04-23 02:00:00,406.6,408.1,397.3,401.1,339347.45,2022-04-24 01:59:59.999,137157329.9267,187741.0,164295.63,66414494.8026,0.0
113,2022-04-24 02:00:00,401.2,405.5,397.1,398.8,322889.805,2022-04-25 01:59:59.999,129744963.581,172618.0,156078.513,62722447.7397,0.0
114,2022-04-25 02:00:00,398.8,405.7,382.3,404.3,849798.678,2022-04-26 01:59:59.999,334326205.4269,337734.0,424015.146,166883667.5986,0.0
115,2022-04-26 02:00:00,404.4,407.5,380.8,385.9,629808.812,2022-04-27 01:59:59.999,248264999.2856,297370.0,307679.474,121285209.71,0.0
116,2022-04-27 02:00:00,386.0,394.8,383.3,391.3,567371.495,2022-04-28 01:59:59.999,221200838.1662,250590.0,284226.882,110818405.6121,0.0
117,2022-04-28 02:00:00,391.4,408.6,388.5,407.1,946336.334,2022-04-29 01:59:59.999,379597709.6867,390114.0,465097.666,186576996.0813,0.0
118,2022-04-29 02:00:00,407.2,410.7,389.7,393.0,694888.526,2022-04-30 01:59:59.999,277495560.7687,343294.0,343813.041,137322409.224,0.0
119,2022-04-30 02:00:00,393.0,399.9,376.3,377.1,574905.822,2022-05-01 01:59:59.999,224484821.4371,278317.0,267721.173,104604833.6433,0.0
120,2022-05-01 02:00:00,377.1,391.4,375.5,389.9,564144.673,2022-05-02 01:59:59.999,216874708.715,285078.0,280692.675,107936479.1682,0.0
121,2022-05-02 02:00:00,389.9,392.6,382.1,389.5,454918.112,2022-05-03 01:59:59.999,176653828.6666,242777.0,235079.619,91309022.8112,0.0
122,2022-05-03 02:00:00,389.5,392.3,379.8,383.9,388317.42,2022-05-04 01:59:59.999,150137733.5287,213156.0,195560.343,75628380.2958,0.0
123,2022-05-04 02:00:00,383.9,403.1,382.7,402.6,599066.682,2022-05-05 01:59:59.999,235145614.8909,290822.0,316097.483,124075722.1498,0.0
124,2022-05-05 02:00:00,402.6,413.6,370.7,378.4,1224114.512,2022-05-06 01:59:59.999,480461812.5141,535227.0,604361.768,237456908.8888,0.0
125,2022-05-06 02:00:00,378.5,383.3,370.6,379.1,702441.419,2022-05-07 01:59:59.999,265287421.9414,322398.0,355770.688,134356330.3265,0.0
126,2022-05-07 02:00:00,379.1,380.6,360.1,365.5,554852.531,2022-05-08 01:59:59.999,207175988.6536,265003.0,255703.789,95472635.978,0.0
127,2022-05-08 02:00:00,365.5,367.0,349.5,355.9,785184.087,2022-05-09 01:59:59.999,280783573.4153,311749.0,367939.264,131568845.2526,0.0
128,2022-05-09 02:00:00,355.9,359.3,295.4,296.1,2137566.8702,2022-05-10 01:59:59.999,689731241.244785,691845.0,1049804.04,339070962.92553,0.0
129,2022-05-10 02:00:00,296.1,332.8,289.0,319.1,2160654.1754,2022-05-11 01:59:59.999,681797899.107798,770073.0,1058434.735,333845499.6589,0.0
130,2022-05-11 02:00:00,319.1,323.0,260.8,271.5,3387753.9826,2022-05-12 01:59:59.999,994453854.052591,1310616.0,1663800.4496,488499968.93179,0.0
131,2022-05-12 02:00:00,271.4,285.0,218.8,269.0,4499625.6033,2022-05-13 01:59:59.999,1160044030.817458,1678892.0,2192767.9657,566248059.64429,0.0
132,2022-05-13 02:00:00,269.0,313.5,265.4,290.6,1912387.361,2022-05-14 01:59:59.999,570629505.735,777961.0,972518.566,289992223.5829,0.0
133,2022-05-14 02:00:00,290.7,299.5,272.1,296.9,1092874.023,2022-05-15 01:59:59.999,313368698.1198,518046.0,556608.948,159620134.9104,0.0
134,2022-05-15 02:00:00,296.9,312.6,285.7,312.4,774709.231,2022-05-16 01:59:59.999,231142840.1901,392238.0,389103.506,116104553.4209,0.0
135,2022-05-16 02:00:00,312.4,312.5,290.3,297.2,967622.834,2022-05-17 01:59:59.999,288647095.5697,416224.0,484101.387,144389234.9869,0.0
136,2022-05-17 02:00:00,297.3,310.7,295.8,306.2,702265.607,2022-05-18 01:59:59.999,213433635.73,340424.0,347041.057,105444987.7964,0.0
137,2022-05-18 02:00:00,306.2,308.6,286.8,287.7,731091.091,2022-05-19 01:59:59.999,217141792.4776,327144.0,361142.33,107330288.0432,0.0
138,2022-05-19 02:00:00,287.8,308.9,286.8,307.1,685238.844,2022-05-20 01:59:59.999,205598123.8996,352294.0,346082.627,103884240.365,0.0
139,2022-05-20 02:00:00,307.1,316.1,294.1,302.2,918118.177,2022-05-21 01:59:59.999,281005765.1526,374986.0,464156.396,141978227.0217,0.0
140,2022-05-21 02:00:00,302.3,314.2,299.3,312.4,470778.483,2022-05-22 01:59:59.999,144965150.0549,233370.0,230272.195,70901802.1093,0.0
141,2022-05-22 02:00:00,312.5,323.7,311.5,319.4,640675.573,2022-05-23 01:59:59.999,203402231.0268,264728.0,325208.812,103255997.6852,0.0
142,2022-05-23 02:00:00,319.3,337.0,315.3,317.2,1016212.871,2022-05-24 01:59:59.999,332787923.2211,403707.0,509179.981,166761026.4765,0.0
143,2022-05-24 02:00:00,317.1,330.4,312.1,328.3,1087140.698,2022-05-25 01:59:59.999,350658423.566,360566.0,537662.604,173422460.3828,0.0
144,2022-05-25 02:00:00,328.3,337.9,324.0,325.7,1057736.755,2022-05-26 01:59:59.999,348647272.3531,324800.0,530208.977,174746230.1103,0.0
145,2022-05-26 02:00:00,325.7,331.8,296.7,303.0,1539437.598,2022-05-27 01:59:59.999,482675425.1862,472567.0,747810.221,234494191.2053,0.0
146,2022-05-27 02:00:00,303.0,309.8,290.6,301.6,1460549.008,2022-05-28 01:59:59.999,439011128.0486,485013.0,713409.448,214453050.0109,0.0
147,2022-05-28 02:00:00,301.5,310.5,296.9,307.5,601654.504,2022-05-29 01:59:59.999,182686636.394,238331.0,298145.657,90552519.2608,0.0
148,2022-05-29 02:00:00,307.6,308.2,298.6,305.8,519507.747,2022-05-30 01:59:59.999,157551407.3438,223923.0,260088.838,78883001.3772,0.0
149,2022-05-30 02:00:00,305.9,324.0,303.9,321.8,1006928.231,2022-05-31 01:59:59.999,318483358.1724,359039.0,521569.372,164970707.8702,0.0
150,2022-05-31 02:00:00,321.8,324.8,313.5,320.9,701746.39,2022-06-01 01:59:59.999,224420165.5609,351755.0,348392.686,111439808.4767,0.0
151,2022-06-01 02:00:00,321.0,324.5,297.6,300.4,817984.609,2022-06-02 01:59:59.999,254597660.7454,352811.0,399937.208,124452671.4438,0.0
152,2022-06-02 02:00:00,300.5,309.2,298.2,308.3,477670.4,2022-06-03 01:59:59.999,144758528.4928,245840.0,239176.989,72491925.9285,0.0
153,2022-06-03 02:00:00,308.4,310.3,293.3,298.6,468996.677,2022-06-04 01:59:59.999,140826605.1582,240420.0,230771.492,69269731.2435,0.0
154,2022-06-04 02:00:00,298.6,302.9,294.8,301.3,293533.108,2022-06-05 01:59:59.999,87900097.3429,170227.0,151480.095,45365466.3185,0.0
155,2022-06-05 02:00:00,301.4,302.5,295.0,299.1,269695.901,2022-06-06 01:59:59.999,80515666.7129,172367.0,134680.715,40214711.4824,0.0
156,2022-06-06 02:00:00,299.1,312.3,288.0,295.1,758590.86,2022-06-07 01:59:59.999,229336066.1504,357412.0,373799.032,113119808.0166,0.0
157,2022-06-07 02:00:00,295.1,295.9,273.5,290.3,969784.619,2022-06-08 01:59:59.999,276622300.0833,415694.0,473595.14,135155330.3518,0.0
158,2022-06-08 02:00:00,290.3,294.6,283.9,288.5,509510.455,2022-06-09 01:59:59.999,147774213.8302,267476.0,264647.471,76767359.4464,0.0
159,2022-06-09 02:00:00,288.5,293.4,286.3,289.9,335495.073,2022-06-10 01:59:59.999,97246541.1366,191304.0,180648.997,52363493.5402,0.0
160,2022-06-10 02:00:00,289.9,298.9,283.2,286.4,817523.364,2022-06-11 01:59:59.999,236828890.8988,339014.0,428427.936,124191348.8107,0.0
161,2022-06-11 02:00:00,286.4,290.6,265.2,269.9,584351.456,2022-06-12 01:59:59.999,161677600.7792,269404.0,282490.702,78108324.821,0.0
162,2022-06-12 02:00:00,269.9,272.0,251.1,254.8,827755.035,2022-06-13 01:59:59.999,215061279.4901,344673.0,401769.922,104428494.9121,0.0
163,2022-06-13 02:00:00,254.8,257.8,213.2,223.0,2377589.4089,2022-06-14 01:59:59.999,546805495.733613,738817.0,1158626.7144,266643449.16123,0.0
164,2022-06-14 02:00:00,222.9,231.4,204.1,223.0,1922025.0844,2022-06-15 01:59:59.999,422925306.5654336,587234.0,954336.2071,210152823.37454,0.0
165,2022-06-15 02:00:00,223.1,234.7,198.4,233.6,2105397.5515,2022-06-16 01:59:59.999,448547539.3195364,667284.0,1042847.422,222543475.5724,0.0
166,2022-06-16 02:00:00,233.6,237.2,207.7,210.2,975592.873,2022-06-17 01:59:59.999,214986177.6497,356855.0,476983.002,105063970.1662,0.0
167,2022-06-17 02:00:00,210.3,222.1,207.7,215.8,690834.308,2022-06-18 01:59:59.999,149392114.506,249702.0,349047.83,75507206.0331,0.0
168,2022-06-18 02:00:00,215.8,219.0,183.4,197.0,1404690.4959,2022-06-19 01:59:59.999,279072472.256769,457262.0,668746.69,132878870.4645,0.0
169,2022-06-19 02:00:00,197.0,217.0,189.7,215.1,1102166.171,2022-06-20 01:59:59.999,224920974.6115,354926.0,569294.167,116236550.8208,0.0
170,2022-06-20 02:00:00,215.1,219.8,204.8,216.5,880400.844,2022-06-21 01:59:59.999,187322962.2861,315623.0,437645.957,93089774.7158,0.0
171,2022-06-21 02:00:00,216.5,228.4,213.1,220.1,829003.565,2022-06-22 01:59:59.999,183872676.7358,302528.0,436736.138,96923457.7983,0.0
172,2022-06-22 02:00:00,220.2,221.0,211.2,214.4,690466.465,2022-06-23 01:59:59.999,149052138.7577,251238.0,349225.642,75374483.4944,0.0
173,2022-06-23 02:00:00,214.4,231.7,214.0,228.9,783796.952,2022-06-24 01:59:59.999,175743668.5606,299259.0,415136.143,93146096.331,0.0
174,2022-06-24 02:00:00,229.0,243.3,228.3,240.2,707275.387,2022-06-25 01:59:59.999,166839422.1564,313643.0,361206.928,85202384.1711,0.0
175,2022-06-25 02:00:00,240.3,242.1,229.7,239.7,490948.31,2022-06-26 01:59:59.999,116387757.5903,238844.0,243254.481,57694557.1703,0.0
176,2022-06-26 02:00:00,239.7,245.2,233.2,233.9,456762.547,2022-06-27 01:59:59.999,109213172.7113,231565.0,228341.531,54625539.9365,0.0
177,2022-06-27 02:00:00,234.0,241.0,230.0,233.8,483616.798,2022-06-28 01:59:59.999,113847391.7689,224326.0,243099.513,57244635.8679,0.0
178,2022-06-28 02:00:00,233.9,242.8,225.9,226.9,632626.779,2022-06-29 01:59:59.999,149006957.8704,295208.0,325512.672,76739636.2322,0.0
179,2022-06-29 02:00:00,227.0,229.8,215.4,219.7,711780.691,2022-06-30 01:59:59.999,157422165.4455,286457.0,364354.108,80612008.2383,0.0
180,2022-06-30 02:00:00,219.7,220.3,205.4,219.6,791526.898,2022-07-01 01:59:59.999,168111073.7277,312512.0,401490.663,85253514.2265,0.0
181,2022-07-01 02:00:00,219.6,226.8,213.5,216.9,816261.885,2022-07-02 01:59:59.999,179748144.2187,292502.0,426482.119,93850534.8584,0.0
182,2022-07-02 02:00:00,216.9,219.7,213.8,218.3,342712.099,2022-07-03 01:59:59.999,74221672.5156,171343.0,176393.79,38212489.3049,0.0
183,2022-07-03 02:00:00,218.4,220.1,213.9,219.2,361103.065,2022-07-04 01:59:59.999,78551392.8071,151738.0,187666.58,40820488.864,0.0
184,2022-07-04 02:00:00,219.2,232.2,214.8,231.5,514662.946,2022-07-05 01:59:59.999,115095649.762,210928.0,271546.953,60707607.7633,0.0
185,2022-07-05 02:00:00,231.6,236.6,222.9,230.8,684927.621,2022-07-06 01:59:59.999,157531502.5575,260306.0,327209.981,75214403.7669,0.0
186,2022-07-06 02:00:00,230.8,240.0,229.0,238.6,644951.713,2022-07-07 01:59:59.999,152035811.0107,246590.0,332247.796,78314880.8626,0.0
187,2022-07-07 02:00:00,238.6,243.8,230.0,241.4,488193.225,2022-07-08 01:59:59.999,116889808.366,215455.0,243710.449,58374918.0635,0.0
188,2022-07-08 02:00:00,241.4,247.7,237.0,240.7,643936.034,2022-07-09 01:59:59.999,155410733.435,250004.0,330125.782,79694194.8757,0.0
189,2022-07-09 02:00:00,240.7,245.0,240.4,243.3,267778.165,2022-07-10 01:59:59.999,65028839.7307,139755.0,143342.71,34815885.6153,0.0
190,2022-07-10 02:00:00,243.3,243.5,231.7,234.7,396712.237,2022-07-11 01:59:59.999,93608353.6637,163249.0,197805.72,46684945.2197,0.0
191,2022-07-11 02:00:00,234.7,235.0,225.1,225.6,419335.067,2022-07-12 01:59:59.999,96787885.921,194203.0,204467.196,47197503.5514,0.0
192,2022-07-12 02:00:00,225.7,228.3,220.2,220.6,410220.066,2022-07-13 01:59:59.999,92021837.1589,179212.0,203288.701,45612940.6251,0.0
193,2022-07-13 02:00:00,220.6,231.3,216.4,230.5,714589.61,2022-07-14 01:59:59.999,159664486.6001,276741.0,365499.985,81707454.2351,0.0
194,2022-07-14 02:00:00,230.5,240.0,227.1,238.5,577524.874,2022-07-15 01:59:59.999,134737102.3693,238148.0,295097.434,68883474.5904,0.0
195,2022-07-15 02:00:00,238.6,242.7,235.4,238.5,446513.822,2022-07-16 01:59:59.999,106441090.036,199251.0,233080.702,55567725.5287,0.0
196,2022-07-16 02:00:00,238.6,251.5,233.9,249.8,423399.994,2022-07-17 01:59:59.999,103010813.2741,212250.0,220960.658,53772155.5355,0.0
197,2022-07-17 02:00:00,249.8,256.1,246.4,247.8,436448.547,2022-07-18 01:59:59.999,109732342.9723,222746.0,222793.677,56021336.8921,0.0
198,2022-07-18 02:00:00,247.8,265.6,247.6,264.1,747067.029,2022-07-19 01:59:59.999,193593760.8025,328943.0,382392.944,99092025.3114,0.0
199,2022-07-19 02:00:00,264.1,274.8,255.8,268.6,946386.94,2022-07-20 01:59:59.999,250265863.908,385068.0,486261.027,128667701.3476,0.0
200,2022-07-20 02:00:00,268.6,272.0,256.4,258.2,771496.808,2022-07-21 01:59:59.999,205390008.9628,327966.0,402550.85,107213788.2242,0.0
201,2022-07-21 02:00:00,258.3,266.0,250.7,265.6,545140.272,2022-07-22 01:59:59.999,140726770.2612,253381.0,267768.693,69149066.3308,0.0
202,2022-07-22 02:00:00,265.6,271.4,261.1,262.4,508542.317,2022-07-23 01:59:59.999,135732971.3766,239833.0,257841.085,68827786.3076,0.0
203,2022-07-23 02:00:00,262.5,272.6,252.7,259.2,488326.247,2022-07-24 01:59:59.999,127285476.3853,238809.0,254518.392,66334523.6189,0.0
204,2022-07-24 02:00:00,259.2,266.2,257.1,261.4,333902.611,2022-07-25 01:59:59.999,87651122.8448,182151.0,167953.902,44088808.8838,0.0
205,2022-07-25 02:00:00,261.4,262.7,243.8,244.6,458768.533,2022-07-26 01:59:59.999,116542520.9678,220899.0,218400.984,55534465.7193,0.0
206,2022-07-26 02:00:00,244.7,249.6,239.6,249.4,365533.647,2022-07-27 01:59:59.999,88956040.5187,194887.0,183348.935,44639465.9834,0.0
207,2022-07-27 02:00:00,249.5,272.0,247.5,271.6,656773.695,2022-07-28 01:59:59.999,170925448.3281,301321.0,337068.498,87678800.9717,0.0
208,2022-07-28 02:00:00,271.6,280.8,263.6,277.2,669832.4,2022-07-29 01:59:59.999,182039983.1174,332186.0,354243.824,96274862.0941,0.0
209,2022-07-29 02:00:00,277.2,302.0,274.8,293.6,1077799.221,2022-07-30 01:59:59.999,311584621.6715,509567.0,531209.658,153518901.1069,0.0
210,2022-07-30 02:00:00,293.6,300.2,285.1,287.8,683111.103,2022-07-31 01:59:59.999,200155642.0377,363041.0,334891.151,98140963.6308,0.0
211,2022-07-31 02:00:00,287.8,297.1,282.1,283.4,564727.273,2022-08-01 01:59:59.999,164338264.5006,280830.0,282605.3,82271494.6735,0.0
212,2022-08-01 02:00:00,283.5,290.5,277.9,283.2,493847.804,2022-08-02 01:59:59.999,140529914.4358,261018.0,241883.273,68838042.319,0.0
213,2022-08-02 02:00:00,283.3,291.1,274.2,283.8,627814.081,2022-08-03 01:59:59.999,176987241.0335,306105.0,314870.809,88776883.4588,0.0
214,2022-08-03 02:00:00,283.8,305.7,278.2,297.5,685924.62,2022-08-04 01:59:59.999,201744069.5699,335122.0,340181.591,100033333.1958,0.0
215,2022-08-04 02:00:00,297.6,313.4,297.2,311.8,808604.152,2022-08-05 01:59:59.999,246396755.5475,399568.0,412768.592,125804089.7002,0.0
216,2022-08-05 02:00:00,311.9,321.5,308.1,315.9,641807.573,2022-08-06 01:59:59.999,202413461.716,365140.0,323449.69,102013504.579,0.0
217,2022-08-06 02:00:00,315.9,322.9,312.6,315.2,394288.536,2022-08-07 01:59:59.999,124933875.7491,231660.0,199268.631,63149678.3152,0.0
218,2022-08-07 02:00:00,315.3,325.9,308.2,322.8,415090.183,2022-08-08 01:59:59.999,132021308.2209,228765.0,214960.311,68400765.1852,0.0
219,2022-08-08 02:00:00,322.7,334.0,320.8,324.9,580206.607,2022-08-09 01:59:59.999,189929679.9716,295236.0,299088.346,97925928.1535,0.0
220,2022-08-09 02:00:00,324.9,328.3,312.4,324.4,500589.395,2022-08-10 01:59:59.999,160641901.4976,263966.0,246886.675,79247623.9538,0.0
221,2022-08-10 02:00:00,324.5,336.8,313.6,328.8,831222.11,2022-08-11 01:59:59.999,270943686.2168,409323.0,433849.267,141507395.5338,0.0
222,2022-08-11 02:00:00,328.8,334.7,322.0,323.6,549578.328,2022-08-12 01:59:59.999,181136080.2977,278221.0,278636.78,91856158.6494,0.0
223,2022-08-12 02:00:00,323.5,328.1,317.7,327.9,384848.843,2022-08-13 01:59:59.999,124362903.4881,218231.0,198713.625,64222450.5871,0.0
224,2022-08-13 02:00:00,327.9,333.0,322.8,324.3,405066.252,2022-08-14 01:59:59.999,132869331.8471,224352.0,206565.369,67769192.8233,0.0
225,2022-08-14 02:00:00,324.3,331.0,315.8,317.6,378353.918,2022-08-15 01:59:59.999,122468812.6467,228743.0,191971.358,62151799.5573,0.0
226,2022-08-15 02:00:00,317.6,327.4,313.6,319.5,455916.278,2022-08-16 01:59:59.999,145530995.0574,252870.0,229110.764,73129317.0748,0.0
227,2022-08-16 02:00:00,319.4,322.4,312.0,316.1,370975.919,2022-08-17 01:59:59.999,117467178.0101,227257.0,184011.773,58274145.4932,0.0
228,2022-08-17 02:00:00,316.0,324.0,304.2,306.9,504236.732,2022-08-18 01:59:59.999,157961439.048,286770.0,239100.592,74883234.873,0.0
229,2022-08-18 02:00:00,306.8,311.0,295.8,298.1,409051.886,2022-08-19 01:59:59.999,124617178.5225,230569.0,202439.479,61702056.4053,0.0
230,2022-08-19 02:00:00,298.1,298.2,276.2,279.1,870296.511,2022-08-20 01:59:59.999,248082923.959,383884.0,424221.572,120956775.7544,0.0
231,2022-08-20 02:00:00,279.0,289.4,277.0,283.7,513021.106,2022-08-21 01:59:59.999,145936114.3889,243765.0,258578.916,73591792.6028,0.0
232,2022-08-21 02:00:00,283.8,304.2,283.4,301.9,528156.209,2022-08-22 01:59:59.999,156019516.1688,258953.0,275912.113,81499382.6048,0.0
233,2022-08-22 02:00:00,301.9,304.9,288.8,300.0,638895.985,2022-08-23 01:59:59.999,189310375.0873,290633.0,328198.162,97277924.4861,0.0
234,2022-08-23 02:00:00,300.0,301.7,293.8,299.3,403374.952,2022-08-24 01:59:59.999,120215414.4346,228509.0,210055.986,62606876.568,0.0
235,2022-08-24 02:00:00,299.3,300.5,294.3,296.4,344126.265,2022-08-25 01:59:59.999,102349780.4904,207549.0,177421.771,52780013.394,0.0
236,2022-08-25 02:00:00,296.4,307.5,296.0,301.2,398617.06,2022-08-26 01:59:59.999,120297663.2465,222146.0,202888.235,61225645.0005,0.0
237,2022-08-26 02:00:00,301.2,302.3,277.2,279.6,594770.355,2022-08-27 01:59:59.999,173560709.7524,304980.0,292738.216,85476518.7092,0.0
238,2022-08-27 02:00:00,279.6,284.8,273.3,277.9,412732.716,2022-08-28 01:59:59.999,115381037.0048,219867.0,205156.875,57351069.3692,0.0
239,2022-08-28 02:00:00,277.9,284.1,275.6,276.5,312819.026,2022-08-29 01:59:59.999,87346870.5846,172326.0,156812.121,43789473.1212,0.0
240,2022-08-29 02:00:00,276.5,286.7,272.3,285.9,481690.832,2022-08-30 01:59:59.999,134656813.5535,228169.0,244827.966,68456022.9285,0.0
241,2022-08-30 02:00:00,285.9,292.0,276.1,281.6,436765.765,2022-08-31 01:59:59.999,124426031.0398,232772.0,221652.054,63133925.7957,0.0
242,2022-08-31 02:00:00,281.7,290.0,277.7,279.2,388909.545,2022-09-01 01:59:59.999,110661963.1834,219850.0,196876.975,56014732.5641,0.0
243,2022-09-01 02:00:00,279.3,280.3,270.7,278.3,415193.212,2022-09-02 01:59:59.999,114562125.8134,203985.0,207240.233,57183318.3698,0.0
244,2022-09-02 02:00:00,278.3,283.4,273.7,277.5,321409.948,2022-09-03 01:59:59.999,89625526.057,171642.0,164264.718,45823678.6888,0.0
245,2022-09-03 02:00:00,277.4,278.8,274.2,277.8,148504.883,2022-09-04 01:59:59.999,41095391.7466,99878.0,74554.537,20635475.0677,0.0
246,2022-09-04 02:00:00,277.8,280.6,275.0,279.1,193440.808,2022-09-05 01:59:59.999,53790499.5637,112267.0,97496.409,27114986.0483,0.0
247,2022-09-05 02:00:00,279.1,282.0,273.4,276.9,258958.149,2022-09-06 01:59:59.999,71532780.1941,140956.0,128488.214,35502512.1034,0.0
248,2022-09-06 02:00:00,276.9,286.3,261.0,262.5,640922.531,2022-09-07 01:59:59.999,176536165.5361,292600.0,317981.582,87620767.1671,0.0
249,2022-09-07 02:00:00,262.5,280.4,258.6,278.9,431827.218,2022-09-08 01:59:59.999,115857094.2042,209484.0,221009.342,59330679.0733,0.0
250,2022-09-08 02:00:00,279.0,282.9,275.4,280.5,385559.749,2022-09-09 01:59:59.999,107680601.8348,191459.0,200862.923,56109645.2548,0.0
251,2022-09-09 02:00:00,280.6,295.9,280.0,293.4,541869.409,2022-09-10 01:59:59.999,157120633.6617,285673.0,290221.162,84155122.319,0.0
252,2022-09-10 02:00:00,293.4,298.6,290.3,296.7,328332.542,2022-09-11 01:59:59.999,96679858.8381,196432.0,172829.461,50901392.9545,0.0
253,2022-09-11 02:00:00,296.7,298.1,289.7,295.3,261093.945,2022-09-12 01:59:59.999,76921681.903,156918.0,130056.046,38322814.4042,0.0
254,2022-09-12 02:00:00,295.3,300.0,290.8,294.1,408686.168,2022-09-13 01:59:59.999,120574133.5628,218099.0,209984.982,61960609.0136,0.0
255,2022-09-13 02:00:00,294.1,298.6,275.4,277.4,578322.33,2022-09-14 01:59:59.999,165715028.3164,309903.0,287087.397,82286357.8706,0.0
256,2022-09-14 02:00:00,277.5,282.8,273.3,279.3,424974.985,2022-09-15 01:59:59.999,118512336.0126,229057.0,206637.249,57639181.4483,0.0
257,2022-09-15 02:00:00,279.4,280.5,266.3,271.1,520635.261,2022-09-16 01:59:59.999,142604951.8573,236907.0,258796.214,70890579.6148,0.0
258,2022-09-16 02:00:00,271.1,276.6,268.5,274.9,311737.818,2022-09-17 01:59:59.999,85275040.4255,173202.0,157405.651,43064157.8784,0.0
259,2022-09-17 02:00:00,274.9,279.9,274.7,279.1,189707.951,2022-09-18 01:59:59.999,52624982.8163,121435.0,99464.713,27595032.5107,0.0
260,2022-09-18 02:00:00,279.1,280.3,263.1,266.2,327883.908,2022-09-19 01:59:59.999,89585859.6556,179827.0,163832.083,44771064.4219,0.0
261,2022-09-19 02:00:00,266.3,273.0,256.7,271.9,508029.19,2022-09-20 01:59:59.999,134393256.6133,243379.0,254860.678,67433802.3566,0.0
262,2022-09-20 02:00:00,272.0,273.7,265.2,266.3,335455.454,2022-09-21 01:59:59.999,90215570.1637,163030.0,164772.564,44323027.4349,0.0
263,2022-09-21 02:00:00,266.3,276.4,260.3,264.0,535775.821,2022-09-22 01:59:59.999,143451738.2075,259759.0,275548.622,73783424.242,0.0
264,2022-09-22 02:00:00,264.0,276.7,263.5,275.3,339390.821,2022-09-23 01:59:59.999,91412188.4338,176775.0,176427.58,47535209.1058,0.0
265,2022-09-23 02:00:00,275.4,277.9,268.3,276.7,363390.805,2022-09-24 01:59:59.999,99381888.094,213243.0,186613.196,51042455.3275,0.0
266,2022-09-24 02:00:00,276.7,285.0,274.2,274.4,324988.432,2022-09-25 01:59:59.999,90927137.7213,181474.0,168697.737,47213244.665,0.0
267,2022-09-25 02:00:00,274.4,280.0,270.9,274.3,220895.598,2022-09-26 01:59:59.999,60865798.2227,132247.0,109679.497,30226067.8602,0.0
268,2022-09-26 02:00:00,274.3,276.9,270.8,276.1,267919.665,2022-09-27 01:59:59.999,73404700.587,172376.0,132077.339,36197095.6617,0.0
269,2022-09-27 02:00:00,276.1,286.6,269.2,272.3,406749.835,2022-09-28 01:59:59.999,113664496.2136,236540.0,209801.753,58652824.8554,0.0
270,2022-09-28 02:00:00,272.3,283.7,266.3,281.6,357981.397,2022-09-29 01:59:59.999,98283085.9797,213123.0,187974.077,51650683.6739,0.0
271,2022-09-29 02:00:00,281.6,285.6,277.1,284.1,301167.344,2022-09-30 01:59:59.999,84839263.8185,195346.0,154148.735,43436828.1508,0.0
272,2022-09-30 02:00:00,284.2,289.8,280.5,284.8,391981.587,2022-10-01 01:59:59.999,111674332.3233,220309.0,201616.888,57447129.7915,0.0
273,2022-10-01 02:00:00,284.9,285.4,277.7,282.9,196754.497,2022-10-02 01:59:59.999,55536687.6329,129933.0,98406.534,27776186.8921,0.0
274,2022-10-02 02:00:00,282.9,287.9,279.4,284.7,200690.251,2022-10-03 01:59:59.999,56846715.143,142252.0,102140.923,28939540.7795,0.0
275,2022-10-03 02:00:00,284.7,289.1,283.1,286.9,275974.883,2022-10-04 01:59:59.999,78973348.1578,168995.0,140275.824,40154180.8288,0.0
276,2022-10-04 02:00:00,287.0,298.2,286.3,296.2,321841.165,2022-10-05 01:59:59.999,94248616.7074,175277.0,167595.087,49075418.9608,0.0
277,2022-10-05 02:00:00,296.3,296.4,289.2,294.2,221018.685,2022-10-06 01:59:59.999,64737577.4074,144677.0,108829.183,31881009.7165,0.0
278,2022-10-06 02:00:00,294.2,298.1,278.6,287.0,450036.833,2022-10-07 01:59:59.999,130215244.4347,217636.0,215351.773,62314213.4533,0.0
279,2022-10-07 02:00:00,286.9,287.0,279.1,282.3,354485.961,2022-10-08 01:59:59.999,100481529.2893,180046.0,169708.762,48113930.5505,0.0
280,2022-10-08 02:00:00,282.2,282.7,275.4,276.4,183653.119,2022-10-09 01:59:59.999,51392337.1387,112079.0,81925.861,22933751.9103,0.0
281,2022-10-09 02:00:00,276.3,279.4,275.1,278.2,171008.247,2022-10-10 01:59:59.999,47459488.889,97320.0,84210.88,23374148.5834,0.0
282,2022-10-10 02:00:00,278.2,279.2,271.3,271.5,216924.869,2022-10-11 01:59:59.999,59605624.9216,136810.0,101062.062,27772368.7927,0.0
283,2022-10-11 02:00:00,271.5,274.0,267.2,271.4,222137.683,2022-10-12 01:59:59.999,60175430.3276,148423.0,102971.172,27904638.3857,0.0
284,2022-10-12 02:00:00,271.3,272.9,269.2,270.9,167816.904,2022-10-13 01:59:59.999,45523630.5199,125444.0,80040.432,21716263.478,0.0
285,2022-10-13 02:00:00,270.9,273.7,256.8,271.6,540797.212,2022-10-14 01:59:59.999,143118801.2493,279132.0,262348.672,69443422.3613,0.0
286,2022-10-14 02:00:00,271.6,276.8,267.6,269.4,298386.918,2022-10-15 01:59:59.999,81413111.8451,186956.0,151842.599,41460128.582,0.0
287,2022-10-15 02:00:00,269.4,271.4,267.4,268.2,144084.716,2022-10-16 01:59:59.999,38892821.9386,130152.0,73960.29,19967198.8675,0.0
288,2022-10-16 02:00:00,268.2,273.9,267.9,272.5,185597.074,2022-10-17 01:59:59.999,50273799.9495,146014.0,95524.066,25875908.5972,0.0
289,2022-10-17 02:00:00,272.4,275.9,269.8,275.6,187187.58,2022-10-18 01:59:59.999,51151085.5275,131740.0,104433.567,28542738.3773,0.0
290,2022-10-18 02:00:00,275.7,276.0,270.1,273.1,195691.117,2022-10-19 01:59:59.999,53473915.4375,142151.0,97458.573,26636646.243,0.0
291,2022-10-19 02:00:00,273.2,273.9,270.3,272.0,153657.96,2022-10-20 01:59:59.999,41810731.1332,130028.0,75458.031,20534860.0769,0.0
292,2022-10-20 02:00:00,271.9,273.4,267.3,269.0,166135.496,2022-10-21 01:59:59.999,44986069.5486,136960.0,79110.775,21428301.5199,0.0
293,2022-10-21 02:00:00,269.0,271.2,263.4,270.1,195432.212,2022-10-22 01:59:59.999,52360415.0981,143664.0,95208.094,25518337.344,0.0
294,2022-10-22 02:00:00,270.1,271.1,268.4,270.4,84044.883,2022-10-23 01:59:59.999,22665745.2842,88522.0,43120.468,11630349.4434,0.0
295,2022-10-23 02:00:00,270.5,276.8,268.7,276.0,134390.843,2022-10-24 01:59:59.999,36579876.7559,106749.0,72586.747,19762563.6748,0.0
296,2022-10-24 02:00:00,275.9,277.4,271.6,274.1,154182.094,2022-10-25 01:59:59.999,42223946.5416,115565.0,77680.711,21274217.912,0.0
297,2022-10-25 02:00:00,274.2,289.9,272.0,284.2,387523.125,2022-10-26 01:59:59.999,109424124.6145,229772.0,207967.388,58696626.341,0.0
298,2022-10-26 02:00:00,284.2,292.0,284.1,290.2,316408.936,2022-10-27 01:59:59.999,91230142.3111,191039.0,172846.082,49836361.0052,0.0
299,2022-10-27 02:00:00,290.3,293.3,284.7,286.7,315734.808,2022-10-28 01:59:59.999,91136079.963,212121.0,160724.45,46408569.9147,0.0
300,2022-10-28 02:00:00,286.8,301.1,285.7,297.9,416648.243,2022-10-29 01:59:59.999,122109397.9691,231909.0,218431.485,64043304.9397,0.0
301,2022-10-29 02:00:00,297.9,308.4,295.6,304.4,553646.125,2022-10-30 01:59:59.999,167868011.2647,328111.0,287141.706,87069969.9132,0.0
302,2022-10-30 02:00:00,304.5,318.8,302.3,313.5,538624.403,2022-10-31 00:59:59.999,167660898.3786,346158.0,277904.975,86506944.3398,0.0
303,2022-10-31 01:00:00,313.6,337.9,306.5,325.7,1047801.477,2022-11-01 00:59:59.999,340425554.6015,505854.0,539333.423,175228417.9892,0.0
304,2022-11-01 01:00:00,325.8,334.6,317.4,323.9,550045.706,2022-11-02 00:59:59.999,179160222.0247,318787.0,273447.497,89100136.4694,0.0
305,2022-11-02 01:00:00,323.8,330.0,315.3,320.2,561329.564,2022-11-03 00:59:59.999,180869023.3075,363030.0,276469.903,89098851.5386,0.0
306,2022-11-03 01:00:00,320.2,338.7,318.0,329.5,622354.86,2022-11-04 00:59:59.999,205277326.0489,391376.0,316277.731,104283266.7803,0.0
307,2022-11-04 01:00:00,329.6,358.9,328.3,354.6,751709.582,2022-11-05 00:59:59.999,261103572.5566,487998.0,389525.811,135267062.4756,0.0
308,2022-11-05 01:00:00,354.7,361.3,346.1,349.2,411760.064,2022-11-06 00:59:59.999,145635881.7737,327478.0,212743.446,75242430.762,0.0
309,2022-11-06 01:00:00,349.1,356.0,337.7,337.9,390974.879,2022-11-07 00:59:59.999,136745098.0347,297770.0,196723.476,68867009.8424,0.0
310,2022-11-07 01:00:00,337.8,344.4,326.4,337.0,740465.512,2022-11-08 00:59:59.999,248017900.2622,460314.0,376989.165,126319572.4136,0.0
311,2022-11-08 01:00:00,337.0,398.3,298.0,327.4,3103916.384,2022-11-09 00:59:59.999,1055852274.3117,1739886.0,1607449.901,547128771.8921,0.0
312,2022-11-09 01:00:00,327.4,333.1,260.2,267.3,1901075.899,2022-11-10 00:59:59.999,567664075.6822,1257192.0,918494.673,274884125.2292,0.0
313,2022-11-10 01:00:00,267.1,313.0,263.2,304.0,1411238.91,2022-11-11 00:59:59.999,406358146.7639,1001855.0,706517.782,203341188.9076,0.0
314,2022-11-11 01:00:00,304.1,306.0,279.0,290.4,695145.641,2022-11-12 00:59:59.999,202402540.8252,573830.0,340716.948,99209173.4669,0.0
315,2022-11-12 01:00:00,290.4,294.5,271.6,282.8,545359.355,2022-11-13 00:59:59.999,154906443.4621,379895.0,256687.722,72861759.7858,0.0
316,2022-11-13 01:00:00,282.9,286.5,273.2,276.4,442278.921,2022-11-14 00:59:59.999,123589124.7321,403102.0,221313.404,61850601.6895,0.0
317,2022-11-14 01:00:00,276.4,292.0,268.0,279.0,818725.897,2022-11-15 00:59:59.999,227994916.626,570233.0,408350.535,113745934.8928,0.0
318,2022-11-15 01:00:00,279.0,282.4,273.2,277.0,445565.664,2022-11-16 00:59:59.999,123903312.1649,331878.0,223048.595,62049799.7608,0.0
319,2022-11-16 01:00:00,277.0,280.2,268.8,271.8,402896.799,2022-11-17 00:59:59.999,110278982.5105,283812.0,195395.704,53508942.4804,0.0
320,2022-11-17 01:00:00,271.9,273.5,262.9,267.9,367805.83,2022-11-18 00:59:59.999,98606467.4681,246309.0,188376.882,50501119.9623,0.0
321,2022-11-18 01:00:00,268.0,274.8,267.7,274.1,277946.366,2022-11-19 00:59:59.999,75643996.6943,195714.0,144211.493,39248045.7681,0.0
322,2022-11-19 01:00:00,274.1,274.6,268.9,272.6,194104.28,2022-11-20 00:59:59.999,52728944.3301,152108.0,96683.793,26263998.5852,0.0
323,2022-11-20 01:00:00,272.6,273.8,261.8,264.2,306587.581,2022-11-21 00:59:59.999,82401745.4219,264496.0,148698.214,39981365.3269,0.0
324,2022-11-21 01:00:00,264.2,265.3,250.0,253.9,581026.19,2022-11-22 00:59:59.999,149844873.5876,366884.0,285889.948,73747928.7341,0.0
325,2022-11-22 01:00:00,254.0,267.8,252.0,266.7,357164.445,2022-11-23 00:59:59.999,92786743.4638,257583.0,183777.146,47765237.2508,0.0
326,2022-11-23 01:00:00,266.8,301.8,264.8,298.8,1224050.689,2022-11-24 00:59:59.999,356516355.7052,531600.0,607062.897,176643929.8567,0.0
327,2022-11-24 01:00:00,298.9,304.1,293.9,300.2,550792.655,2022-11-25 00:59:59.999,164566994.1052,308749.0,270127.901,80708837.8153,0.0
328,2022-11-25 01:00:00,300.3,306.6,294.1,300.8,465733.483,2022-11-26 00:59:59.999,139382821.9341,271666.0,228038.17,68248738.2981,0.0
329,2022-11-26 01:00:00,300.8,317.8,299.9,311.4,569578.773,2022-11-27 00:59:59.999,177387113.6638,327917.0,303883.164,94647730.9049,0.0
330,2022-11-27 01:00:00,311.4,316.7,306.3,307.6,310095.845,2022-11-28 00:59:59.999,96997226.2788,230926.0,152499.368,47715617.9838,0.0
331,2022-11-28 01:00:00,307.7,309.6,286.6,293.5,603763.83,2022-11-29 00:59:59.999,178312004.9909,347819.0,308587.679,91151266.5342,0.0
332,2022-11-29 01:00:00,293.5,305.3,289.0,295.4,422502.385,2022-11-30 00:59:59.999,126128219.769,260714.0,214663.044,64073397.6161,0.0
333,2022-11-30 01:00:00,295.4,305.5,292.5,300.6,467009.694,2022-12-01 00:59:59.999,139979947.1509,298833.0,233728.706,70081871.0821,0.0
334,2022-12-01 01:00:00,300.6,302.0,290.0,292.3,798867.735,2022-12-02 00:59:59.999,236380803.0174,404475.0,403746.239,119480598.6943,0.0
335,2022-12-02 01:00:00,292.3,293.9,285.4,293.4,364102.285,2022-12-03 00:59:59.999,105520413.5547,231895.0,188591.036,54669912.9931,0.0
336,2022-12-03 01:00:00,293.4,294.4,289.0,290.4,234377.055,2022-12-04 00:59:59.999,68292872.5588,162327.0,112982.813,32928499.0266,0.0
337,2022-12-04 01:00:00,290.4,292.8,287.4,291.8,244356.783,2022-12-05 00:59:59.999,70996837.0021,165792.0,122002.296,35454304.778,0.0
338,2022-12-05 01:00:00,291.8,297.2,286.1,288.4,294958.79,2022-12-06 00:59:59.999,86363781.9795,198197.0,149268.198,43729207.923,0.0
339,2022-12-06 01:00:00,288.5,290.8,286.5,290.2,247911.347,2022-12-07 00:59:59.999,71585088.9535,171228.0,132638.962,38304899.86,0.0
340,2022-12-07 01:00:00,290.2,290.9,281.1,284.2,361435.528,2022-12-08 00:59:59.999,102858804.3378,206560.0,177263.584,50444954.2613,0.0
341,2022-12-08 01:00:00,284.2,292.0,282.4,290.4,281655.085,2022-12-09 00:59:59.999,80842697.122,160530.0,147391.85,42309260.0989,0.0
342,2022-12-09 01:00:00,290.4,292.0,284.4,286.0,308418.725,2022-12-10 00:59:59.999,89037369.8403,152673.0,151688.357,43810389.1172,0.0
343,2022-12-10 01:00:00,286.1,289.9,285.7,288.2,148922.633,2022-12-11 00:59:59.999,42834452.8982,103954.0,77875.899,22401246.2968,0.0
344,2022-12-11 01:00:00,288.2,291.4,283.3,284.4,206340.146,2022-12-12 00:59:59.999,59514080.2258,120575.0,100254.073,28935054.9132,0.0
345,2022-12-12 01:00:00,284.5,285.8,271.7,276.1,507509.835,2022-12-13 00:59:59.999,140940803.1346,239070.0,242679.034,67396000.6992,0.0
346,2022-12-13 01:00:00,276.1,282.0,255.6,272.2,1309642.684,2022-12-14 00:59:59.999,351955870.3631,496233.0,643463.835,173081963.8399,0.0
347,2022-12-14 01:00:00,272.2,278.4,265.5,267.7,580082.911,2022-12-15 00:59:59.999,157826873.8852,272183.0,284886.669,77562173.2661,0.0
348,2022-12-15 01:00:00,267.7,268.1,256.5,258.8,350889.164,2022-12-16 00:59:59.999,92233729.9022,180516.0,162098.049,42618751.143,0.0
349,2022-12-16 01:00:00,258.9,264.7,224.7,231.2,876900.031,2022-12-17 00:59:59.999,214869517.089,410142.0,406407.546,99637643.4038,0.0
350,2022-12-17 01:00:00,231.2,245.0,220.0,242.1,788798.493,2022-12-18 00:59:59.999,183930176.9859,346154.0,403472.917,94150271.1725,0.0
351,2022-12-18 01:00:00,242.1,254.6,239.5,251.0,526139.427,2022-12-19 00:59:59.999,130305766.1496,250104.0,277461.245,68731269.4234,0.0
352,2022-12-19 01:00:00,251.1,253.3,236.8,240.4,408787.202,2022-12-20 00:59:59.999,100662869.9923,224923.0,201060.558,49527441.0489,0.0
353,2022-12-20 01:00:00,240.3,253.5,239.1,251.4,320509.026,2022-12-21 00:59:59.999,79574286.8066,174192.0,173157.299,42982679.4612,0.0
354,2022-12-21 01:00:00,251.4,251.5,245.2,246.2,195051.385,2022-12-22 00:59:59.999,48447186.3344,129860.0,98032.73,24355596.8349,0.0
355,2022-12-22 01:00:00,246.2,248.3,240.1,245.8,246104.196,2022-12-23 00:59:59.999,60207564.1979,142323.0,127101.354,31107099.9128,0.0
356,2022-12-23 01:00:00,245.9,248.7,243.7,246.2,175280.013,2022-12-24 00:59:59.999,43130222.3537,107007.0,92247.864,22702890.0053,0.0
357,2022-12-24 01:00:00,246.2,246.3,243.4,244.5,96773.731,2022-12-25 00:59:59.999,23688074.9905,73104.0,45328.557,11095473.6879,0.0
358,2022-12-25 01:00:00,244.6,245.8,241.4,243.2,125016.877,2022-12-26 00:59:59.999,30456150.2055,85421.0,60084.124,14637488.9176,0.0
359,2022-12-26 01:00:00,243.2,244.9,242.0,244.3,117117.968,2022-12-27 00:59:59.999,28483521.2211,80435.0,58323.781,14186977.4799,0.0
360,2022-12-27 01:00:00,244.3,248.9,242.1,246.7,196642.12,2022-12-28 00:59:59.999,48123719.9723,112213.0,103176.022,25261026.9831,0.0
361,2022-12-28 01:00:00,246.7,247.4,241.5,244.5,208632.342,2022-12-29 00:59:59.999,50890930.807,137193.0,101995.45,24885728.5902,0.0
362,2022-12-29 01:00:00,244.6,246.9,243.3,246.3,161959.266,2022-12-30 00:59:59.999,39764426.9632,113446.0,86879.801,21332847.4379,0.0
363,2022-12-30 01:00:00,246.3,246.7,242.7,245.8,128406.533,2022-12-31 00:59:59.999,31413152.0195,105503.0,64693.613,15828789.906,0.0
