,OpenTime,DOGE-USD_Open,DOGE-USD_High,DOGE-USD_Low,DOGE-USD_Close,DOGE-USD_volume,CloseTime,DOGE-QuoteAssetVolume,DOGE-NumberOfTrades,DOGE-TBBAV,DOGE-TBQAV,DOGE-ignore
0,2022-01-01 01:00:00,0.1703,0.1737,0.1697,0.1732,297504077.0,2022-01-02 00:59:59.999,51118607.6971,78125.0,158466283.0,27236580.1818,0.0
1,2022-01-02 01:00:00,0.1731,0.1763,0.1705,0.1745,312955886.0,2022-01-03 00:59:59.999,54232018.27,103674.0,163325748.0,28306596.7571,0.0
2,2022-01-03 01:00:00,0.1745,0.1745,0.1674,0.1703,460985351.0,2022-01-04 00:59:59.999,78769279.941,139249.0,236643465.0,40454695.5123,0.0
3,2022-01-04 01:00:00,0.1703,0.1726,0.1665,0.1684,496439208.0,2022-01-05 00:59:59.999,84445791.1798,127545.0,258358537.0,43963449.9572,0.0
4,2022-01-05 01:00:00,0.1685,0.171,0.1472,0.159,1084632258.0,2022-01-06 00:59:59.999,175586840.1573,307998.0,519468771.0,84347970.5166,0.0
5,2022-01-06 01:00:00,0.1591,0.1621,0.1539,0.1599,705767171.0,2022-01-07 00:59:59.999,111252225.6206,163053.0,331392118.0,52235681.7908,0.0
6,2022-01-07 01:00:00,0.16,0.1604,0.1489,0.155,1079690606.0,2022-01-08 00:59:59.999,165985187.7182,238457.0,524873451.0,80687647.1876,0.0
7,2022-01-08 01:00:00,0.1551,0.1579,0.1451,0.1509,582238373.0,2022-01-09 00:59:59.999,88691615.3809,145534.0,278235707.0,42421445.1316,0.0
8,2022-01-09 01:00:00,0.1509,0.1539,0.1486,0.1505,381170543.0,2022-01-10 00:59:59.999,57712544.2089,92096.0,191973908.0,29072171.9329,0.0
9,2022-01-10 01:00:00,0.1505,0.1522,0.1368,0.1431,845047878.0,2022-01-11 00:59:59.999,121825858.8591,195011.0,411748988.0,59337750.3743,0.0
10,2022-01-11 01:00:00,0.143,0.167,0.1417,0.1538,1691718365.0,2022-01-12 00:59:59.999,261232755.9332,414265.0,854207845.0,131940452.4377,0.0
11,2022-01-12 01:00:00,0.1538,0.1636,0.1511,0.1628,911010585.0,2022-01-13 00:59:59.999,143396864.3384,216889.0,460847941.0,72543896.906,0.0
12,2022-01-13 01:00:00,0.1627,0.1781,0.1613,0.1717,2116971492.0,2022-01-14 00:59:59.999,358114424.2763,608901.0,1067578465.0,180674630.9499,0.0
13,2022-01-14 01:00:00,0.1716,0.2148,0.1703,0.1832,5406672589.0,2022-01-15 00:59:59.999,1034712134.3893,1616626.0,2689985543.0,515284708.4719,0.0
14,2022-01-15 01:00:00,0.1832,0.1948,0.1815,0.1845,1633943311.0,2022-01-16 00:59:59.999,308140647.2091,433639.0,811539534.0,153103221.6356,0.0
15,2022-01-16 01:00:00,0.1845,0.1847,0.1734,0.1766,1069094552.0,2022-01-17 00:59:59.999,191535560.1624,295928.0,526333293.0,94336067.3161,0.0
16,2022-01-17 01:00:00,0.1766,0.1784,0.1656,0.1708,1091483397.0,2022-01-18 00:59:59.999,185872598.3903,294432.0,536514256.0,91400867.4567,0.0
17,2022-01-18 01:00:00,0.1708,0.1743,0.1616,0.1651,945110452.0,2022-01-19 00:59:59.999,157263745.6347,261221.0,475805701.0,79199534.8282,0.0
18,2022-01-19 01:00:00,0.1651,0.1696,0.1589,0.1615,867134554.0,2022-01-20 00:59:59.999,142010625.8198,228221.0,436070719.0,71425923.2883,0.0
19,2022-01-20 01:00:00,0.1616,0.1693,0.1536,0.1553,763530515.0,2022-01-21 00:59:59.999,123916671.2321,209516.0,366070872.0,59505929.1432,0.0
20,2022-01-21 01:00:00,0.1553,0.1576,0.1399,0.1419,1503858051.0,2022-01-22 00:59:59.999,224735013.2596,364233.0,704314427.0,105241181.6868,0.0
21,2022-01-22 01:00:00,0.142,0.1453,0.12,0.1332,2241546261.6,2022-01-23 00:59:59.999,295060612.1658983,463517.0,1108687516.9,145785996.42032,0.0
22,2022-01-23 01:00:00,0.1333,0.1447,0.132,0.1418,1196841624.0,2022-01-24 00:59:59.999,165845229.2333,264793.0,604938180.0,83892257.1492,0.0
23,2022-01-24 01:00:00,0.1417,0.1418,0.1256,0.1373,1607720454.0,2022-01-25 00:59:59.999,212415108.1292,315848.0,794112064.0,104943160.4694,0.0
24,2022-01-25 01:00:00,0.1373,0.1506,0.1325,0.1427,1316136672.0,2022-01-26 00:59:59.999,185529039.4845,329252.0,669803321.0,94493055.0819,0.0
25,2022-01-26 01:00:00,0.1427,0.1534,0.1409,0.1431,1324673854.0,2022-01-27 00:59:59.999,195069981.4125,323716.0,636479042.0,93775738.3155,0.0
26,2022-01-27 01:00:00,0.1431,0.1459,0.1362,0.1414,677890025.0,2022-01-28 00:59:59.999,95591229.4124,178577.0,338301476.0,47729460.4898,0.0
27,2022-01-28 01:00:00,0.1415,0.1426,0.1377,0.1414,464231063.0,2022-01-29 00:59:59.999,65093571.55,134663.0,236374039.0,33148091.4377,0.0
28,2022-01-29 01:00:00,0.1415,0.1442,0.1403,0.143,339117872.0,2022-01-30 00:59:59.999,48327531.0195,100888.0,169159289.0,24114855.0483,0.0
29,2022-01-30 01:00:00,0.1429,0.1438,0.138,0.1391,341622629.0,2022-01-31 00:59:59.999,48248673.1056,100186.0,162184197.0,22920172.0288,0.0
30,2022-01-31 01:00:00,0.1392,0.1426,0.1363,0.1415,365107026.0,2022-02-01 00:59:59.999,50863765.1392,104382.0,185459350.0,25851527.8916,0.0
31,2022-02-01 01:00:00,0.1416,0.1444,0.1408,0.1423,374440012.0,2022-02-02 00:59:59.999,53367321.6631,113926.0,201112249.0,28676235.2092,0.0
32,2022-02-02 01:00:00,0.1423,0.1466,0.135,0.137,491750010.0,2022-02-03 00:59:59.999,69462097.1151,153061.0,240458940.0,34011785.0974,0.0
33,2022-02-03 01:00:00,0.1369,0.1389,0.1346,0.1379,384297073.0,2022-02-04 00:59:59.999,52515119.2962,102345.0,208557030.0,28492663.1793,0.0
34,2022-02-04 01:00:00,0.138,0.1481,0.1369,0.1478,562305646.0,2022-02-05 00:59:59.999,79672789.3674,144888.0,293806782.0,41644110.3951,0.0
35,2022-02-05 01:00:00,0.1479,0.1507,0.1447,0.1469,526695035.0,2022-02-06 00:59:59.999,78083669.3031,157132.0,262435487.0,38915585.4117,0.0
36,2022-02-06 01:00:00,0.1468,0.1559,0.1445,0.1539,705984242.0,2022-02-07 00:59:59.999,106084049.9773,191837.0,356136113.0,53506004.6489,0.0
37,2022-02-07 01:00:00,0.154,0.1731,0.1513,0.1653,1810847856.0,2022-02-08 00:59:59.999,293541596.5885,464947.0,919529679.0,148996165.6462,0.0
38,2022-02-08 01:00:00,0.1653,0.1711,0.1529,0.1581,1273034951.0,2022-02-09 00:59:59.999,204348469.3536,312226.0,629710347.0,101085838.4786,0.0
39,2022-02-09 01:00:00,0.1582,0.1624,0.1542,0.1594,691842118.0,2022-02-10 00:59:59.999,109484358.685,163418.0,355774821.0,56315802.9784,0.0
40,2022-02-10 01:00:00,0.1594,0.1607,0.15,0.1514,921972005.0,2022-02-11 00:59:59.999,143685718.0366,208286.0,449467962.0,70082795.5743,0.0
41,2022-02-11 01:00:00,0.1515,0.1543,0.1419,0.1446,706523003.0,2022-02-12 00:59:59.999,105560457.2996,154473.0,339950039.0,50835146.8122,0.0
42,2022-02-12 01:00:00,0.1446,0.1475,0.1402,0.1444,573672346.0,2022-02-13 00:59:59.999,82327832.1591,117786.0,260294526.0,37376783.5403,0.0
43,2022-02-13 01:00:00,0.1443,0.158,0.1437,0.148,1586345314.0,2022-02-14 00:59:59.999,241312989.5697,296082.0,787695148.0,119855021.4407,0.0
44,2022-02-14 01:00:00,0.1481,0.1506,0.1427,0.1457,901483820.0,2022-02-15 00:59:59.999,131524397.0247,158846.0,465283410.0,67879033.3899,0.0
45,2022-02-15 01:00:00,0.1458,0.1524,0.1448,0.1517,600243216.0,2022-02-16 00:59:59.999,89684396.7507,125329.0,307814499.0,46005765.2675,0.0
46,2022-02-16 01:00:00,0.1517,0.1517,0.1462,0.1487,432478291.0,2022-02-17 00:59:59.999,64397688.0138,98490.0,212776026.0,31698122.3762,0.0
47,2022-02-17 01:00:00,0.1487,0.15,0.1368,0.1383,740203412.0,2022-02-18 00:59:59.999,106248232.2278,141390.0,356827663.0,51197373.0515,0.0
48,2022-02-18 01:00:00,0.1383,0.1422,0.136,0.1386,619882904.0,2022-02-19 00:59:59.999,86323668.0815,100190.0,301956254.0,42050980.9722,0.0
49,2022-02-19 01:00:00,0.1386,0.1465,0.1384,0.1409,677612304.0,2022-02-20 00:59:59.999,96251390.2328,119164.0,338049902.0,48003533.9296,0.0
50,2022-02-20 01:00:00,0.1409,0.1411,0.135,0.1366,508576015.0,2022-02-21 00:59:59.999,69748594.557,82037.0,239395304.0,32851411.5776,0.0
51,2022-02-21 01:00:00,0.1367,0.1419,0.1271,0.1282,1003925366.0,2022-02-22 00:59:59.999,136174984.9356,144334.0,492089512.0,66792835.1293,0.0
52,2022-02-22 01:00:00,0.1283,0.1318,0.1238,0.1313,711049048.0,2022-02-23 00:59:59.999,91140316.2741,105668.0,364149598.0,46683591.9643,0.0
53,2022-02-23 01:00:00,0.1313,0.1356,0.1272,0.1273,608946632.0,2022-02-24 00:59:59.999,80213055.0623,88771.0,295766095.0,38976815.4529,0.0
54,2022-02-24 01:00:00,0.1273,0.1277,0.1065,0.1241,2457565179.9,2022-02-25 00:59:59.999,285892016.455516,340480.0,1209496744.0,140701149.1092,0.0
55,2022-02-25 01:00:00,0.1241,0.1284,0.1205,0.1276,799509758.0,2022-02-26 00:59:59.999,99339704.0152,131729.0,394610571.0,49041065.2523,0.0
56,2022-02-26 01:00:00,0.1276,0.1306,0.1257,0.1276,531223949.0,2022-02-27 00:59:59.999,67936605.6052,87364.0,264034599.0,33772554.6181,0.0
57,2022-02-27 01:00:00,0.1276,0.1284,0.1209,0.1229,635411701.0,2022-02-28 00:59:59.999,79466421.6328,98850.0,308160776.0,38562774.9738,0.0
58,2022-02-28 01:00:00,0.123,0.1349,0.1213,0.1335,734786347.0,2022-03-01 00:59:59.999,93226670.4512,122865.0,392845986.0,49854101.9095,0.0
59,2022-03-01 01:00:00,0.1334,0.139,0.1297,0.134,925222290.0,2022-03-02 00:59:59.999,123564983.0935,158151.0,454781836.0,60756947.7858,0.0
60,2022-03-02 01:00:00,0.134,0.1373,0.1306,0.133,672511452.0,2022-03-03 00:59:59.999,89853516.1337,116521.0,330589990.0,44184749.0729,0.0
61,2022-03-03 01:00:00,0.133,0.1339,0.1271,0.1297,523496191.0,2022-03-04 00:59:59.999,68490030.5126,100557.0,247735453.0,32401463.7875,0.0
62,2022-03-04 01:00:00,0.1297,0.1302,0.12,0.1226,660309989.0,2022-03-05 00:59:59.999,83001834.0509,115814.0,313289101.0,39380480.9635,0.0
63,2022-03-05 01:00:00,0.1226,0.1256,0.1209,0.125,323924728.0,2022-03-06 00:59:59.999,39959043.8724,58768.0,156516983.0,19310209.8825,0.0
64,2022-03-06 01:00:00,0.1249,0.1256,0.1193,0.1207,386679370.0,2022-03-07 00:59:59.999,47420631.5594,75202.0,189779664.0,23280430.9673,0.0
65,2022-03-07 01:00:00,0.1207,0.1226,0.1132,0.1167,511547343.0,2022-03-08 00:59:59.999,60797673.3187,96499.0,255633071.0,30392930.5579,0.0
66,2022-03-08 01:00:00,0.1168,0.12,0.1152,0.117,545435466.0,2022-03-09 00:59:59.999,64282780.3031,94497.0,265086500.0,31245461.0864,0.0
67,2022-03-09 01:00:00,0.117,0.1245,0.1164,0.1215,538317389.0,2022-03-10 00:59:59.999,65487819.9602,100324.0,282242033.0,34312228.8587,0.0
68,2022-03-10 01:00:00,0.1215,0.1219,0.1145,0.1169,558495794.0,2022-03-11 00:59:59.999,65399400.457,94268.0,266110695.0,31152261.8926,0.0
69,2022-03-11 01:00:00,0.1169,0.1186,0.1137,0.1155,407557724.0,2022-03-12 00:59:59.999,47332538.5095,70497.0,197403265.0,22927155.2867,0.0
70,2022-03-12 01:00:00,0.1154,0.1173,0.1146,0.1147,214689375.0,2022-03-13 00:59:59.999,24944582.4179,42957.0,100064944.0,11631902.9924,0.0
71,2022-03-13 01:00:00,0.1147,0.1164,0.1099,0.1114,401940015.0,2022-03-14 00:59:59.999,45696820.4437,76195.0,200205239.0,22776879.0737,0.0
72,2022-03-14 01:00:00,0.1114,0.122,0.1102,0.1139,948724536.0,2022-03-15 00:59:59.999,109293070.661,142648.0,482524970.0,55576627.2851,0.0
73,2022-03-15 01:00:00,0.1139,0.1143,0.1101,0.1126,417039779.0,2022-03-16 00:59:59.999,46852675.1383,67179.0,213274508.0,23969261.2775,0.0
74,2022-03-16 01:00:00,0.1126,0.1171,0.1121,0.1171,548022368.0,2022-03-17 00:59:59.999,62626458.849,95577.0,275659888.0,31520774.267,0.0
75,2022-03-17 01:00:00,0.117,0.1194,0.1158,0.1163,444108919.0,2022-03-18 00:59:59.999,52079343.9242,70463.0,208872729.0,24499228.6595,0.0
76,2022-03-18 01:00:00,0.1164,0.1196,0.1142,0.1191,431655767.0,2022-03-19 00:59:59.999,50225238.4235,72814.0,205111144.0,23886178.2321,0.0
77,2022-03-19 01:00:00,0.1192,0.1251,0.1183,0.1236,678711412.0,2022-03-20 00:59:59.999,82752666.0781,125676.0,339894607.0,41424059.8562,0.0
78,2022-03-20 01:00:00,0.1235,0.1241,0.1174,0.1191,425713425.0,2022-03-21 00:59:59.999,51233957.8634,72191.0,183725980.0,22127511.8965,0.0
79,2022-03-21 01:00:00,0.1191,0.1217,0.1176,0.1192,403696503.0,2022-03-22 00:59:59.999,48265946.8891,75027.0,206600507.0,24704698.7759,0.0
80,2022-03-22 01:00:00,0.1193,0.1257,0.1186,0.1224,640695818.0,2022-03-23 00:59:59.999,78763665.2956,108852.0,318686581.0,39185555.0425,0.0
81,2022-03-23 01:00:00,0.1224,0.1314,0.121,0.1298,1136679760.0,2022-03-24 00:59:59.999,143902569.424,188709.0,574910647.0,72785747.4209,0.0
82,2022-03-24 01:00:00,0.1299,0.1413,0.1277,0.1368,2168603367.0,2022-03-25 00:59:59.999,295002518.0014,388811.0,1087265323.0,147923068.5646,0.0
83,2022-03-25 01:00:00,0.1368,0.1377,0.1274,0.1308,1191949148.0,2022-03-26 00:59:59.999,159055133.6597,181034.0,586434204.0,78283077.3718,0.0
84,2022-03-26 01:00:00,0.1308,0.1369,0.1289,0.136,780328909.0,2022-03-27 00:59:59.999,103966571.1626,125845.0,401401612.0,53479553.7754,0.0
85,2022-03-27 01:00:00,0.1361,0.1456,0.1354,0.1448,1864810242.0,2022-03-28 01:59:59.999,262487760.1338,330309.0,932082936.0,131241307.1636,0.0
86,2022-03-28 02:00:00,0.1447,0.1537,0.1406,0.1425,1905719594.0,2022-03-29 01:59:59.999,283833893.9669,350602.0,954604398.0,142240497.6745,0.0
87,2022-03-29 02:00:00,0.1424,0.1489,0.1404,0.1444,1173218699.0,2022-03-30 01:59:59.999,170284471.0566,187360.0,589643332.0,85610114.6734,0.0
88,2022-03-30 02:00:00,0.1444,0.1456,0.1379,0.1432,1131014248.0,2022-03-31 01:59:59.999,161160202.4198,170897.0,556549495.0,79335007.7441,0.0
89,2022-03-31 02:00:00,0.1431,0.148,0.1359,0.1381,1464999405.0,2022-04-01 01:59:59.999,208348718.7568,198636.0,705160748.0,100389742.5579,0.0
90,2022-04-01 02:00:00,0.1381,0.143,0.132,0.1413,1030256213.0,2022-04-02 01:59:59.999,141710757.4801,167265.0,517383250.0,71210903.3953,0.0
91,2022-04-02 02:00:00,0.1414,0.1445,0.1378,0.1387,804996467.0,2022-04-03 01:59:59.999,114155659.6984,132416.0,402837567.0,57147775.6931,0.0
92,2022-04-03 02:00:00,0.1387,0.1496,0.1362,0.1466,1229288569.0,2022-04-04 01:59:59.999,177342644.6458,227999.0,612465732.0,88342863.1189,0.0
93,2022-04-04 02:00:00,0.1465,0.1567,0.1412,0.1485,2703058960.0,2022-04-05 01:59:59.999,400091044.5882,508873.0,1366582833.0,202454973.0642,0.0
94,2022-04-05 02:00:00,0.1485,0.1796,0.1471,0.1727,6454340799.0,2022-04-06 01:59:59.999,1051143328.0815,1285123.0,3316920104.0,540134257.4456,0.0
95,2022-04-06 02:00:00,0.1727,0.1748,0.141,0.1433,5121714785.0,2022-04-07 01:59:59.999,798394034.0751,885187.0,2456816786.0,383420797.7542,0.0
96,2022-04-07 02:00:00,0.1432,0.1483,0.14,0.1459,1901323940.0,2022-04-08 01:59:59.999,274657540.8829,268958.0,915945037.0,132340656.1621,0.0
97,2022-04-08 02:00:00,0.1459,0.1534,0.1404,0.1424,2219140122.0,2022-04-09 01:59:59.999,327404865.7738,316228.0,1099083539.0,162220164.1866,0.0
98,2022-04-09 02:00:00,0.1423,0.1446,0.1405,0.1442,598706994.0,2022-04-10 01:59:59.999,85533936.6791,104463.0,293159096.0,41885949.87,0.0
99,2022-04-10 02:00:00,0.1442,0.1578,0.1435,0.1482,2653381549.0,2022-04-11 01:59:59.999,402339087.5243,440083.0,1316690755.0,199624673.9016,0.0
100,2022-04-11 02:00:00,0.1482,0.1515,0.1329,0.1341,2077944539.0,2022-04-12 01:59:59.999,295551510.5921,336976.0,982609806.0,139755737.2114,0.0
101,2022-04-12 02:00:00,0.134,0.1446,0.1332,0.138,1432968065.0,2022-04-13 01:59:59.999,198763674.2482,239645.0,724115650.0,100388869.0161,0.0
102,2022-04-13 02:00:00,0.138,0.1435,0.1362,0.1399,982887318.0,2022-04-14 01:59:59.999,137393251.8626,166895.0,515889592.0,72097393.4084,0.0
103,2022-04-14 02:00:00,0.14,0.1478,0.1368,0.1441,2218098250.0,2022-04-15 01:59:59.999,316371897.4894,347004.0,1127039874.0,160832610.2301,0.0
104,2022-04-15 02:00:00,0.1442,0.1498,0.1418,0.1458,1414074566.0,2022-04-16 01:59:59.999,206421725.1436,242481.0,723331407.0,105605181.6005,0.0
105,2022-04-16 02:00:00,0.1458,0.148,0.1414,0.1435,747201976.0,2022-04-17 01:59:59.999,107920654.559,126459.0,360742976.0,52094777.2852,0.0
106,2022-04-17 02:00:00,0.1435,0.145,0.1383,0.1392,693196715.0,2022-04-18 01:59:59.999,98798237.2005,118303.0,340769559.0,48581191.0419,0.0
107,2022-04-18 02:00:00,0.1392,0.1405,0.1327,0.1402,1219207335.0,2022-04-19 01:59:59.999,166631673.4024,172568.0,596502256.0,81548989.7467,0.0
108,2022-04-19 02:00:00,0.1401,0.1446,0.1391,0.1425,811386437.0,2022-04-20 01:59:59.999,114731377.7582,121222.0,408621729.0,57797610.0372,0.0
109,2022-04-20 02:00:00,0.1425,0.1468,0.1389,0.1407,1387121991.0,2022-04-21 01:59:59.999,198712438.6518,183954.0,699615979.0,100268190.3771,0.0
110,2022-04-21 02:00:00,0.1407,0.143,0.134,0.1362,873720271.0,2022-04-22 01:59:59.999,121931727.0683,134778.0,426350250.0,59530339.2994,0.0
111,2022-04-22 02:00:00,0.1362,0.1382,0.1346,0.1363,572175737.0,2022-04-23 01:59:59.999,78050873.8321,82694.0,270388385.0,36887707.0844,0.0
112,2022-04-23 02:00:00,0.1363,0.1368,0.1331,0.1339,337691149.0,2022-04-24 01:59:59.999,45561190.4933,56187.0,164426748.0,22183292.7874,0.0
113,2022-04-24 02:00:00,0.1338,0.1348,0.1309,0.1317,521764787.0,2022-04-25 01:59:59.999,69350563.4178,71201.0,246622640.0,32771318.1904,0.0
114,2022-04-25 02:00:00,0.1318,0.1711,0.1224,0.1581,7687212862.0,2022-04-26 01:59:59.999,1147372432.2386,1341383.0,3894347339.0,581469362.6779,0.0
115,2022-04-26 02:00:00,0.1582,0.1668,0.1354,0.1376,6993892003.0,2022-04-27 01:59:59.999,1069301464.5069,1199816.0,3483274584.0,533293267.1633,0.0
116,2022-04-27 02:00:00,0.1376,0.1456,0.135,0.14,2395315272.0,2022-04-28 01:59:59.999,336123088.5247,373346.0,1171750124.0,164454980.387,0.0
117,2022-04-28 02:00:00,0.1399,0.1433,0.1352,0.1375,1507644481.0,2022-04-29 01:59:59.999,209786452.3578,222069.0,724258920.0,100854196.854,0.0
118,2022-04-29 02:00:00,0.1375,0.1451,0.1331,0.1349,2002962085.0,2022-04-30 01:59:59.999,277934350.0211,327678.0,991503826.0,137693884.8291,0.0
119,2022-04-30 02:00:00,0.135,0.1368,0.1238,0.1274,1256533034.0,2022-05-01 01:59:59.999,164757599.6811,242872.0,576086632.0,75581669.9317,0.0
120,2022-05-01 02:00:00,0.1273,0.1366,0.126,0.1327,1208220038.0,2022-05-02 01:59:59.999,158692847.4427,186400.0,617237738.0,81085031.9331,0.0
121,2022-05-02 02:00:00,0.1327,0.134,0.1276,0.1308,791121203.0,2022-05-03 01:59:59.999,103670354.2818,119984.0,383750213.0,50302165.0932,0.0
122,2022-05-03 02:00:00,0.1308,0.132,0.1264,0.1295,602983927.0,2022-05-04 01:59:59.999,78261051.8947,86809.0,285554984.0,37070596.814,0.0
123,2022-05-04 02:00:00,0.1294,0.1363,0.129,0.1359,999925457.0,2022-05-05 01:59:59.999,131931283.3135,143213.0,525836097.0,69434094.965,0.0
124,2022-05-05 02:00:00,0.136,0.1378,0.125,0.1282,1663729207.0,2022-05-06 01:59:59.999,218173969.8404,239158.0,789153775.0,103593370.9702,0.0
125,2022-05-06 02:00:00,0.1281,0.1299,0.1234,0.1278,919219399.0,2022-05-07 01:59:59.999,116682459.5988,146685.0,457797529.0,58131262.671,0.0
126,2022-05-07 02:00:00,0.1277,0.1324,0.1245,0.1275,913433603.0,2022-05-08 01:59:59.999,117146687.0366,152856.0,447131574.0,57378688.5552,0.0
127,2022-05-08 02:00:00,0.1274,0.1283,0.1226,0.1241,770287457.0,2022-05-09 01:59:59.999,96542930.9894,124742.0,355107594.0,44507359.7334,0.0
128,2022-05-09 02:00:00,0.1241,0.1253,0.1001,0.1019,2102771008.3,2022-05-10 01:59:59.999,239113759.3231294,312051.0,1001714560.0,113857292.5067,0.0
129,2022-05-10 02:00:00,0.1018,0.1184,0.0992,0.108,1929997320.5,2022-05-11 01:59:59.999,210771372.329382,307346.0,947153411.0,103496510.088,0.0
130,2022-05-11 02:00:00,0.108,0.1109,0.0711,0.0853,4698607567.9,2022-05-12 01:59:59.999,440124665.1290712,639261.0,2215431843.4,207447076.2178,0.0
131,2022-05-12 02:00:00,0.0852,0.0899,0.0689,0.0826,4099690301.0,2022-05-13 01:59:59.999,324180510.4073929,612330.0,1908366291.0,150860320.0595,0.0
132,2022-05-13 02:00:00,0.0826,0.0964,0.082,0.0881,2571346706.0,2022-05-14 01:59:59.999,232985182.6653,342187.0,1283322512.0,116274419.613,0.0
133,2022-05-14 02:00:00,0.0881,0.092,0.0836,0.0894,1212363074.0,2022-05-15 01:59:59.999,106875054.287,179875.0,579372105.0,51067915.7042,0.0
134,2022-05-15 02:00:00,0.0895,0.0933,0.0864,0.0932,799028070.0,2022-05-16 01:59:59.999,71273603.9508,117569.0,400440161.0,35723347.0725,0.0
135,2022-05-16 02:00:00,0.0932,0.0932,0.0858,0.088,674846170.0,2022-05-17 01:59:59.999,59593088.4111,108447.0,331343287.0,29265885.3837,0.0
136,2022-05-17 02:00:00,0.088,0.0914,0.0869,0.0903,632579482.0,2022-05-18 01:59:59.999,56518959.3183,105455.0,315681236.0,28210916.1287,0.0
137,2022-05-18 02:00:00,0.0903,0.091,0.0831,0.0833,552003943.0,2022-05-19 01:59:59.999,47920803.8084,91933.0,272137616.0,23621426.8203,0.0
138,2022-05-19 02:00:00,0.0834,0.0876,0.0814,0.0866,537654022.0,2022-05-20 01:59:59.999,45628823.8841,101250.0,260830900.0,22134136.2883,0.0
139,2022-05-20 02:00:00,0.0866,0.088,0.0825,0.084,494642225.0,2022-05-21 01:59:59.999,42242911.2553,125585.0,226322567.0,19318807.8511,0.0
140,2022-05-21 02:00:00,0.084,0.0855,0.0824,0.0845,200173227.0,2022-05-22 01:59:59.999,16839511.2088,41884.0,102515764.0,8626060.468,0.0
141,2022-05-22 02:00:00,0.0844,0.0867,0.0838,0.0859,212040160.0,2022-05-23 01:59:59.999,18116210.7432,42904.0,106772098.0,9124128.9059,0.0
142,2022-05-23 02:00:00,0.0859,0.0884,0.0821,0.0833,491119625.0,2022-05-24 01:59:59.999,42231960.2234,77802.0,248060507.0,21337849.0241,0.0
143,2022-05-24 02:00:00,0.0833,0.0844,0.0801,0.0837,359716178.0,2022-05-25 01:59:59.999,29793056.7447,51015.0,184205120.0,15258722.4159,0.0
144,2022-05-25 02:00:00,0.0837,0.0845,0.0821,0.083,417147590.0,2022-05-26 01:59:59.999,34683533.0139,49561.0,206804829.0,17199859.8009,0.0
145,2022-05-26 02:00:00,0.0829,0.0837,0.075,0.0779,863761845.0,2022-05-27 01:59:59.999,68207421.01,99973.0,417950497.0,32984241.5372,0.0
146,2022-05-27 02:00:00,0.0779,0.09,0.076,0.0816,1955445636.0,2022-05-28 01:59:59.999,161102847.6199,254240.0,962628357.0,79342282.3437,0.0
147,2022-05-28 02:00:00,0.0815,0.0834,0.0808,0.0818,539169761.0,2022-05-29 01:59:59.999,44147605.091,70892.0,245593089.0,20122401.0879,0.0
148,2022-05-29 02:00:00,0.0818,0.0833,0.0798,0.0827,368598200.0,2022-05-30 01:59:59.999,30139562.1843,53700.0,185865592.0,15209054.6552,0.0
149,2022-05-30 02:00:00,0.0827,0.08857,0.0821,0.088,1210365782.0,2022-05-31 01:59:59.999,103736341.96524,175361.0,617740846.0,52958569.54562,0.0
150,2022-05-31 02:00:00,0.088,0.0885,0.08308,0.08591,1380975219.0,2022-06-01 01:59:59.999,118883517.63877,198304.0,683327868.0,58822868.63781,0.0
151,2022-06-01 02:00:00,0.0859,0.08952,0.07872,0.08105,2111914425.0,2022-06-02 01:59:59.999,179173789.19822,273373.0,1039628260.0,88198891.21361,0.0
152,2022-06-02 02:00:00,0.08106,0.08313,0.08001,0.08277,950935239.0,2022-06-03 01:59:59.999,77422479.03407,138166.0,480387395.0,39109218.22182,0.0
153,2022-06-03 02:00:00,0.08279,0.08296,0.07936,0.08029,719704158.0,2022-06-04 01:59:59.999,58286787.39083,112202.0,362573219.0,29356331.16779,0.0
154,2022-06-04 02:00:00,0.08033,0.08252,0.07932,0.08187,508858133.0,2022-06-05 01:59:59.999,41312175.35615,78651.0,253815801.0,20606473.55893,0.0
155,2022-06-05 02:00:00,0.08188,0.08225,0.0806,0.08107,372318514.0,2022-06-06 01:59:59.999,30371072.32997,63142.0,189998704.0,15500172.47488,0.0
156,2022-06-06 02:00:00,0.08108,0.08473,0.08089,0.0825,810064865.0,2022-06-07 01:59:59.999,67215049.35909,122162.0,418283131.0,34707359.59487,0.0
157,2022-06-07 02:00:00,0.0825,0.08258,0.07769,0.08039,733934095.0,2022-06-08 01:59:59.999,58834598.51563,123942.0,364334608.0,29223923.21214,0.0
158,2022-06-08 02:00:00,0.08039,0.0816,0.0788,0.07927,536757669.0,2022-06-09 01:59:59.999,42979808.21191,95641.0,267804314.0,21448195.20195,0.0
159,2022-06-09 02:00:00,0.07927,0.08105,0.07893,0.07937,322805496.0,2022-06-10 01:59:59.999,25765458.37242,64815.0,162609445.0,12979822.04878,0.0
160,2022-06-10 02:00:00,0.07937,0.07974,0.07423,0.07539,584554571.0,2022-06-11 01:59:59.999,45010854.55354,105310.0,290066230.0,22329499.7282,0.0
161,2022-06-11 02:00:00,0.07538,0.07649,0.06793,0.06993,750865386.0,2022-06-12 01:59:59.999,53683178.03036,131409.0,367004007.0,26234279.29483,0.0
162,2022-06-12 02:00:00,0.06994,0.07037,0.06344,0.06353,1339377069.7,2022-06-13 01:59:59.999,88779563.9790248,214387.0,623891692.0,41380135.07304,0.0
163,2022-06-13 02:00:00,0.06352,0.06627,0.05234,0.0542,3222482666.2,2022-06-14 01:59:59.999,183236473.6661945,519889.0,1595743105.4,90790145.27431,0.0
164,2022-06-14 02:00:00,0.05418,0.05842,0.04978,0.05555,2292552206.0,2022-06-15 01:59:59.999,125432740.9097084,353154.0,1127044979.0,61660572.91287,0.0
165,2022-06-15 02:00:00,0.05556,0.06394,0.05041,0.06285,2340963490.0,2022-06-16 01:59:59.999,128648902.12516,391699.0,1172920560.0,64464498.45754,0.0
166,2022-06-16 02:00:00,0.06285,0.06285,0.05421,0.05523,1635504912.0,2022-06-17 01:59:59.999,94401491.76816,258302.0,808896252.0,46682588.11335,0.0
167,2022-06-17 02:00:00,0.05523,0.05814,0.05463,0.05689,694665887.0,2022-06-18 01:59:59.999,39400049.44512,120789.0,342805868.0,19441135.14138,0.0
168,2022-06-18 02:00:00,0.0569,0.05787,0.04914,0.0529,1478029999.0,2022-06-19 01:59:59.999,78653187.16525,234084.0,746054576.0,39714549.47371,0.0
169,2022-06-19 02:00:00,0.05289,0.0629,0.05116,0.06047,2339917678.0,2022-06-20 01:59:59.999,133346502.12006,397192.0,1172282748.0,66828776.18122,0.0
170,2022-06-20 02:00:00,0.06046,0.06152,0.05744,0.06002,963247514.0,2022-06-21 01:59:59.999,57195844.19724,184453.0,475173731.0,28217181.60921,0.0
171,2022-06-21 02:00:00,0.06002,0.06993,0.05896,0.06581,2221434344.0,2022-06-22 01:59:59.999,144904487.74883,386924.0,1120351796.0,73070255.48577,0.0
172,2022-06-22 02:00:00,0.06583,0.06583,0.06105,0.0617,1245199586.0,2022-06-23 01:59:59.999,78422432.89696,232702.0,590509796.0,37196835.92077,0.0
173,2022-06-23 02:00:00,0.06172,0.06476,0.06155,0.06398,826794075.0,2022-06-24 01:59:59.999,52477537.64891,131736.0,400874798.0,25440610.2074,0.0
174,2022-06-24 02:00:00,0.06398,0.06854,0.06391,0.06694,897806951.0,2022-06-25 01:59:59.999,59396860.79661,155576.0,437790640.0,28984912.51718,0.0
175,2022-06-25 02:00:00,0.06694,0.06934,0.0651,0.06852,767798491.0,2022-06-26 01:59:59.999,51757596.91645,134228.0,378697102.0,25538987.89711,0.0
176,2022-06-26 02:00:00,0.06852,0.07759,0.06719,0.07296,1762543405.0,2022-06-27 01:59:59.999,127948048.33162,327553.0,915707766.0,66476695.49169,0.0
177,2022-06-27 02:00:00,0.07297,0.0788,0.0705,0.07216,1823287836.0,2022-06-28 01:59:59.999,136307639.09611,350225.0,917972744.0,68618097.86188,0.0
178,2022-06-28 02:00:00,0.07218,0.0734,0.0654,0.0661,1134861583.0,2022-06-29 01:59:59.999,79223772.7859,205405.0,538523513.0,37586577.80758,0.0
179,2022-06-29 02:00:00,0.0661,0.07159,0.06409,0.06956,1112315068.0,2022-06-30 01:59:59.999,75029965.78287,216150.0,552813315.0,37338460.08002,0.0
180,2022-06-30 02:00:00,0.06958,0.06973,0.06227,0.06644,1057005992.0,2022-07-01 01:59:59.999,68718354.41226,218258.0,518252551.0,33701730.02738,0.0
181,2022-07-01 02:00:00,0.06642,0.06846,0.06386,0.06644,872749922.0,2022-07-02 01:59:59.999,57629359.70038,173602.0,433545124.0,28632314.9184,0.0
182,2022-07-02 02:00:00,0.06645,0.068,0.0655,0.06667,618971181.0,2022-07-03 01:59:59.999,41350431.9297,127773.0,321212819.0,21459443.71757,0.0
183,2022-07-03 02:00:00,0.06667,0.0675,0.06482,0.06721,437895956.0,2022-07-04 01:59:59.999,28974235.9598,85450.0,221223208.0,14633743.81826,0.0
184,2022-07-04 02:00:00,0.06721,0.06981,0.06566,0.06938,647421086.0,2022-07-05 01:59:59.999,43855197.21635,119132.0,326662878.0,22137798.10655,0.0
185,2022-07-05 02:00:00,0.06937,0.07002,0.0655,0.06716,634033746.0,2022-07-06 01:59:59.999,42994496.94514,128561.0,324149210.0,22001168.30469,0.0
186,2022-07-06 02:00:00,0.06716,0.0693,0.06616,0.06844,643845555.0,2022-07-07 01:59:59.999,43652824.59127,120657.0,335880023.0,22775475.24815,0.0
187,2022-07-07 02:00:00,0.06843,0.07122,0.06786,0.07055,698711394.0,2022-07-08 01:59:59.999,48639931.15523,117622.0,375306663.0,26136286.27603,0.0
188,2022-07-08 02:00:00,0.07056,0.0735,0.06823,0.06906,767634396.0,2022-07-09 01:59:59.999,53866869.99886,144875.0,359428736.0,25221557.36004,0.0
189,2022-07-09 02:00:00,0.06906,0.07019,0.06881,0.06947,356555177.0,2022-07-10 01:59:59.999,24788969.66587,65425.0,161932460.0,11260005.10413,0.0
190,2022-07-10 02:00:00,0.06947,0.0695,0.06626,0.06728,500345310.0,2022-07-11 01:59:59.999,33772694.86866,76057.0,227789955.0,15369143.85305,0.0
191,2022-07-11 02:00:00,0.06728,0.06729,0.06119,0.06175,567740257.0,2022-07-12 01:59:59.999,36619245.03575,99063.0,300728323.0,19392563.29738,0.0
192,2022-07-12 02:00:00,0.06175,0.06316,0.05972,0.05982,490698646.0,2022-07-13 01:59:59.999,30143407.77588,91247.0,251754760.0,15458360.84961,0.0
193,2022-07-13 02:00:00,0.05981,0.06235,0.05754,0.06194,765623144.0,2022-07-14 01:59:59.999,46058378.1556,135523.0,373431631.0,22467561.78594,0.0
194,2022-07-14 02:00:00,0.06194,0.06282,0.05946,0.06246,619370560.0,2022-07-15 01:59:59.999,37889836.80867,100279.0,306213926.0,18740242.38538,0.0
195,2022-07-15 02:00:00,0.06247,0.06443,0.06162,0.06294,651264714.0,2022-07-16 01:59:59.999,41111678.24732,119396.0,332248918.0,20970280.0831,0.0
196,2022-07-16 02:00:00,0.06293,0.06484,0.06176,0.06439,450542104.0,2022-07-17 01:59:59.999,28598349.07682,86274.0,231424692.0,14703969.34202,0.0
197,2022-07-17 02:00:00,0.06437,0.06552,0.06289,0.06306,413264543.0,2022-07-18 01:59:59.999,26531191.9023,80443.0,200988031.0,12911308.01984,0.0
198,2022-07-18 02:00:00,0.06306,0.06897,0.06299,0.06756,1153131436.0,2022-07-19 01:59:59.999,76698811.25945,211722.0,615008434.0,40899816.16179,0.0
199,2022-07-19 02:00:00,0.06755,0.07025,0.06539,0.06901,1049353576.0,2022-07-20 01:59:59.999,71280807.39764,211211.0,553741012.0,37634887.6932,0.0
200,2022-07-20 02:00:00,0.06902,0.07695,0.06769,0.07014,1879167633.0,2022-07-21 01:59:59.999,136124920.87375,393791.0,945888943.0,68561985.68658,0.0
201,2022-07-21 02:00:00,0.07012,0.07091,0.06691,0.06998,831525229.0,2022-07-22 01:59:59.999,57296862.70056,167881.0,415004833.0,28609706.85107,0.0
202,2022-07-22 02:00:00,0.06997,0.07141,0.0667,0.06743,698239065.0,2022-07-23 01:59:59.999,48427831.55123,140701.0,334505799.0,23217351.99353,0.0
203,2022-07-23 02:00:00,0.06743,0.0695,0.06594,0.06804,574830361.0,2022-07-24 01:59:59.999,38863079.68434,115180.0,269150512.0,18204125.24454,0.0
204,2022-07-24 02:00:00,0.06802,0.06893,0.06721,0.06755,422181889.0,2022-07-25 01:59:59.999,28833198.0095,81519.0,207446149.0,14164384.22726,0.0
205,2022-07-25 02:00:00,0.06755,0.06799,0.06175,0.06193,699294463.0,2022-07-26 01:59:59.999,45313108.85976,136385.0,322764030.0,20902523.62314,0.0
206,2022-07-26 02:00:00,0.06194,0.06267,0.06011,0.06252,598070119.0,2022-07-27 01:59:59.999,36715804.47835,108008.0,254367012.0,15613432.23578,0.0
207,2022-07-27 02:00:00,0.06253,0.06722,0.06178,0.06721,722135201.0,2022-07-28 01:59:59.999,46414228.10884,120098.0,375314446.0,24141431.92383,0.0
208,2022-07-28 02:00:00,0.06722,0.07089,0.06518,0.06909,947954323.0,2022-07-29 01:59:59.999,64139627.45806,173112.0,485220909.0,32832808.66546,0.0
209,2022-07-29 02:00:00,0.06912,0.07244,0.06723,0.06877,1006131726.0,2022-07-30 01:59:59.999,70028114.06012,208331.0,521882721.0,36320810.5331,0.0
210,2022-07-30 02:00:00,0.06879,0.07454,0.06788,0.06965,1305533142.0,2022-07-31 01:59:59.999,93038892.43579,252675.0,655093894.0,46687366.95428,0.0
211,2022-07-31 02:00:00,0.06966,0.07225,0.06771,0.06807,789967033.0,2022-08-01 01:59:59.999,55406419.32442,150464.0,396637118.0,27822130.72523,0.0
212,2022-08-01 02:00:00,0.06809,0.07128,0.06682,0.06845,770509779.0,2022-08-02 01:59:59.999,52890145.22155,148817.0,400395881.0,27490317.74225,0.0
213,2022-08-02 02:00:00,0.06845,0.06913,0.06546,0.06652,571786789.0,2022-08-03 01:59:59.999,38263225.02652,122520.0,288623302.0,19323729.94181,0.0
214,2022-08-03 02:00:00,0.06652,0.06842,0.06509,0.06621,475501306.0,2022-08-04 01:59:59.999,31901099.46224,97042.0,243196433.0,16336300.01394,0.0
215,2022-08-04 02:00:00,0.06621,0.06767,0.06574,0.06725,417953599.0,2022-08-05 01:59:59.999,27891714.90145,85584.0,207417226.0,13844104.08299,0.0
216,2022-08-05 02:00:00,0.06725,0.07028,0.06717,0.06981,655343802.0,2022-08-06 01:59:59.999,45187095.79871,117930.0,341493125.0,23541983.93204,0.0
217,2022-08-06 02:00:00,0.06981,0.07133,0.0684,0.06863,515275101.0,2022-08-07 01:59:59.999,35996342.73437,84616.0,256508809.0,17917244.47744,0.0
218,2022-08-07 02:00:00,0.06863,0.07,0.06735,0.06897,334443472.0,2022-08-08 01:59:59.999,23010367.80449,62626.0,169134124.0,11646246.74882,0.0
219,2022-08-08 02:00:00,0.06896,0.07258,0.06881,0.07011,791973876.0,2022-08-09 01:59:59.999,55880993.42293,120684.0,407222209.0,28729389.19834,0.0
220,2022-08-09 02:00:00,0.07009,0.075,0.06743,0.06904,1319171735.0,2022-08-10 01:59:59.999,93675515.65975,209593.0,667092824.0,47457857.01526,0.0
221,2022-08-10 02:00:00,0.06902,0.07147,0.06649,0.07126,864532997.0,2022-08-11 01:59:59.999,60269762.27526,141421.0,433899360.0,30292453.50204,0.0
222,2022-08-11 02:00:00,0.07126,0.0755,0.07042,0.07084,1244652711.0,2022-08-12 01:59:59.999,90027449.51609,193542.0,657465058.0,47558517.04443,0.0
223,2022-08-12 02:00:00,0.07085,0.07275,0.06966,0.0723,558720656.0,2022-08-13 01:59:59.999,39743070.26094,89846.0,282681109.0,20121637.9318,0.0
224,2022-08-13 02:00:00,0.07232,0.07517,0.0718,0.07293,814196356.0,2022-08-14 01:59:59.999,59835990.93462,129095.0,408054575.0,29992364.75237,0.0
225,2022-08-14 02:00:00,0.07292,0.08494,0.07262,0.08168,3169284659.0,2022-08-15 01:59:59.999,250618168.79897,532696.0,1609589826.0,127246453.81659,0.0
226,2022-08-15 02:00:00,0.08168,0.08203,0.07467,0.07662,1760099314.0,2022-08-16 01:59:59.999,136804167.31093,277498.0,843201287.0,65560058.6856,0.0
227,2022-08-16 02:00:00,0.07663,0.08962,0.07615,0.08677,4011386761.0,2022-08-17 01:59:59.999,340605368.97791,752568.0,1997521624.0,169570117.16609,0.0
228,2022-08-17 02:00:00,0.08677,0.08897,0.07933,0.08021,2056226341.0,2022-08-18 01:59:59.999,172611549.57315,405868.0,1003053160.0,84218301.75797,0.0
229,2022-08-18 02:00:00,0.08021,0.08229,0.07347,0.07474,1299546363.0,2022-08-19 01:59:59.999,102929979.46226,259237.0,636902103.0,50500166.67819,0.0
230,2022-08-19 02:00:00,0.07474,0.07529,0.06702,0.06776,2379477045.0,2022-08-20 01:59:59.999,168029925.32561,401666.0,1106075426.0,78073856.84555,0.0
231,2022-08-20 02:00:00,0.06777,0.07118,0.06764,0.06933,1258894600.0,2022-08-21 01:59:59.999,87443532.84146,204560.0,618457472.0,42968610.07958,0.0
232,2022-08-21 02:00:00,0.06934,0.0708,0.06739,0.06932,1013563879.0,2022-08-22 01:59:59.999,70057646.24807,155807.0,504059899.0,34841726.78299,0.0
233,2022-08-22 02:00:00,0.06933,0.06942,0.06518,0.0684,884457833.0,2022-08-23 01:59:59.999,59378487.97607,145254.0,443506590.0,29778003.49018,0.0
234,2022-08-23 02:00:00,0.06841,0.06923,0.06687,0.06884,498322188.0,2022-08-24 01:59:59.999,34066084.81716,94894.0,259416442.0,17733647.31028,0.0
235,2022-08-24 02:00:00,0.06884,0.06967,0.06703,0.06791,536623127.0,2022-08-25 01:59:59.999,36591184.20362,92822.0,267575225.0,18246305.2502,0.0
236,2022-08-25 02:00:00,0.06791,0.07185,0.06761,0.06898,904268436.0,2022-08-26 01:59:59.999,62766250.38044,137328.0,445998689.0,30962483.5735,0.0
237,2022-08-26 02:00:00,0.06898,0.06957,0.06273,0.06351,1220146376.0,2022-08-27 01:59:59.999,81314351.02837,197815.0,561686612.0,37475777.87562,0.0
238,2022-08-27 02:00:00,0.06351,0.06412,0.06225,0.06351,713605775.0,2022-08-28 01:59:59.999,45229400.8519,108895.0,345027069.0,21871253.83175,0.0
239,2022-08-28 02:00:00,0.06353,0.06432,0.06129,0.06178,533481708.0,2022-08-29 01:59:59.999,33846104.97716,86127.0,250017284.0,15865230.11465,0.0
240,2022-08-29 02:00:00,0.06177,0.06409,0.06088,0.06384,599200371.0,2022-08-30 01:59:59.999,37465302.10047,98535.0,297407769.0,18606819.31426,0.0
241,2022-08-30 02:00:00,0.06383,0.06448,0.06007,0.06154,611034766.0,2022-08-31 01:59:59.999,38167405.14211,97424.0,307864816.0,19255118.6585,0.0
242,2022-08-31 02:00:00,0.06155,0.06346,0.06072,0.06135,550957335.0,2022-09-01 01:59:59.999,34364230.04412,86619.0,288378791.0,17984706.82329,0.0
243,2022-09-01 02:00:00,0.06134,0.06263,0.05988,0.06239,567020740.0,2022-09-02 01:59:59.999,34684316.50633,93637.0,288178784.0,17634624.087,0.0
244,2022-09-02 02:00:00,0.06238,0.06288,0.06068,0.06165,436731244.0,2022-09-03 01:59:59.999,27026922.44934,71654.0,209435790.0,12968016.47081,0.0
245,2022-09-03 02:00:00,0.06164,0.06403,0.06112,0.06271,506474868.0,2022-09-04 01:59:59.999,31647515.43153,76020.0,259319208.0,16211004.46844,0.0
246,2022-09-04 02:00:00,0.06272,0.06391,0.06187,0.06323,426054692.0,2022-09-05 01:59:59.999,26853885.68057,67731.0,223568417.0,14092743.01226,0.0
247,2022-09-05 02:00:00,0.06323,0.06374,0.06092,0.06275,394413001.0,2022-09-06 01:59:59.999,24517576.85927,63748.0,191656083.0,11917466.48653,0.0
248,2022-09-06 02:00:00,0.06275,0.06531,0.058,0.05889,1030694821.0,2022-09-07 01:59:59.999,63514276.34207,170358.0,485493041.0,29967411.53104,0.0
249,2022-09-07 02:00:00,0.05888,0.06155,0.05737,0.06097,572781904.0,2022-09-08 01:59:59.999,34165531.24651,89347.0,279492940.0,16679111.62717,0.0
250,2022-09-08 02:00:00,0.06098,0.06142,0.05965,0.06096,474879318.0,2022-09-09 01:59:59.999,28768305.85779,72624.0,247721149.0,15008475.76218,0.0
251,2022-09-09 02:00:00,0.06099,0.06489,0.0609,0.06385,1042646377.0,2022-09-10 01:59:59.999,65998539.36936,151533.0,548797929.0,34735659.04942,0.0
252,2022-09-10 02:00:00,0.06386,0.06557,0.06315,0.06466,860544762.0,2022-09-11 01:59:59.999,55200771.29684,123083.0,449443115.0,28832208.09167,0.0
253,2022-09-11 02:00:00,0.06467,0.06531,0.06261,0.06369,712921351.0,2022-09-12 01:59:59.999,45630590.89664,90750.0,356562065.0,22810361.2158,0.0
254,2022-09-12 02:00:00,0.06369,0.06545,0.06261,0.06393,676230761.0,2022-09-13 01:59:59.999,43219555.3989,108736.0,357522388.0,22860917.88614,0.0
255,2022-09-13 02:00:00,0.06395,0.06419,0.05921,0.05964,1028728701.0,2022-09-14 01:59:59.999,63391262.45387,150257.0,468099092.0,28894513.16418,0.0
256,2022-09-14 02:00:00,0.05965,0.0615,0.05914,0.06115,689192149.0,2022-09-15 01:59:59.999,41798988.64929,97112.0,340029507.0,20617330.77615,0.0
257,2022-09-15 02:00:00,0.06114,0.06121,0.05847,0.0586,674751292.0,2022-09-16 01:59:59.999,40347892.64479,96278.0,341707801.0,20405591.02113,0.0
258,2022-09-16 02:00:00,0.05862,0.0605,0.05807,0.06046,481393122.0,2022-09-17 01:59:59.999,28607431.91937,70575.0,218870853.0,13005693.19957,0.0
259,2022-09-17 02:00:00,0.06045,0.06241,0.0602,0.0622,440603174.0,2022-09-18 01:59:59.999,27041972.67826,61471.0,231330311.0,14207775.23554,0.0
260,2022-09-18 02:00:00,0.0622,0.06225,0.05628,0.05743,600769480.0,2022-09-19 01:59:59.999,35863959.74632,100983.0,271791070.0,16214213.51192,0.0
261,2022-09-19 02:00:00,0.05744,0.05881,0.05588,0.05853,624550093.0,2022-09-20 01:59:59.999,35716492.84438,94666.0,291505051.0,16674031.42815,0.0
262,2022-09-20 02:00:00,0.05852,0.06064,0.05759,0.05839,518174761.0,2022-09-21 01:59:59.999,30492514.28728,81153.0,251063623.0,14779211.1427,0.0
263,2022-09-21 02:00:00,0.0584,0.06091,0.05606,0.05715,802984616.0,2022-09-22 01:59:59.999,47073505.85546,139420.0,389566403.0,22849082.80189,0.0
264,2022-09-22 02:00:00,0.05715,0.06007,0.05682,0.05958,485039595.0,2022-09-23 01:59:59.999,28483271.56462,70300.0,253875237.0,14918908.86498,0.0
265,2022-09-23 02:00:00,0.05959,0.06431,0.05912,0.06337,1396167433.0,2022-09-24 01:59:59.999,86371325.55363,259047.0,752290330.0,46536010.68128,0.0
266,2022-09-24 02:00:00,0.06337,0.06831,0.06239,0.0631,2594470223.0,2022-09-25 01:59:59.999,170902713.06413,349390.0,1296546497.0,85402432.397,0.0
267,2022-09-25 02:00:00,0.0631,0.06388,0.06004,0.06117,773373679.0,2022-09-26 01:59:59.999,48276106.40898,110041.0,354604821.0,22142508.82924,0.0
268,2022-09-26 02:00:00,0.06117,0.06188,0.05972,0.06113,586568692.0,2022-09-27 01:59:59.999,35756992.15055,91888.0,276835187.0,16882578.71068,0.0
269,2022-09-27 02:00:00,0.06112,0.06307,0.05973,0.06048,580177161.0,2022-09-28 01:59:59.999,35773053.65668,95709.0,281864805.0,17395536.27048,0.0
270,2022-09-28 02:00:00,0.0605,0.06113,0.05848,0.06051,501123807.0,2022-09-29 01:59:59.999,30036516.5545,79377.0,235412543.0,14122389.4844,0.0
271,2022-09-29 02:00:00,0.06051,0.06108,0.05927,0.06086,399104883.0,2022-09-30 01:59:59.999,24049395.58313,54785.0,190828418.0,11502618.56177,0.0
272,2022-09-30 02:00:00,0.06088,0.06228,0.05954,0.06167,685383674.0,2022-10-01 01:59:59.999,41664780.96731,102479.0,336209931.0,20446900.68882,0.0
273,2022-10-01 02:00:00,0.06168,0.06316,0.06025,0.06059,716678180.0,2022-10-02 01:59:59.999,44059482.24182,98562.0,334664739.0,20581461.12235,0.0
274,2022-10-02 02:00:00,0.0606,0.06096,0.0588,0.05927,337873392.0,2022-10-03 01:59:59.999,20272146.94784,51539.0,163467479.0,9808284.19857,0.0
275,2022-10-03 02:00:00,0.05926,0.06058,0.05879,0.06034,317408954.0,2022-10-04 01:59:59.999,19020021.38669,53939.0,163761660.0,9816122.09951,0.0
276,2022-10-04 02:00:00,0.06033,0.06645,0.05994,0.06584,1976517731.0,2022-10-05 01:59:59.999,126403288.6458,255886.0,1025595350.0,65550608.81463,0.0
277,2022-10-05 02:00:00,0.06584,0.06687,0.06262,0.06478,1259186373.0,2022-10-06 01:59:59.999,81341592.85263,204016.0,626443041.0,40480357.42891,0.0
278,2022-10-06 02:00:00,0.06479,0.06686,0.06279,0.06345,685939526.0,2022-10-07 01:59:59.999,44477017.14141,123088.0,336667242.0,21836911.67965,0.0
279,2022-10-07 02:00:00,0.06345,0.06383,0.06124,0.06235,500880550.0,2022-10-08 01:59:59.999,31312992.836,82519.0,238816779.0,14933494.34246,0.0
280,2022-10-08 02:00:00,0.06237,0.06268,0.06118,0.06165,230874372.0,2022-10-09 01:59:59.999,14343832.54382,40902.0,104117912.0,6471543.04911,0.0
281,2022-10-09 02:00:00,0.06164,0.0624,0.06116,0.06212,226968934.0,2022-10-10 01:59:59.999,14029368.68017,36649.0,111883664.0,6915398.48824,0.0
282,2022-10-10 02:00:00,0.0621,0.0625,0.0592,0.05938,386782574.0,2022-10-11 01:59:59.999,23509791.67939,69301.0,171407818.0,10425045.74065,0.0
283,2022-10-11 02:00:00,0.05938,0.06099,0.0575,0.06025,478062235.0,2022-10-12 01:59:59.999,28383618.84857,98457.0,229068330.0,13603634.77628,0.0
284,2022-10-12 02:00:00,0.06025,0.06099,0.05927,0.05981,252208137.0,2022-10-13 01:59:59.999,15156606.6674,56777.0,125634312.0,7548500.64914,0.0
285,2022-10-13 02:00:00,0.05979,0.06024,0.05509,0.05965,761866013.0,2022-10-14 01:59:59.999,44151859.8439,152393.0,371133389.0,21536098.25189,0.0
286,2022-10-14 02:00:00,0.05964,0.06103,0.05809,0.05866,327532810.0,2022-10-15 01:59:59.999,19607691.71104,68949.0,155527802.0,9319061.74693,0.0
287,2022-10-15 02:00:00,0.05865,0.05978,0.05797,0.05857,249335168.0,2022-10-16 01:59:59.999,14666740.85068,46626.0,118693582.0,6981749.76582,0.0
288,2022-10-16 02:00:00,0.05857,0.05946,0.05847,0.05891,160481253.0,2022-10-17 01:59:59.999,9462727.56161,36500.0,76383905.0,4505123.8661,0.0
289,2022-10-17 02:00:00,0.0589,0.06017,0.05854,0.05998,194737870.0,2022-10-18 01:59:59.999,11577811.77047,42910.0,104724203.0,6228208.05682,0.0
290,2022-10-18 02:00:00,0.05997,0.06116,0.05854,0.05976,351446283.0,2022-10-19 01:59:59.999,20960813.99784,67255.0,175568668.0,10475027.72507,0.0
291,2022-10-19 02:00:00,0.05975,0.0608,0.05821,0.05868,458718503.0,2022-10-20 01:59:59.999,27312151.22634,89851.0,233819383.0,13930707.61416,0.0
292,2022-10-20 02:00:00,0.05868,0.06037,0.05823,0.05942,340532633.0,2022-10-21 01:59:59.999,20302196.85916,69988.0,165609614.0,9876317.70022,0.0
293,2022-10-21 02:00:00,0.05942,0.05951,0.05709,0.05933,287377970.0,2022-10-22 01:59:59.999,16820454.62145,63406.0,137584934.0,8057672.2807,0.0
294,2022-10-22 02:00:00,0.05933,0.0599,0.0591,0.05968,198858373.0,2022-10-23 01:59:59.999,11826382.24416,37146.0,110849973.0,6592551.33244,0.0
295,2022-10-23 02:00:00,0.05969,0.0605,0.05865,0.06038,249563654.0,2022-10-24 01:59:59.999,14889542.95298,48364.0,135325765.0,8078754.91177,0.0
296,2022-10-24 02:00:00,0.06038,0.06092,0.05866,0.05945,344276898.0,2022-10-25 01:59:59.999,20517881.69431,61518.0,167062832.0,9959898.90397,0.0
297,2022-10-25 02:00:00,0.05944,0.06428,0.05913,0.06305,1024580884.0,2022-10-26 01:59:59.999,63512078.12967,188566.0,534841373.0,33171160.96058,0.0
298,2022-10-26 02:00:00,0.06304,0.07361,0.0626,0.07265,2893785380.0,2022-10-27 01:59:59.999,198449308.69507,541272.0,1510146668.0,103531684.74909,0.0
299,2022-10-27 02:00:00,0.07265,0.08552,0.07172,0.07689,5263995288.0,2022-10-28 01:59:59.999,410779648.60063,1100604.0,2645584367.0,206468809.62349,0.0
300,2022-10-28 02:00:00,0.07686,0.08849,0.0725,0.08387,6297011393.0,2022-10-29 01:59:59.999,510559448.88093,1194899.0,3097568634.0,251083759.33403,0.0
301,2022-10-29 02:00:00,0.08387,0.1515,0.08285,0.12176,15308814618.0,2022-10-30 01:59:59.999,1798336067.34029,3566595.0,7761501012.0,911002436.24032,0.0
302,2022-10-30 02:00:00,0.12176,0.1435,0.11122,0.11773,9155956957.0,2022-10-31 00:59:59.999,1141170407.6575,2261840.0,4630363418.0,577365913.02931,0.0
303,2022-10-31 01:00:00,0.11774,0.1318,0.11373,0.12686,7416828751.0,2022-11-01 00:59:59.999,911376670.59762,1775888.0,3715091314.0,457036814.53182,0.0
304,2022-11-01 01:00:00,0.12685,0.15893,0.12448,0.14211,9951558350.0,2022-11-02 00:59:59.999,1411667775.59788,2491954.0,5107289464.0,724545754.93101,0.0
305,2022-11-02 01:00:00,0.14211,0.148,0.122,0.12765,6438544218.0,2022-11-03 00:59:59.999,867245133.93269,1769568.0,3102163294.0,418265266.01538,0.0
306,2022-11-03 01:00:00,0.12766,0.13699,0.12,0.12262,3814668576.0,2022-11-04 00:59:59.999,496730355.76447,906771.0,1904936695.0,248249509.22591,0.0
307,2022-11-04 01:00:00,0.12262,0.12915,0.11552,0.12613,4491405373.0,2022-11-05 00:59:59.999,548496239.72487,1005024.0,2205073370.0,269446766.66689,0.0
308,2022-11-05 01:00:00,0.12612,0.136,0.12013,0.12445,2575911841.0,2022-11-06 00:59:59.999,331281649.24698,695074.0,1270154107.0,163337339.12877,0.0
309,2022-11-06 01:00:00,0.12444,0.1277,0.11183,0.11477,1828089235.0,2022-11-07 00:59:59.999,221758203.0087,485972.0,883404024.0,107177560.68917,0.0
310,2022-11-07 01:00:00,0.11477,0.11908,0.10717,0.11123,1960584662.0,2022-11-08 00:59:59.999,225174032.74715,500514.0,965643859.0,111028068.37709,0.0
311,2022-11-08 01:00:00,0.11124,0.113,0.0777,0.08827,6869827495.0,2022-11-09 00:59:59.999,670413319.38954,1370546.0,3280973249.0,321696094.83639,0.0
312,2022-11-09 01:00:00,0.08827,0.09219,0.07053,0.0745,5778334733.0,2022-11-10 00:59:59.999,480982925.20811,1239937.0,2729819141.0,227921692.59247,0.0
313,2022-11-10 01:00:00,0.07452,0.09461,0.07306,0.08978,4922943119.0,2022-11-11 00:59:59.999,417803493.34345,999408.0,2371352035.0,201418565.84329,0.0
314,2022-11-11 01:00:00,0.08976,0.09355,0.08001,0.08509,2597129664.0,2022-11-12 00:59:59.999,221816642.55829,588140.0,1316122312.0,112485220.67706,0.0
315,2022-11-12 01:00:00,0.08511,0.0952,0.07845,0.08815,3871215593.0,2022-11-13 00:59:59.999,343823332.72233,847178.0,1928527192.0,171423512.62352,0.0
316,2022-11-13 01:00:00,0.08814,0.09157,0.08269,0.08495,2193482956.0,2022-11-14 00:59:59.999,191097547.85205,512861.0,1122484182.0,97751660.62878,0.0
317,2022-11-14 01:00:00,0.08496,0.0915,0.07917,0.08595,2525683803.0,2022-11-15 00:59:59.999,215477469.71021,607486.0,1222855529.0,104330606.48664,0.0
318,2022-11-15 01:00:00,0.08594,0.0895,0.0847,0.08706,1318756115.0,2022-11-16 00:59:59.999,114993655.98584,338530.0,641994008.0,56008044.31565,0.0
319,2022-11-16 01:00:00,0.08705,0.09121,0.08338,0.08548,1621532204.0,2022-11-17 00:59:59.999,141081880.99413,389739.0,826343527.0,71962474.57713,0.0
320,2022-11-17 01:00:00,0.08549,0.08729,0.08233,0.08467,1133495442.0,2022-11-18 00:59:59.999,96129101.7608,273758.0,528191460.0,44806944.7249,0.0
321,2022-11-18 01:00:00,0.08467,0.08679,0.08363,0.08474,818587592.0,2022-11-19 00:59:59.999,69702485.03383,167670.0,396342838.0,33758939.25914,0.0
322,2022-11-19 01:00:00,0.08474,0.085,0.08303,0.08455,489697622.0,2022-11-20 00:59:59.999,41155367.50098,104289.0,251231850.0,21113719.93053,0.0
323,2022-11-20 01:00:00,0.08455,0.08584,0.07633,0.07703,1168377788.0,2022-11-21 00:59:59.999,95094290.32851,237688.0,541064425.0,44052031.21609,0.0
324,2022-11-21 01:00:00,0.07705,0.07738,0.07131,0.07466,1869844515.0,2022-11-22 00:59:59.999,140422752.99603,339519.0,945308268.0,71008560.70986,0.0
325,2022-11-22 01:00:00,0.07466,0.0797,0.07307,0.07876,1448103545.0,2022-11-23 00:59:59.999,110246289.20831,272164.0,736698515.0,56089206.3729,0.0
326,2022-11-23 01:00:00,0.07877,0.08354,0.07779,0.08197,1258795497.0,2022-11-24 00:59:59.999,101965278.21921,254198.0,632687009.0,51268885.78443,0.0
327,2022-11-24 01:00:00,0.08197,0.08434,0.08013,0.08146,739233520.0,2022-11-25 00:59:59.999,60581917.57296,157812.0,373415072.0,30612185.66708,0.0
328,2022-11-25 01:00:00,0.08146,0.09191,0.08053,0.0895,2497331251.0,2022-11-26 00:59:59.999,217699207.77863,517261.0,1288764475.0,112232304.91048,0.0
329,2022-11-26 01:00:00,0.0895,0.09558,0.08712,0.08893,1914481802.0,2022-11-27 00:59:59.999,176393357.21232,429225.0,963901787.0,88848381.76551,0.0
330,2022-11-27 01:00:00,0.08892,0.108,0.0888,0.09868,4273685671.0,2022-11-28 00:59:59.999,430213172.47513,892938.0,2183749108.0,219753061.14549,0.0
331,2022-11-28 01:00:00,0.0987,0.09975,0.09056,0.09513,3340654160.0,2022-11-29 00:59:59.999,317224474.07536,736970.0,1574920807.0,149588198.43526,0.0
332,2022-11-29 01:00:00,0.09512,0.10524,0.0936,0.10146,2909789625.0,2022-11-30 00:59:59.999,296193400.37081,588058.0,1501267036.0,152839294.0012,0.0
333,2022-11-30 01:00:00,0.10146,0.11,0.09937,0.10677,2791151929.0,2022-12-01 00:59:59.999,294206244.43044,569550.0,1386515426.0,146218679.33962,0.0
334,2022-12-01 01:00:00,0.10676,0.10777,0.10025,0.10175,1927610473.0,2022-12-02 00:59:59.999,199176726.01191,380551.0,979701028.0,101243013.35341,0.0
335,2022-12-02 01:00:00,0.10175,0.1036,0.09665,0.1021,1560905751.0,2022-12-03 00:59:59.999,155121388.51512,320252.0,767246247.0,76250756.82424,0.0
336,2022-12-03 01:00:00,0.1021,0.10319,0.09808,0.0997,1356635083.0,2022-12-04 00:59:59.999,136598012.62243,251447.0,676356416.0,68116301.24798,0.0
337,2022-12-04 01:00:00,0.0997,0.10575,0.09954,0.10406,1609965913.0,2022-12-05 00:59:59.999,166423671.45887,322634.0,823797591.0,85172176.3831,0.0
338,2022-12-05 01:00:00,0.10405,0.11192,0.09922,0.10149,2106903673.0,2022-12-06 00:59:59.999,221556898.96696,409620.0,1056178019.0,111160984.04651,0.0
339,2022-12-06 01:00:00,0.10149,0.10276,0.09802,0.10019,1145270821.0,2022-12-07 00:59:59.999,114900368.09738,211910.0,546525833.0,54821263.12576,0.0
340,2022-12-07 01:00:00,0.1002,0.1012,0.09269,0.09575,1404880230.0,2022-12-08 00:59:59.999,135777757.3463,253839.0,666444278.0,64424617.12825,0.0
341,2022-12-08 01:00:00,0.09575,0.09918,0.09459,0.09847,1031574520.0,2022-12-09 00:59:59.999,99729660.18012,182457.0,524967949.0,50745570.74347,0.0
342,2022-12-09 01:00:00,0.09847,0.09945,0.09561,0.0967,956187442.0,2022-12-10 00:59:59.999,93229229.67496,184953.0,485745152.0,47348244.36181,0.0
343,2022-12-10 01:00:00,0.0967,0.09743,0.09603,0.09632,429034730.0,2022-12-11 00:59:59.999,41524436.31136,84147.0,206462980.0,19981945.19845,0.0
344,2022-12-11 01:00:00,0.09632,0.09715,0.09161,0.09266,627479341.0,2022-12-12 00:59:59.999,59688866.9125,104937.0,305615263.0,29072658.76744,0.0
345,2022-12-12 01:00:00,0.09266,0.093,0.08471,0.09029,1940139927.0,2022-12-13 00:59:59.999,171806896.99201,328609.0,894964168.0,79254900.59678,0.0
346,2022-12-13 01:00:00,0.09029,0.09555,0.08691,0.09105,1698390609.0,2022-12-14 00:59:59.999,154313618.19646,297723.0,827457799.0,75205251.00156,0.0
347,2022-12-14 01:00:00,0.09105,0.09247,0.087,0.08824,1247687146.0,2022-12-15 00:59:59.999,112504453.05171,227095.0,582589070.0,52535274.96578,0.0
348,2022-12-15 01:00:00,0.08825,0.0888,0.08402,0.08485,899180340.0,2022-12-16 00:59:59.999,77891926.4349,157299.0,407341719.0,35294168.34382,0.0
349,2022-12-16 01:00:00,0.08483,0.08682,0.07391,0.07569,1755203327.0,2022-12-17 00:59:59.999,141133921.67248,314905.0,839230146.0,67489797.71046,0.0
350,2022-12-17 01:00:00,0.07569,0.07949,0.07552,0.07919,1337164978.0,2022-12-18 00:59:59.999,103394811.7583,208157.0,620507769.0,47999849.96085,0.0
351,2022-12-18 01:00:00,0.07918,0.08005,0.07759,0.07847,630900319.0,2022-12-19 00:59:59.999,49712793.28122,114069.0,307923692.0,24264125.54574,0.0
352,2022-12-19 01:00:00,0.07846,0.07951,0.06997,0.07133,1529698798.0,2022-12-20 00:59:59.999,114327112.53758,238169.0,704676358.0,52778215.03326,0.0
353,2022-12-20 01:00:00,0.07133,0.07566,0.07101,0.07483,1127168971.0,2022-12-21 00:59:59.999,83335354.79225,171660.0,545673199.0,40349367.9786,0.0
354,2022-12-21 01:00:00,0.07483,0.07502,0.07131,0.07374,912809062.0,2022-12-22 00:59:59.999,66736940.20681,130731.0,436806004.0,31939453.33307,0.0
355,2022-12-22 01:00:00,0.07369,0.07783,0.07327,0.07685,1485392938.0,2022-12-23 00:59:59.999,112352367.36552,222912.0,745004897.0,56355526.32773,0.0
356,2022-12-23 01:00:00,0.07687,0.07904,0.07616,0.07721,1022963248.0,2022-12-24 00:59:59.999,79365850.01985,159935.0,529225489.0,41067423.12471,0.0
357,2022-12-24 01:00:00,0.07721,0.07814,0.07661,0.07752,360306517.0,2022-12-25 00:59:59.999,27873485.87155,61232.0,170550900.0,13193519.72409,0.0
358,2022-12-25 01:00:00,0.07751,0.07765,0.0732,0.07598,1157436298.0,2022-12-26 00:59:59.999,87372540.41167,167059.0,553863760.0,41808615.83347,0.0
359,2022-12-26 01:00:00,0.07599,0.07664,0.07421,0.07568,648289873.0,2022-12-27 00:59:59.999,48977931.09659,97223.0,323263928.0,24423876.36717,0.0
360,2022-12-27 01:00:00,0.07569,0.07616,0.07256,0.07372,706850540.0,2022-12-28 00:59:59.999,52536508.22954,98102.0,339567925.0,25236820.47792,0.0
361,2022-12-28 01:00:00,0.07372,0.07391,0.06921,0.0704,1500166937.0,2022-12-29 00:59:59.999,106932054.13658,190302.0,710879869.0,50686324.35619,0.0
362,2022-12-29 01:00:00,0.07039,0.07162,0.06925,0.07094,772145313.0,2022-12-30 00:59:59.999,54482042.05149,101804.0,376964076.0,26598001.19114,0.0
363,2022-12-30 01:00:00,0.07093,0.07145,0.06581,0.0684,1196523595.0,2022-12-31 00:59:59.999,81700730.80863,149611.0,570626861.0,38962411.81754,0.0
