,OpenTime,DOT-USD_Open,DOT-USD_High,DOT-USD_Low,DOT-USD_Close,DOT-USD_volume,CloseTime,DOT-QuoteAssetVolume,DOT-NumberOfTrades,DOT-TBBAV,DOT-TBQAV,DOT-ignore
0,2022-01-01 01:00:00,26.67,28.65,26.66,28.6,5227230.45,2022-01-02 00:59:59.999,143998965.1034,209177.0,2679260.0,73841710.3562,0.0
1,2022-01-02 01:00:00,28.6,30.62,27.82,29.69,8942930.92,2022-01-03 00:59:59.999,262077782.3053,385030.0,4546819.57,133296869.3634,0.0
2,2022-01-03 01:00:00,29.69,30.88,28.62,30.11,11890491.01,2022-01-04 00:59:59.999,353857200.1497,584743.0,5896806.29,175502238.4234,0.0
3,2022-01-04 01:00:00,30.1,30.58,28.66,28.69,11149885.08,2022-01-05 00:59:59.999,331365102.5583,471505.0,5564481.61,165443982.875,0.0
4,2022-01-05 01:00:00,28.69,30.39,25.05,26.72,14135011.01,2022-01-06 00:59:59.999,401227022.4103,653564.0,6850012.8,194927298.1974,0.0
5,2022-01-06 01:00:00,26.73,27.36,25.5,26.72,11412775.24,2022-01-07 00:59:59.999,299936557.6505,449221.0,5766619.69,151578029.016,0.0
6,2022-01-07 01:00:00,26.72,26.86,24.24,24.9,14333874.43,2022-01-08 00:59:59.999,363043454.6843,559374.0,6996944.8,177297619.7075,0.0
7,2022-01-08 01:00:00,24.9,25.54,23.12,23.99,9965873.23,2022-01-09 00:59:59.999,244572660.786,377457.0,4943130.97,121427126.3612,0.0
8,2022-01-09 01:00:00,23.98,25.32,23.67,24.63,7523995.26,2022-01-10 00:59:59.999,184387901.2226,270529.0,3756081.79,92061583.4123,0.0
9,2022-01-10 01:00:00,24.63,25.22,22.43,23.72,11667129.55,2022-01-11 00:59:59.999,276522625.56632,391299.0,5681533.378,134707539.48527,0.0
10,2022-01-11 01:00:00,23.73,26.0,23.48,25.56,9473674.68,2022-01-12 00:59:59.999,235078342.3351,309738.0,4918998.55,122036567.0859,0.0
11,2022-01-12 01:00:00,25.56,27.58,25.45,27.32,7566219.5,2022-01-13 00:59:59.999,201191355.5696,319932.0,3925408.79,104434354.7811,0.0
12,2022-01-13 01:00:00,27.33,27.68,25.71,25.79,7656681.93,2022-01-14 00:59:59.999,204220516.3949,327157.0,3550626.88,94757174.4017,0.0
13,2022-01-14 01:00:00,25.79,27.88,25.53,27.75,9449831.9,2022-01-15 00:59:59.999,254448275.9457,421778.0,5119352.8,137884118.8672,0.0
14,2022-01-15 01:00:00,27.75,28.41,26.83,27.6,5575781.94,2022-01-16 00:59:59.999,153649373.0751,274699.0,2790082.53,76897323.7355,0.0
15,2022-01-16 01:00:00,27.6,28.47,27.26,27.7,7073389.72,2022-01-17 00:59:59.999,197261377.6672,327845.0,3420312.69,95457456.7798,0.0
16,2022-01-17 01:00:00,27.7,27.76,25.1,25.69,8233269.46,2022-01-18 00:59:59.999,217042645.2286,326373.0,3824622.92,100686752.9389,0.0
17,2022-01-18 01:00:00,25.69,26.07,24.24,25.15,7145666.21,2022-01-19 00:59:59.999,178517774.8907,275151.0,3522777.17,88031031.7523,0.0
18,2022-01-19 01:00:00,25.15,25.3,23.68,24.05,6462252.41,2022-01-20 00:59:59.999,157244747.2795,241686.0,3124629.57,76057493.3448,0.0
19,2022-01-20 01:00:00,24.06,25.62,22.84,23.01,6578668.82,2022-01-21 00:59:59.999,160357989.3978,278348.0,3149652.41,76921435.1514,0.0
20,2022-01-21 01:00:00,23.01,23.48,19.04,19.67,17269209.912,2022-01-22 00:59:59.999,371432669.91895,599228.0,7995489.09,171989675.87731,0.0
21,2022-01-22 01:00:00,19.66,20.16,16.17,18.27,23239217.068,2022-01-23 00:59:59.999,424011444.458338,629097.0,11275865.24,205839229.7933,0.0
22,2022-01-23 01:00:00,18.27,19.2,17.73,18.81,11483380.21,2022-01-24 00:59:59.999,212079989.0278,338840.0,5761415.86,106440359.5645,0.0
23,2022-01-24 01:00:00,18.81,18.82,15.83,18.02,20381626.573,2022-01-25 00:59:59.999,345828687.90308,535040.0,10112702.566,171776175.6256,0.0
24,2022-01-25 01:00:00,18.02,19.05,17.36,18.31,9945213.12,2022-01-26 00:59:59.999,181544754.5088,285360.0,5073641.85,92657928.9421,0.0
25,2022-01-26 01:00:00,18.32,20.06,17.51,18.08,14459131.31,2022-01-27 00:59:59.999,272101060.8627,441587.0,7225689.14,136049842.2803,0.0
26,2022-01-27 01:00:00,18.08,18.42,17.14,18.12,9271719.1,2022-01-28 00:59:59.999,164875191.1837,265141.0,4664269.19,82995047.4472,0.0
27,2022-01-28 01:00:00,18.12,18.49,17.36,18.34,7390664.94,2022-01-29 00:59:59.999,132944555.8331,230443.0,3765921.45,67764481.9703,0.0
28,2022-01-29 01:00:00,18.34,19.06,18.08,18.74,4892745.7,2022-01-30 00:59:59.999,90937096.6065,164519.0,2490965.76,46329487.5316,0.0
29,2022-01-30 01:00:00,18.75,19.0,17.8,18.15,5074979.97,2022-01-31 00:59:59.999,93864670.2753,162024.0,2485766.43,46000102.9876,0.0
30,2022-01-31 01:00:00,18.15,19.61,17.12,19.37,8316149.9,2022-02-01 00:59:59.999,151700168.2556,266922.0,4246668.84,77431214.8537,0.0
31,2022-02-01 01:00:00,19.38,20.0,19.15,19.57,8041127.34,2022-02-02 00:59:59.999,157536671.6736,270508.0,4045387.69,79273143.0217,0.0
32,2022-02-02 01:00:00,19.57,20.58,18.53,18.76,8769960.78,2022-02-03 00:59:59.999,172307776.6546,334194.0,4304223.2,84637295.5063,0.0
33,2022-02-03 01:00:00,18.77,18.96,17.97,18.92,6622008.64,2022-02-04 00:59:59.999,122238026.5908,223082.0,3413602.62,63057178.0827,0.0
34,2022-02-04 01:00:00,18.91,20.53,18.71,20.48,9084604.77,2022-02-05 00:59:59.999,177769349.9217,275807.0,4801220.55,94007480.5112,0.0
35,2022-02-05 01:00:00,20.49,22.29,20.3,21.33,8873091.18,2022-02-06 00:59:59.999,190945390.9733,369642.0,4613288.61,99276155.3045,0.0
36,2022-02-06 01:00:00,21.32,21.93,20.78,21.91,4783912.16,2022-02-07 00:59:59.999,102159037.6528,197998.0,2422510.41,51756604.8555,0.0
37,2022-02-07 01:00:00,21.91,22.7,21.39,22.35,9933306.22,2022-02-08 00:59:59.999,220581220.0829,367182.0,4953298.65,110082054.299,0.0
38,2022-02-08 01:00:00,22.36,23.19,21.06,21.66,10692150.43,2022-02-09 00:59:59.999,234488489.3329,367800.0,5231057.2,114720966.4856,0.0
39,2022-02-09 01:00:00,21.66,22.24,21.05,21.94,5280116.45,2022-02-10 00:59:59.999,114891147.5486,169292.0,2577420.49,56097050.8381,0.0
40,2022-02-10 01:00:00,21.95,22.48,20.49,20.51,9903304.31,2022-02-11 00:59:59.999,213074605.8356,328132.0,4786188.69,103041831.9185,0.0
41,2022-02-11 01:00:00,20.51,20.73,18.58,18.98,9586582.78,2022-02-12 00:59:59.999,192061181.4684,269262.0,4541547.9,91096255.6309,0.0
42,2022-02-12 01:00:00,18.98,19.42,18.25,18.82,6512111.12,2022-02-13 00:59:59.999,122688402.6888,187030.0,3177044.08,59860506.5981,0.0
43,2022-02-13 01:00:00,18.83,19.28,18.38,18.73,4675422.19,2022-02-14 00:59:59.999,88371484.014,126204.0,2326663.52,43990259.1378,0.0
44,2022-02-14 01:00:00,18.74,18.95,18.02,18.7,5075585.02,2022-02-15 00:59:59.999,93800750.7152,146572.0,2456909.82,45415378.7396,0.0
45,2022-02-15 01:00:00,18.7,20.34,18.64,20.16,5428840.64,2022-02-16 00:59:59.999,106302711.8098,175305.0,2757057.6,53995701.8895,0.0
46,2022-02-16 01:00:00,20.17,20.19,19.05,19.76,5643848.37,2022-02-17 00:59:59.999,110895415.8691,174940.0,2668301.66,52445892.5807,0.0
47,2022-02-17 01:00:00,19.77,20.01,17.8,18.16,7873044.6,2022-02-18 00:59:59.999,147856052.9931,244846.0,3495752.35,65621590.0198,0.0
48,2022-02-18 01:00:00,18.17,18.6,17.59,17.82,6205167.39,2022-02-19 00:59:59.999,112325850.2207,180630.0,2946638.37,53361331.0019,0.0
49,2022-02-19 01:00:00,17.82,18.22,17.34,17.84,3507413.77,2022-02-20 00:59:59.999,62338104.6888,105340.0,1750895.0,31123928.2158,0.0
50,2022-02-20 01:00:00,17.85,17.87,16.67,16.91,6518197.69,2022-02-21 00:59:59.999,110985772.1713,165504.0,3177347.18,54098856.2549,0.0
51,2022-02-21 01:00:00,16.91,17.74,16.03,16.18,11178458.24,2022-02-22 00:59:59.999,188216746.6464,273365.0,5463905.55,92096868.9252,0.0
52,2022-02-22 01:00:00,16.18,16.73,15.8,16.6,8427783.22,2022-02-23 00:59:59.999,136778287.8005,185607.0,4296384.2,69775983.0589,0.0
53,2022-02-23 01:00:00,16.61,17.51,15.91,15.97,10055911.02,2022-02-24 00:59:59.999,168295996.1467,237953.0,5206337.51,87214364.4125,0.0
54,2022-02-24 01:00:00,15.97,16.75,14.05,16.16,22293881.528,2022-02-25 00:59:59.999,336875109.944847,466213.0,10766127.176,162673396.4383,0.0
55,2022-02-25 01:00:00,16.17,17.52,15.78,17.25,8246998.11,2022-02-26 00:59:59.999,134910660.0279,211521.0,4198435.39,68719937.6556,0.0
56,2022-02-26 01:00:00,17.26,18.78,17.16,18.03,10979780.48,2022-02-27 00:59:59.999,198667445.3076,309549.0,5422928.72,98164625.0571,0.0
57,2022-02-27 01:00:00,18.03,18.72,17.07,17.5,9879341.39,2022-02-28 00:59:59.999,176867091.9967,262992.0,4792166.78,85854373.3071,0.0
58,2022-02-28 01:00:00,17.5,19.11,16.62,18.94,14924830.91,2022-03-01 00:59:59.999,262571854.0123,326935.0,9034282.08,158982120.7635,0.0
59,2022-03-01 01:00:00,18.94,19.56,18.32,18.89,11677345.78,2022-03-02 00:59:59.999,220601939.1717,320889.0,5604540.45,105918111.8748,0.0
60,2022-03-02 01:00:00,18.9,19.26,18.35,18.61,8422865.21,2022-03-03 00:59:59.999,158046725.7166,236252.0,4072289.88,76453429.2752,0.0
61,2022-03-03 01:00:00,18.61,18.67,17.77,18.02,7635060.13,2022-03-04 00:59:59.999,139034673.9246,199171.0,3477071.03,63340454.8984,0.0
62,2022-03-04 01:00:00,18.02,18.06,16.5,16.79,8560042.35,2022-03-05 00:59:59.999,147170903.4202,217361.0,4091047.04,70347730.7069,0.0
63,2022-03-05 01:00:00,16.79,17.8,16.18,17.33,5101742.9,2022-03-06 00:59:59.999,86612442.4466,160982.0,2722483.66,46265146.3132,0.0
64,2022-03-06 01:00:00,17.33,17.59,16.51,16.99,5491289.2,2022-03-07 00:59:59.999,93558590.641,158563.0,2753713.83,46938702.1386,0.0
65,2022-03-07 01:00:00,16.99,17.14,16.0,16.41,7318888.43,2022-03-08 00:59:59.999,121170466.3838,206090.0,3697791.34,61233868.6136,0.0
66,2022-03-08 01:00:00,16.41,17.28,16.31,16.97,6275907.39,2022-03-09 00:59:59.999,105512504.4025,167546.0,3367967.72,56643948.3495,0.0
67,2022-03-09 01:00:00,16.97,18.09,16.88,17.86,5742934.66,2022-03-10 00:59:59.999,101623622.2622,163035.0,3021487.13,53448179.5267,0.0
68,2022-03-10 01:00:00,17.87,17.93,16.68,16.96,5040333.69,2022-03-11 00:59:59.999,86136754.8538,144446.0,2449511.45,41845617.1832,0.0
69,2022-03-11 01:00:00,16.97,18.49,16.69,17.69,9499810.42,2022-03-12 00:59:59.999,168964892.806,258063.0,4906699.75,87240176.1456,0.0
70,2022-03-12 01:00:00,17.7,18.75,17.68,18.14,6497976.77,2022-03-13 00:59:59.999,118947709.248,229172.0,3395909.2,62193836.7953,0.0
71,2022-03-13 01:00:00,18.14,18.4,17.13,17.22,4818274.4,2022-03-14 00:59:59.999,86043792.8475,170760.0,2340162.75,41782235.9093,0.0
72,2022-03-14 01:00:00,17.22,17.86,17.0,17.7,4696610.2,2022-03-15 00:59:59.999,82067579.7685,132672.0,2440024.79,42637450.6404,0.0
73,2022-03-15 01:00:00,17.7,18.06,17.05,17.81,4076701.31,2022-03-16 00:59:59.999,71398973.6628,139848.0,2088916.79,36610093.0164,0.0
74,2022-03-16 01:00:00,17.81,19.19,17.69,19.05,8986827.35,2022-03-17 00:59:59.999,164584412.3286,272437.0,4483058.29,82160466.3944,0.0
75,2022-03-17 01:00:00,19.05,19.35,18.63,18.75,4721544.69,2022-03-18 00:59:59.999,89440439.9346,131772.0,2286857.1,43338276.0594,0.0
76,2022-03-18 01:00:00,18.75,19.2,18.13,18.95,4587101.48,2022-03-19 00:59:59.999,85522884.9768,136167.0,2266381.76,42293448.7113,0.0
77,2022-03-19 01:00:00,18.95,19.79,18.86,19.4,4955267.89,2022-03-20 00:59:59.999,95919571.5195,173538.0,2536982.0,49144023.0294,0.0
78,2022-03-20 01:00:00,19.4,19.46,18.32,18.65,3665220.06,2022-03-21 00:59:59.999,69138849.9193,125787.0,1680141.11,31693700.3216,0.0
79,2022-03-21 01:00:00,18.66,19.06,18.4,18.74,4133739.8,2022-03-22 00:59:59.999,77622162.8513,133812.0,1956751.6,36770693.2576,0.0
80,2022-03-22 01:00:00,18.75,20.48,18.68,20.21,8290773.03,2022-03-23 00:59:59.999,164180480.4395,299893.0,4267317.42,84500407.5879,0.0
81,2022-03-23 01:00:00,20.22,21.13,19.8,21.02,8218890.14,2022-03-24 00:59:59.999,168389826.7503,358597.0,4230978.64,86733393.6589,0.0
82,2022-03-24 01:00:00,21.02,21.5,20.25,21.26,7157667.86,2022-03-25 00:59:59.999,149850409.6794,253390.0,3589684.06,75200338.2702,0.0
83,2022-03-25 01:00:00,21.26,21.38,20.18,20.53,5860263.46,2022-03-26 00:59:59.999,122159246.6369,179435.0,2681387.13,55896551.204,0.0
84,2022-03-26 01:00:00,20.54,21.04,20.24,20.91,3152433.21,2022-03-27 00:59:59.999,65393377.6191,83292.0,1548663.37,32134549.7851,0.0
85,2022-03-27 01:00:00,20.92,22.48,20.71,22.46,5215022.34,2022-03-28 01:59:59.999,111669490.8943,204128.0,2643505.83,56658019.835,0.0
86,2022-03-28 02:00:00,22.47,23.33,21.78,21.99,9121823.41,2022-03-29 01:59:59.999,207898225.83,297796.0,4573951.59,104318131.8905,0.0
87,2022-03-29 02:00:00,21.99,22.96,21.83,22.42,7738475.52,2022-03-30 01:59:59.999,173592000.5455,214376.0,3863645.4,86713454.6314,0.0
88,2022-03-30 02:00:00,22.43,23.0,21.62,22.45,7985199.05,2022-03-31 01:59:59.999,178216316.6687,229519.0,4000600.16,89315699.4909,0.0
89,2022-03-31 02:00:00,22.46,23.06,21.08,21.33,8749758.6,2022-04-01 01:59:59.999,193846033.7579,248492.0,4116021.94,91291747.3425,0.0
90,2022-04-01 02:00:00,21.33,22.17,20.6,22.07,7952049.94,2022-04-02 01:59:59.999,170143990.9954,237844.0,4013171.53,85910161.6466,0.0
91,2022-04-02 02:00:00,22.07,23.85,21.95,22.61,10723061.37,2022-04-03 01:59:59.999,245877307.2184,391350.0,5373124.65,123215078.5258,0.0
92,2022-04-03 02:00:00,22.61,23.57,22.51,23.21,7497259.93,2022-04-04 01:59:59.999,172737851.8952,209588.0,3788039.65,87315720.2805,0.0
93,2022-04-04 02:00:00,23.21,23.23,21.6,22.89,7444175.86,2022-04-05 01:59:59.999,167399546.2141,209325.0,3677860.62,82662462.3931,0.0
94,2022-04-05 02:00:00,22.9,23.12,21.68,21.78,6045973.86,2022-04-06 01:59:59.999,136552989.2588,169360.0,3008619.86,68024654.0038,0.0
95,2022-04-06 02:00:00,21.78,21.82,19.71,19.85,8285158.05,2022-04-07 01:59:59.999,172120456.4177,254683.0,3967666.63,82520124.2768,0.0
96,2022-04-07 02:00:00,19.84,20.65,19.45,20.4,5000936.99,2022-04-08 01:59:59.999,100597301.6493,143840.0,2486137.52,50025668.0595,0.0
97,2022-04-08 02:00:00,20.4,20.58,19.14,19.43,4641004.36,2022-04-09 01:59:59.999,93149029.407,119032.0,2224901.8,44651241.6989,0.0
98,2022-04-09 02:00:00,19.43,19.83,19.29,19.75,2328439.0,2022-04-10 01:59:59.999,45610810.1524,60605.0,1132853.54,22200135.4836,0.0
99,2022-04-10 02:00:00,19.76,20.25,19.16,19.22,3716291.3,2022-04-11 01:59:59.999,73328405.1557,92359.0,1871292.01,36946878.8962,0.0
100,2022-04-11 02:00:00,19.23,19.29,17.0,17.2,7676575.11,2022-04-12 01:59:59.999,138208099.3642,196300.0,3655038.16,65818548.4739,0.0
101,2022-04-12 02:00:00,17.2,18.04,17.16,17.77,5075204.98,2022-04-13 01:59:59.999,89394319.7251,140966.0,2633620.12,46408681.175,0.0
102,2022-04-13 02:00:00,17.77,18.3,17.37,18.2,3723536.86,2022-04-14 01:59:59.999,66760393.2901,109086.0,1886657.38,33858694.8292,0.0
103,2022-04-14 02:00:00,18.2,18.48,17.47,17.91,3580226.26,2022-04-15 01:59:59.999,64403775.6825,100658.0,1688648.95,30378542.6512,0.0
104,2022-04-15 02:00:00,17.91,18.43,17.78,18.34,2489380.26,2022-04-16 01:59:59.999,45171891.5146,76905.0,1261161.22,22892591.3595,0.0
105,2022-04-16 02:00:00,18.35,18.7,18.17,18.61,2340391.42,2022-04-17 01:59:59.999,43115226.5352,67396.0,1165017.39,21468521.2814,0.0
106,2022-04-17 02:00:00,18.61,18.81,17.65,17.74,2796505.88,2022-04-18 01:59:59.999,51355426.9507,79407.0,1340850.75,24638046.2702,0.0
107,2022-04-18 02:00:00,17.74,18.36,17.1,18.15,4831063.54,2022-04-19 01:59:59.999,85429480.179,130168.0,2405908.09,42579239.0651,0.0
108,2022-04-19 02:00:00,18.16,18.96,18.04,18.88,3242472.57,2022-04-20 01:59:59.999,59892582.0554,93175.0,1690469.64,31228523.7964,0.0
109,2022-04-20 02:00:00,18.89,19.54,18.54,19.09,5373410.27,2022-04-21 01:59:59.999,102401843.8527,162840.0,2559298.81,48775326.5463,0.0
110,2022-04-21 02:00:00,19.1,19.68,18.03,18.18,4574629.37,2022-04-22 01:59:59.999,87013012.0687,147076.0,2128024.84,40526539.633,0.0
111,2022-04-22 02:00:00,18.17,18.53,18.07,18.28,3634735.07,2022-04-23 01:59:59.999,66517627.9152,93788.0,1873608.83,34306330.1829,0.0
112,2022-04-23 02:00:00,18.28,19.27,17.96,18.69,3583194.77,2022-04-24 01:59:59.999,66980562.5507,110244.0,1927746.3,36052922.0096,0.0
113,2022-04-24 02:00:00,18.69,19.16,18.07,18.17,3027438.28,2022-04-25 01:59:59.999,56196588.4833,90421.0,1485651.57,27570577.2541,0.0
114,2022-04-25 02:00:00,18.17,18.25,17.12,18.1,5316099.45,2022-04-26 01:59:59.999,93660434.2206,152371.0,2600001.46,45802043.1499,0.0
115,2022-04-26 02:00:00,18.11,18.34,16.4,16.68,5792628.08,2022-04-27 01:59:59.999,100624509.7998,153082.0,2665214.17,46313726.9423,0.0
116,2022-04-27 02:00:00,16.68,17.27,16.48,16.94,3781290.25,2022-04-28 01:59:59.999,64041285.2595,102653.0,1914091.17,32419363.4321,0.0
117,2022-04-28 02:00:00,16.94,17.43,16.75,16.99,4260939.1,2022-04-29 01:59:59.999,72640479.2765,120035.0,2119536.24,36142580.2748,0.0
118,2022-04-29 02:00:00,16.99,17.07,15.99,16.19,4036404.24,2022-04-30 01:59:59.999,66481128.2567,110239.0,1949760.89,32102604.9298,0.0
119,2022-04-30 02:00:00,16.19,16.45,14.18,14.5,6047042.51,2022-05-01 01:59:59.999,93498795.7219,155043.0,3022068.09,46866443.1699,0.0
120,2022-05-01 02:00:00,14.5,15.53,14.48,15.36,5066643.89,2022-05-02 01:59:59.999,76000246.1526,142003.0,2772065.63,41588523.5903,0.0
121,2022-05-02 02:00:00,15.36,15.6,14.56,14.96,5385162.38,2022-05-03 01:59:59.999,80994840.1745,131461.0,2735648.52,41174114.0066,0.0
122,2022-05-03 02:00:00,14.97,15.23,14.52,14.72,3404204.43,2022-05-04 01:59:59.999,50784170.618,78494.0,1695297.42,25288898.8769,0.0
123,2022-05-04 02:00:00,14.73,16.35,14.66,16.34,6243464.14,2022-05-05 01:59:59.999,96420634.5889,141696.0,3242214.03,50084320.4944,0.0
124,2022-05-05 02:00:00,16.34,16.45,14.02,14.58,9116577.82,2022-05-06 01:59:59.999,137294027.6758,214438.0,4436883.0,66778344.0372,0.0
125,2022-05-06 02:00:00,14.58,14.67,13.81,14.32,6781078.5,2022-05-07 01:59:59.999,96930315.190683,156333.0,3449714.056,49335527.6052,0.0
126,2022-05-07 02:00:00,14.33,14.38,13.36,13.75,4305832.068,2022-05-08 01:59:59.999,60366358.339608,100115.0,2123805.75,29785319.263,0.0
127,2022-05-08 02:00:00,13.75,13.88,13.03,13.25,7019382.931,2022-05-09 01:59:59.999,94131882.211668,140423.0,3463548.49,46457815.93372,0.0
128,2022-05-09 02:00:00,13.26,13.49,10.51,10.62,19395824.829,2022-05-10 01:59:59.999,229337958.945696,385487.0,9560419.423,113140541.82828,0.0
129,2022-05-10 02:00:00,10.63,12.44,10.31,11.36,18906768.511,2022-05-11 01:59:59.999,216809026.276385,385047.0,9636915.643,110681626.63245,0.0
130,2022-05-11 02:00:00,11.35,11.66,8.06,9.09,31995073.859,2022-05-12 01:59:59.999,316359655.610687,683576.0,15146493.244,150262438.66314,0.0
131,2022-05-12 02:00:00,9.07,9.52,7.3,8.71,25729345.375,2022-05-13 01:59:59.999,215253954.22271,502173.0,13017215.026,109241965.4209,0.0
132,2022-05-13 02:00:00,8.7,11.79,8.56,10.46,25890493.66,2022-05-14 01:59:59.999,272524262.6227,427446.0,13154251.78,138238557.7977,0.0
133,2022-05-14 02:00:00,10.45,11.56,9.76,11.3,15902710.63,2022-05-15 01:59:59.999,168541392.98,300699.0,7944080.51,84249528.0845,0.0
134,2022-05-15 02:00:00,11.31,11.87,10.57,11.81,11082707.18,2022-05-16 01:59:59.999,123422082.4015,218941.0,5660103.69,63064541.6002,0.0
135,2022-05-16 02:00:00,11.81,11.81,10.37,10.63,10051194.44,2022-05-17 01:59:59.999,109369336.7559,213935.0,4957885.66,53938902.0224,0.0
136,2022-05-17 02:00:00,10.62,11.34,10.43,11.04,8641438.95,2022-05-18 01:59:59.999,94535273.0717,167846.0,4424697.28,48420254.4748,0.0
137,2022-05-18 02:00:00,11.03,11.17,9.43,9.49,10809076.66,2022-05-19 01:59:59.999,110317390.98,195469.0,5481729.3,55994840.6808,0.0
138,2022-05-19 02:00:00,9.49,10.41,9.22,10.03,10352256.32,2022-05-20 01:59:59.999,101903360.8094,176101.0,5350249.49,52647315.2947,0.0
139,2022-05-20 02:00:00,10.04,10.26,9.45,9.67,8304278.67,2022-05-21 01:59:59.999,81820169.6009,133824.0,4166632.08,41042348.4763,0.0
140,2022-05-21 02:00:00,9.67,10.1,9.46,10.0,4106354.74,2022-05-22 01:59:59.999,40273702.8501,72163.0,2014436.57,19755683.5213,0.0
141,2022-05-22 02:00:00,10.0,10.34,9.87,10.16,4485374.89,2022-05-23 01:59:59.999,45305518.4551,80446.0,2322289.64,23457365.8822,0.0
142,2022-05-23 02:00:00,10.16,10.8,9.8,9.88,9534059.79,2022-05-24 01:59:59.999,98450333.3855,159435.0,5215645.77,53915354.5705,0.0
143,2022-05-24 02:00:00,9.88,10.27,9.56,10.19,6933332.57,2022-05-25 01:59:59.999,68760611.4069,99855.0,3539638.43,35100288.3962,0.0
144,2022-05-25 02:00:00,10.19,10.34,9.77,9.87,6770708.75,2022-05-26 01:59:59.999,67750596.9254,92236.0,3434138.67,34358711.4744,0.0
145,2022-05-26 02:00:00,9.87,10.0,8.82,9.14,13610458.18,2022-05-27 01:59:59.999,127248556.3016,170161.0,6331659.38,59195892.68,0.0
146,2022-05-27 02:00:00,9.14,10.0,8.56,9.12,15631681.11,2022-05-28 01:59:59.999,145061636.1985,231349.0,7420898.25,68838048.361,0.0
147,2022-05-28 02:00:00,9.12,9.8,8.95,9.65,5955686.38,2022-05-29 01:59:59.999,55738281.7804,101637.0,3008226.23,28134774.0823,0.0
148,2022-05-29 02:00:00,9.66,10.04,9.33,9.98,5865314.46,2022-05-30 01:59:59.999,56842400.612,104928.0,2997678.36,29093825.6503,0.0
149,2022-05-30 02:00:00,9.99,10.79,9.91,10.47,8473368.99,2022-05-31 01:59:59.999,87691394.1014,131600.0,4090833.46,42327993.5249,0.0
150,2022-05-31 02:00:00,10.47,10.65,9.94,10.35,8792549.01,2022-06-01 01:59:59.999,90890230.7676,134597.0,4059936.89,41974716.2092,0.0
151,2022-06-01 02:00:00,10.36,10.75,9.26,9.46,10157569.75,2022-06-02 01:59:59.999,102483915.2723,159686.0,4878167.35,49216526.3599,0.0
152,2022-06-02 02:00:00,9.45,10.13,9.29,9.89,5917176.47,2022-06-03 01:59:59.999,56882983.149,96897.0,2915269.25,28039950.8448,0.0
153,2022-06-03 02:00:00,9.88,9.93,9.2,9.37,5185222.06,2022-06-04 01:59:59.999,49178642.3635,91231.0,2440665.9,23163413.9668,0.0
154,2022-06-04 02:00:00,9.38,9.56,9.14,9.44,2764967.02,2022-06-05 01:59:59.999,25867054.4197,49414.0,1361742.77,12746969.9388,0.0
155,2022-06-05 02:00:00,9.45,9.56,9.25,9.35,2387500.54,2022-06-06 01:59:59.999,22401385.2798,44509.0,1163676.36,10924748.8319,0.0
156,2022-06-06 02:00:00,9.35,9.94,9.32,9.51,5016416.01,2022-06-07 01:59:59.999,48679189.0847,90771.0,2450129.4,23774295.4625,0.0
157,2022-06-07 02:00:00,9.51,9.51,8.84,9.23,5096057.45,2022-06-08 01:59:59.999,46606636.9547,101635.0,2439867.09,22306717.5542,0.0
158,2022-06-08 02:00:00,9.22,9.4,8.9,9.01,3812382.23,2022-06-09 01:59:59.999,34736843.749,74199.0,1921174.17,17513991.4347,0.0
159,2022-06-09 02:00:00,9.01,9.47,8.91,9.24,4879363.93,2022-06-10 01:59:59.999,45051208.8553,83722.0,2314442.03,21362363.019,0.0
160,2022-06-10 02:00:00,9.23,9.37,8.52,8.65,6447468.57,2022-06-11 01:59:59.999,57441554.29,115506.0,3043542.8,27141705.9747,0.0
161,2022-06-11 02:00:00,8.66,8.85,7.9,8.03,6779329.31,2022-06-12 01:59:59.999,56441803.3558,115676.0,3676309.99,30596309.7392,0.0
162,2022-06-12 02:00:00,8.04,8.11,7.38,7.41,9340811.88,2022-06-13 01:59:59.999,72280212.655,140323.0,4760251.92,36849295.4799,0.0
163,2022-06-13 02:00:00,7.4,7.48,6.36,7.04,18666647.181,2022-06-14 01:59:59.999,128651903.38803,286131.0,9298175.151,64082901.8662,0.0
164,2022-06-14 02:00:00,7.04,7.56,6.68,7.36,14217216.87,2022-06-15 01:59:59.999,102415414.4534,195338.0,7410394.53,53402997.8964,0.0
165,2022-06-15 02:00:00,7.36,8.79,6.84,8.49,18683708.96,2022-06-16 01:59:59.999,139120802.8504,280199.0,9465082.71,70641345.7723,0.0
166,2022-06-16 02:00:00,8.5,8.56,6.97,7.13,11913274.4,2022-06-17 01:59:59.999,91641018.538,187912.0,5686451.06,43742815.7207,0.0
167,2022-06-17 02:00:00,7.13,7.47,7.03,7.28,6187728.4,2022-06-18 01:59:59.999,45074013.9187,87678.0,3260721.99,23775370.9923,0.0
168,2022-06-18 02:00:00,7.28,7.41,6.47,7.05,10420321.76,2022-06-19 01:59:59.999,71400347.6184,135699.0,4912429.37,33692167.6122,0.0
169,2022-06-19 02:00:00,7.06,7.65,6.76,7.53,7341233.58,2022-06-20 01:59:59.999,52686016.518,102644.0,3856773.17,27716464.3926,0.0
170,2022-06-20 02:00:00,7.53,8.02,7.17,7.87,8079205.13,2022-06-21 01:59:59.999,62081274.7532,128520.0,4236377.78,32544669.8123,0.0
171,2022-06-21 02:00:00,7.88,8.28,7.67,7.77,6447239.03,2022-06-22 01:59:59.999,51745513.0343,106059.0,3178954.45,25536838.6008,0.0
172,2022-06-22 02:00:00,7.76,7.82,7.35,7.39,5249428.04,2022-06-23 01:59:59.999,39661309.7203,82576.0,2552267.83,19289936.0144,0.0
173,2022-06-23 02:00:00,7.4,7.82,7.36,7.78,4766745.68,2022-06-24 01:59:59.999,36326635.4864,72097.0,2464999.42,18795019.8474,0.0
174,2022-06-24 02:00:00,7.78,8.34,7.72,8.18,5534788.24,2022-06-25 01:59:59.999,44563465.5605,88031.0,2856699.83,23010766.0019,0.0
175,2022-06-25 02:00:00,8.19,8.37,7.79,8.13,3861028.21,2022-06-26 01:59:59.999,31232213.4159,64495.0,1839659.55,14891240.9075,0.0
176,2022-06-26 02:00:00,8.14,8.49,7.81,7.84,4772371.56,2022-06-27 01:59:59.999,38890222.0124,77539.0,2321431.88,18933043.1301,0.0
177,2022-06-27 02:00:00,7.84,8.2,7.68,7.74,4689419.47,2022-06-28 01:59:59.999,37231117.6074,71708.0,2141673.51,17015533.3262,0.0
178,2022-06-28 02:00:00,7.74,8.0,7.26,7.31,6104944.23,2022-06-29 01:59:59.999,46731831.5659,86584.0,2839494.01,21745992.4831,0.0
179,2022-06-29 02:00:00,7.31,7.44,6.95,7.03,6972853.93,2022-06-30 01:59:59.999,50044314.1009,89615.0,3780525.98,27125345.7134,0.0
180,2022-06-30 02:00:00,7.04,7.1,6.64,7.06,6917468.18,2022-07-01 01:59:59.999,47323996.6491,94117.0,3728698.13,25532429.2804,0.0
181,2022-07-01 02:00:00,7.06,7.26,6.54,6.75,7477875.43,2022-07-02 01:59:59.999,51016914.4855,97326.0,3652535.78,24937540.4303,0.0
182,2022-07-02 02:00:00,6.75,6.91,6.62,6.83,3127372.77,2022-07-03 01:59:59.999,21155298.3447,43896.0,1544967.15,10454890.7225,0.0
183,2022-07-03 02:00:00,6.83,6.99,6.61,6.85,3092743.9,2022-07-04 01:59:59.999,20955883.2197,48284.0,1550162.8,10510549.9236,0.0
184,2022-07-04 02:00:00,6.86,7.21,6.66,7.17,4883415.15,2022-07-05 01:59:59.999,33941363.84,69376.0,2532535.93,17615259.4888,0.0
185,2022-07-05 02:00:00,7.17,7.23,6.6,6.84,8211754.6,2022-07-06 01:59:59.999,56368200.5669,108593.0,4028564.89,27658421.0563,0.0
186,2022-07-06 02:00:00,6.84,7.01,6.69,6.93,5792837.78,2022-07-07 01:59:59.999,39832785.7746,70443.0,3040314.75,20914772.1402,0.0
187,2022-07-07 02:00:00,6.92,7.36,6.88,7.3,6147860.15,2022-07-08 01:59:59.999,43704182.4892,73511.0,3118572.06,22195556.3164,0.0
188,2022-07-08 02:00:00,7.3,7.46,6.94,7.04,6835377.2,2022-07-09 01:59:59.999,48843187.657,80147.0,3258907.68,23280665.8259,0.0
189,2022-07-09 02:00:00,7.04,7.36,7.03,7.25,3537025.96,2022-07-10 01:59:59.999,25553595.6608,50100.0,1723614.99,12454207.3399,0.0
190,2022-07-10 02:00:00,7.25,7.27,6.76,6.86,4503146.23,2022-07-11 01:59:59.999,31370359.8823,56618.0,2138799.14,14895000.0203,0.0
191,2022-07-11 02:00:00,6.85,6.91,6.5,6.53,4986347.38,2022-07-12 01:59:59.999,33661310.0316,64923.0,2321959.18,15681374.2388,0.0
192,2022-07-12 02:00:00,6.53,6.63,6.26,6.28,4787702.68,2022-07-13 01:59:59.999,30983674.9509,67143.0,2121106.66,13733602.8914,0.0
193,2022-07-13 02:00:00,6.29,6.55,6.0,6.47,6999118.42,2022-07-14 01:59:59.999,44083802.376509,91643.0,3428313.39,21627292.4683,0.0
194,2022-07-14 02:00:00,6.47,6.77,6.29,6.72,5683331.12,2022-07-15 01:59:59.999,37031562.8856,67101.0,2895837.38,18894399.6471,0.0
195,2022-07-15 02:00:00,6.73,6.99,6.65,6.79,6331276.95,2022-07-16 01:59:59.999,43246930.6912,72915.0,3123219.93,21339869.0613,0.0
196,2022-07-16 02:00:00,6.79,7.22,6.56,7.2,6479588.08,2022-07-17 01:59:59.999,44569898.4842,74939.0,3181882.64,21910557.9072,0.0
197,2022-07-17 02:00:00,7.2,7.33,6.88,6.92,5172727.22,2022-07-18 01:59:59.999,36744629.6711,68732.0,2369717.31,16841964.222,0.0
198,2022-07-18 02:00:00,6.91,7.73,6.9,7.66,12596431.22,2022-07-19 01:59:59.999,93668175.33,146911.0,5870963.97,43653493.8991,0.0
199,2022-07-19 02:00:00,7.65,8.03,7.49,7.79,14586041.75,2022-07-20 01:59:59.999,113531372.5322,180975.0,7432695.12,57901132.2651,0.0
200,2022-07-20 02:00:00,7.79,8.08,7.35,7.47,12266325.33,2022-07-21 01:59:59.999,95392286.3272,154360.0,6026123.0,46909412.1028,0.0
201,2022-07-21 02:00:00,7.47,7.6,7.18,7.53,6317817.35,2022-07-22 01:59:59.999,46669250.5864,82862.0,3310735.92,24470691.167,0.0
202,2022-07-22 02:00:00,7.53,7.85,7.26,7.29,7248162.69,2022-07-23 01:59:59.999,54960170.8233,90663.0,3599149.47,27296004.534,0.0
203,2022-07-23 02:00:00,7.3,7.49,7.08,7.33,4514593.17,2022-07-24 01:59:59.999,32905224.5842,60771.0,2253153.48,16441873.3993,0.0
204,2022-07-24 02:00:00,7.32,7.58,7.31,7.4,4842364.46,2022-07-25 01:59:59.999,36025618.9369,62806.0,2462574.46,18326414.3999,0.0
205,2022-07-25 02:00:00,7.4,7.44,6.74,6.76,7316840.25,2022-07-26 01:59:59.999,51497673.7138,84736.0,3424617.56,24121455.0524,0.0
206,2022-07-26 02:00:00,6.76,6.79,6.52,6.78,6507781.48,2022-07-27 01:59:59.999,43296197.2345,72376.0,3210964.98,21367449.4693,0.0
207,2022-07-27 02:00:00,6.78,7.71,6.65,7.68,8439914.15,2022-07-28 01:59:59.999,59311017.5434,98964.0,4375265.77,30821920.4699,0.0
208,2022-07-28 02:00:00,7.69,8.07,7.46,7.86,12081142.61,2022-07-29 01:59:59.999,93741122.6065,144470.0,5863379.24,45521049.4355,0.0
209,2022-07-29 02:00:00,7.86,8.43,7.76,8.19,11715078.94,2022-07-30 01:59:59.999,94855765.7694,161422.0,5754566.57,46622893.5551,0.0
210,2022-07-30 02:00:00,8.18,8.85,8.15,8.21,10970826.27,2022-07-31 01:59:59.999,93291762.6341,148710.0,5446266.01,46356338.3722,0.0
211,2022-07-31 02:00:00,8.22,9.21,8.08,8.62,12551305.77,2022-08-01 01:59:59.999,108919345.2444,174959.0,6135242.48,53191355.1504,0.0
212,2022-08-01 02:00:00,8.63,8.99,8.03,8.17,9843579.01,2022-08-02 01:59:59.999,83664491.6606,132901.0,4833263.62,41063509.31,0.0
213,2022-08-02 02:00:00,8.18,8.28,7.68,7.93,10097632.4,2022-08-03 01:59:59.999,80004050.5776,128903.0,5196243.03,41174597.635,0.0
214,2022-08-03 02:00:00,7.93,8.45,7.68,8.0,7508188.39,2022-08-04 01:59:59.999,60870157.4802,102561.0,3831837.4,31068580.3727,0.0
215,2022-08-04 02:00:00,8.0,8.28,7.88,8.1,5416271.31,2022-08-05 01:59:59.999,43793204.0342,75417.0,2599793.91,21033007.7562,0.0
216,2022-08-05 02:00:00,8.1,8.84,8.07,8.8,8360224.87,2022-08-06 01:59:59.999,70763158.8475,113238.0,4090615.15,34644616.9381,0.0
217,2022-08-06 02:00:00,8.81,8.88,8.48,8.52,5612299.3,2022-08-07 01:59:59.999,48739850.8809,66713.0,2758137.63,23970325.1216,0.0
218,2022-08-07 02:00:00,8.52,8.93,8.34,8.65,4827855.46,2022-08-08 01:59:59.999,41586269.5946,68426.0,2481716.82,21374742.0947,0.0
219,2022-08-08 02:00:00,8.65,9.39,8.63,9.27,10473879.27,2022-08-09 01:59:59.999,96057200.5455,134558.0,5048862.52,46270388.7031,0.0
220,2022-08-09 02:00:00,9.27,9.47,8.64,8.89,9792612.79,2022-08-10 01:59:59.999,87986085.7592,117467.0,4975460.74,44707909.875,0.0
221,2022-08-10 02:00:00,8.89,9.65,8.54,9.52,12143248.28,2022-08-11 01:59:59.999,111527644.5575,161427.0,5878062.12,53946453.4929,0.0
222,2022-08-11 02:00:00,9.53,9.65,9.13,9.2,8899036.11,2022-08-12 01:59:59.999,83686010.4643,115521.0,4549357.94,42807602.0682,0.0
223,2022-08-12 02:00:00,9.19,9.5,9.03,9.48,6113019.59,2022-08-13 01:59:59.999,56705191.0304,89201.0,3091861.53,28692027.6768,0.0
224,2022-08-13 02:00:00,9.48,9.68,9.25,9.31,4978042.86,2022-08-14 01:59:59.999,47175095.276,73252.0,2470383.89,23421165.0788,0.0
225,2022-08-14 02:00:00,9.31,9.56,8.83,8.96,6244622.85,2022-08-15 01:59:59.999,57512984.4133,97639.0,3109695.67,28642460.9882,0.0
226,2022-08-15 02:00:00,8.95,9.39,8.62,8.78,7236619.06,2022-08-16 01:59:59.999,64568879.3373,110251.0,3602707.07,32139953.1513,0.0
227,2022-08-16 02:00:00,8.78,8.95,8.63,8.84,5191605.16,2022-08-17 01:59:59.999,45625602.3463,74433.0,2581726.92,22700650.7874,0.0
228,2022-08-17 02:00:00,8.84,9.17,8.32,8.37,6653592.91,2022-08-18 01:59:59.999,57679087.5242,94687.0,3230523.08,27994357.7443,0.0
229,2022-08-18 02:00:00,8.37,8.6,8.0,8.08,4518903.95,2022-08-19 01:59:59.999,37817657.2992,70486.0,2166085.31,18145621.5652,0.0
230,2022-08-19 02:00:00,8.08,8.1,7.22,7.31,7862959.78,2022-08-20 01:59:59.999,59439257.7187,116034.0,3850773.54,29106689.478,0.0
231,2022-08-20 02:00:00,7.3,7.52,7.03,7.22,4731587.73,2022-08-21 01:59:59.999,34610145.9754,60807.0,2401421.54,17579271.3969,0.0
232,2022-08-21 02:00:00,7.23,7.53,7.16,7.44,3047725.62,2022-08-22 01:59:59.999,22458854.7374,41722.0,1637878.22,12071467.5709,0.0
233,2022-08-22 02:00:00,7.43,7.45,7.0,7.41,4283982.1,2022-08-23 01:59:59.999,30883890.6395,54224.0,2156374.13,15551191.6076,0.0
234,2022-08-23 02:00:00,7.4,7.72,7.18,7.64,4831764.65,2022-08-24 01:59:59.999,36419775.3176,56534.0,2398398.71,18073596.3261,0.0
235,2022-08-24 02:00:00,7.64,7.78,7.41,7.56,3720336.76,2022-08-25 01:59:59.999,28273824.3087,45669.0,1885855.44,14346392.9554,0.0
236,2022-08-25 02:00:00,7.56,7.76,7.46,7.58,2939414.77,2022-08-26 01:59:59.999,22396821.6521,36165.0,1471377.48,11216574.3225,0.0
237,2022-08-26 02:00:00,7.58,7.68,6.86,6.93,6009344.97,2022-08-27 01:59:59.999,43835765.7106,75352.0,2933057.34,21414091.1858,0.0
238,2022-08-27 02:00:00,6.93,7.12,6.8,7.04,4334932.37,2022-08-28 01:59:59.999,30264334.6829,49400.0,2180784.65,15234057.0118,0.0
239,2022-08-28 02:00:00,7.05,7.15,6.81,6.86,2870607.63,2022-08-29 01:59:59.999,20169032.4121,37499.0,1359468.62,9559306.1099,0.0
240,2022-08-29 02:00:00,6.86,7.31,6.79,7.27,4881958.91,2022-08-30 01:59:59.999,34469496.6815,54954.0,2563023.46,18106103.206,0.0
241,2022-08-30 02:00:00,7.27,7.38,6.88,7.0,5028135.43,2022-08-31 01:59:59.999,35911291.233,54508.0,2541208.76,18147837.7422,0.0
242,2022-08-31 02:00:00,7.01,7.29,6.98,7.03,4314442.79,2022-09-01 01:59:59.999,30805184.2649,47060.0,2199623.83,15707606.5071,0.0
243,2022-09-01 02:00:00,7.03,7.2,6.86,7.18,4554476.61,2022-09-02 01:59:59.999,31936885.5535,46659.0,2314423.42,16229976.9623,0.0
244,2022-09-02 02:00:00,7.19,7.57,7.12,7.3,5870327.75,2022-09-03 01:59:59.999,43101465.3715,63354.0,2854760.42,20967844.1302,0.0
245,2022-09-03 02:00:00,7.3,7.31,7.17,7.28,2939572.83,2022-09-04 01:59:59.999,21325024.096,30829.0,1472329.77,10683248.3366,0.0
246,2022-09-04 02:00:00,7.29,7.42,7.15,7.37,3798954.38,2022-09-05 01:59:59.999,27648159.3889,38357.0,1889638.21,13756029.519,0.0
247,2022-09-05 02:00:00,7.38,7.64,7.26,7.36,5190975.86,2022-09-06 01:59:59.999,38753387.6826,61409.0,2566556.49,19158051.7674,0.0
248,2022-09-06 02:00:00,7.37,7.7,6.81,6.87,8014227.23,2022-09-07 01:59:59.999,58630056.2093,95920.0,4002403.54,29237315.6948,0.0
249,2022-09-07 02:00:00,6.88,7.3,6.75,7.2,5657008.11,2022-09-08 01:59:59.999,39820621.8594,62486.0,2809814.86,19788132.6866,0.0
250,2022-09-08 02:00:00,7.2,7.45,7.03,7.39,6134106.21,2022-09-09 01:59:59.999,44328944.308,61357.0,3119552.46,22547805.2372,0.0
251,2022-09-09 02:00:00,7.39,7.94,7.36,7.75,9603978.87,2022-09-10 01:59:59.999,74321941.8427,97400.0,4859817.25,37582681.8828,0.0
252,2022-09-10 02:00:00,7.76,7.88,7.57,7.77,4854345.6,2022-09-11 01:59:59.999,37516131.0148,53024.0,2478811.89,19165285.9077,0.0
253,2022-09-11 02:00:00,7.77,7.9,7.54,7.7,4569653.61,2022-09-12 01:59:59.999,35315904.6462,48615.0,2306227.73,17832194.2484,0.0
254,2022-09-12 02:00:00,7.71,8.05,7.56,7.66,8935374.52,2022-09-13 01:59:59.999,69617089.2687,103647.0,4482358.34,34918425.074,0.0
255,2022-09-13 02:00:00,7.67,7.96,7.03,7.06,9252301.09,2022-09-14 01:59:59.999,69119733.9327,110100.0,4608407.72,34423312.6445,0.0
256,2022-09-14 02:00:00,7.06,7.31,7.01,7.21,5914357.47,2022-09-15 01:59:59.999,42407266.8069,54680.0,3017609.62,21646442.9165,0.0
257,2022-09-15 02:00:00,7.2,7.24,6.87,6.93,7556924.27,2022-09-16 01:59:59.999,53133149.89,73696.0,3632006.1,25547108.5192,0.0
258,2022-09-16 02:00:00,6.94,6.98,6.7,6.9,6058337.4,2022-09-17 01:59:59.999,41514230.7609,61116.0,2680717.08,18369315.2798,0.0
259,2022-09-17 02:00:00,6.91,7.16,6.9,7.06,3924016.97,2022-09-18 01:59:59.999,27608554.5658,42555.0,1883871.77,13265216.9687,0.0
260,2022-09-18 02:00:00,7.05,7.06,6.32,6.44,7888082.4,2022-09-19 01:59:59.999,53309930.9995,85813.0,3489482.22,23530964.4469,0.0
261,2022-09-19 02:00:00,6.45,6.56,6.1,6.39,9255864.1,2022-09-20 01:59:59.999,58347282.4878,91075.0,4660909.9,29391417.8083,0.0
262,2022-09-20 02:00:00,6.39,6.42,6.17,6.28,5497167.84,2022-09-21 01:59:59.999,34610787.523,48340.0,2747593.13,17301926.3016,0.0
263,2022-09-21 02:00:00,6.28,6.58,5.97,6.12,9829632.502,2022-09-22 01:59:59.999,61680412.453,101688.0,4890050.79,30702458.2882,0.0
264,2022-09-22 02:00:00,6.12,6.53,6.08,6.45,6063122.51,2022-09-23 01:59:59.999,38550317.0842,59283.0,3026741.61,19239046.9937,0.0
265,2022-09-23 02:00:00,6.45,6.64,6.19,6.44,9016451.68,2022-09-24 01:59:59.999,57613639.6274,78164.0,4493619.91,28718503.4048,0.0
266,2022-09-24 02:00:00,6.44,6.51,6.23,6.27,3955623.65,2022-09-25 01:59:59.999,25363741.0454,39003.0,1982805.18,12721800.4177,0.0
267,2022-09-25 02:00:00,6.27,6.38,6.08,6.2,3734926.28,2022-09-26 01:59:59.999,23359645.4177,37576.0,1756518.45,10992350.5026,0.0
268,2022-09-26 02:00:00,6.2,6.58,6.15,6.56,8553957.35,2022-09-27 01:59:59.999,54626385.6389,74899.0,4267872.46,27262108.144,0.0
269,2022-09-27 02:00:00,6.55,6.8,6.24,6.37,7249174.06,2022-09-28 01:59:59.999,47752231.1815,74083.0,3589604.44,23657980.7307,0.0
270,2022-09-28 02:00:00,6.37,6.47,6.17,6.38,5452664.8,2022-09-29 01:59:59.999,34565417.8255,54052.0,2698844.94,17115548.1058,0.0
271,2022-09-29 02:00:00,6.39,6.49,6.26,6.43,5600368.3,2022-09-30 01:59:59.999,35789913.44,46665.0,2831192.39,18097838.1233,0.0
272,2022-09-30 02:00:00,6.44,6.58,6.21,6.32,8082261.96,2022-10-01 01:59:59.999,51705131.9319,70822.0,4282006.0,27368638.7472,0.0
273,2022-10-01 02:00:00,6.33,6.34,6.21,6.27,3450155.56,2022-10-02 01:59:59.999,21678138.3619,27168.0,1658549.11,10422856.6874,0.0
274,2022-10-02 02:00:00,6.26,6.33,6.13,6.15,3801773.23,2022-10-03 01:59:59.999,23739735.9481,34590.0,1822373.4,11382872.7398,0.0
275,2022-10-03 02:00:00,6.16,6.41,6.09,6.37,4977131.51,2022-10-04 01:59:59.999,31261979.0864,37930.0,2609325.36,16397975.0702,0.0
276,2022-10-04 02:00:00,6.37,6.54,6.34,6.5,4072739.41,2022-10-05 01:59:59.999,26257026.4567,32122.0,2113553.66,13628637.265,0.0
277,2022-10-05 02:00:00,6.5,6.51,6.27,6.44,4166685.22,2022-10-06 01:59:59.999,26577365.6947,32595.0,2101933.54,13407882.263,0.0
278,2022-10-06 02:00:00,6.44,6.52,6.31,6.34,4214865.72,2022-10-07 01:59:59.999,27074293.1585,33151.0,2037571.57,13089507.0749,0.0
279,2022-10-07 02:00:00,6.34,6.4,6.25,6.33,2949396.86,2022-10-08 01:59:59.999,18656957.0085,22642.0,1476170.8,9341993.6146,0.0
280,2022-10-08 02:00:00,6.33,6.4,6.26,6.31,1422016.0,2022-10-09 01:59:59.999,9018654.9955,14921.0,677716.27,4299421.7478,0.0
281,2022-10-09 02:00:00,6.31,6.5,6.28,6.48,2462447.16,2022-10-10 01:59:59.999,15780014.4145,23361.0,1261613.29,8086486.4031,0.0
282,2022-10-10 02:00:00,6.48,6.54,6.24,6.25,3764636.2,2022-10-11 01:59:59.999,23993660.0063,32447.0,1713444.37,10925372.4869,0.0
283,2022-10-11 02:00:00,6.25,6.26,6.13,6.17,3272884.8,2022-10-12 01:59:59.999,20271619.8877,30486.0,1601713.42,9924533.1868,0.0
284,2022-10-12 02:00:00,6.18,6.25,6.13,6.18,2393433.73,2022-10-13 01:59:59.999,14807829.4601,21026.0,1200784.5,7431237.8293,0.0
285,2022-10-13 02:00:00,6.18,6.18,5.68,6.11,7380068.704,2022-10-14 01:59:59.999,43803347.76875,76806.0,3544307.6,21034479.7187,0.0
286,2022-10-14 02:00:00,6.11,6.27,6.01,6.05,3863936.64,2022-10-15 01:59:59.999,23808522.3467,33819.0,1895748.62,11682185.6616,0.0
287,2022-10-15 02:00:00,6.05,6.1,6.02,6.05,1706785.75,2022-10-16 01:59:59.999,10348089.4245,18312.0,879782.85,5334731.5136,0.0
288,2022-10-16 02:00:00,6.05,6.25,6.04,6.18,2485868.92,2022-10-17 01:59:59.999,15296884.5446,24055.0,1352529.15,8325655.7198,0.0
289,2022-10-17 02:00:00,6.19,6.29,6.12,6.26,3223265.91,2022-10-18 01:59:59.999,20009718.1447,26937.0,1646703.0,10229866.87,0.0
290,2022-10-18 02:00:00,6.26,6.3,6.07,6.16,3868946.94,2022-10-19 01:59:59.999,23894853.6978,28733.0,1896491.01,11715286.3374,0.0
291,2022-10-19 02:00:00,6.16,6.26,6.06,6.1,4401418.42,2022-10-20 01:59:59.999,27082582.6996,34879.0,2349280.6,14462287.4787,0.0
292,2022-10-20 02:00:00,6.11,6.16,5.82,5.89,5073844.54,2022-10-21 01:59:59.999,30553159.1678,45430.0,2433092.02,14643344.7354,0.0
293,2022-10-21 02:00:00,5.88,5.9,5.73,5.84,6612206.88,2022-10-22 01:59:59.999,38563351.9176,52696.0,3227907.21,18828824.3172,0.0
294,2022-10-22 02:00:00,5.83,5.87,5.77,5.85,2971915.78,2022-10-23 01:59:59.999,17309104.4896,25818.0,1488229.81,8673557.9313,0.0
295,2022-10-23 02:00:00,5.85,5.98,5.75,5.97,2942177.38,2022-10-24 01:59:59.999,17267778.5012,24252.0,1551150.63,9112837.2493,0.0
296,2022-10-24 02:00:00,5.96,5.99,5.8,5.92,3823238.57,2022-10-25 01:59:59.999,22458552.8639,27306.0,1944163.92,11424539.5716,0.0
297,2022-10-25 02:00:00,5.91,6.63,5.89,6.43,9006229.17,2022-10-26 01:59:59.999,56614586.7604,79030.0,4741844.81,29768965.1801,0.0
298,2022-10-26 02:00:00,6.44,6.61,6.41,6.47,6443103.67,2022-10-27 01:59:59.999,41860126.6226,51379.0,3504485.77,22770592.9734,0.0
299,2022-10-27 02:00:00,6.47,6.65,6.28,6.34,6785956.61,2022-10-28 01:59:59.999,43848838.1566,57206.0,3422478.82,22132230.6499,0.0
300,2022-10-28 02:00:00,6.33,6.59,6.26,6.52,4911921.1,2022-10-29 01:59:59.999,31559374.4645,39659.0,2509694.14,16131451.7732,0.0
301,2022-10-29 02:00:00,6.51,6.78,6.49,6.63,6052975.69,2022-10-30 01:59:59.999,40103123.2896,58444.0,2985875.22,19788060.4259,0.0
302,2022-10-30 02:00:00,6.63,6.75,6.51,6.66,4310912.76,2022-10-31 00:59:59.999,28501978.894,37076.0,2071043.77,13698437.3064,0.0
303,2022-10-31 01:00:00,6.65,6.84,6.57,6.62,7120046.35,2022-11-01 00:59:59.999,47622841.2776,59202.0,3571477.55,23905448.9568,0.0
304,2022-11-01 01:00:00,6.62,6.72,6.45,6.46,3710854.82,2022-11-02 00:59:59.999,24451733.3056,33192.0,1742389.8,11487628.6813,0.0
305,2022-11-02 01:00:00,6.45,6.53,6.16,6.25,6160529.66,2022-11-03 00:59:59.999,39202596.0089,60872.0,2778039.44,17692431.8696,0.0
306,2022-11-03 01:00:00,6.26,6.53,6.23,6.41,5454796.72,2022-11-04 00:59:59.999,35125336.3308,46647.0,2826676.17,18205389.6758,0.0
307,2022-11-04 01:00:00,6.42,7.1,6.38,7.05,9531817.15,2022-11-05 00:59:59.999,64593267.9052,99859.0,4936348.23,33489168.8223,0.0
308,2022-11-05 01:00:00,7.06,7.25,6.94,7.03,7379052.14,2022-11-06 00:59:59.999,52286124.3092,74395.0,3501099.32,24827697.4799,0.0
309,2022-11-06 01:00:00,7.03,7.15,6.79,6.81,5716020.12,2022-11-07 00:59:59.999,40108693.0313,50810.0,2719433.14,19094480.6604,0.0
310,2022-11-07 01:00:00,6.81,7.42,6.65,7.12,9474204.99,2022-11-08 00:59:59.999,66713522.4858,93878.0,5068133.23,35683265.9433,0.0
311,2022-11-08 01:00:00,7.12,7.2,5.86,6.3,17011590.68,2022-11-09 00:59:59.999,110597386.2832,210506.0,8232417.27,53597189.9176,0.0
312,2022-11-09 01:00:00,6.3,6.38,5.34,5.41,15523101.01,2022-11-10 00:59:59.999,93168867.27795,221640.0,7331647.31,44103648.3832,0.0
313,2022-11-10 01:00:00,5.42,6.18,5.32,5.97,12598434.37,2022-11-11 00:59:59.999,72920076.2842,156206.0,6537012.51,37808678.2208,0.0
314,2022-11-11 01:00:00,5.97,6.05,5.5,5.75,8907098.41,2022-11-12 00:59:59.999,50987474.9892,95844.0,4463528.85,25551274.3799,0.0
315,2022-11-12 01:00:00,5.75,5.88,5.56,5.77,3603570.5,2022-11-13 00:59:59.999,20690424.141,47555.0,1751536.39,10054836.0233,0.0
316,2022-11-13 01:00:00,5.78,5.97,5.62,5.75,5069240.31,2022-11-14 00:59:59.999,29401654.655,75777.0,2611748.78,15149356.879,0.0
317,2022-11-14 01:00:00,5.75,5.9,5.44,5.86,5738361.29,2022-11-15 00:59:59.999,32677149.5103,87296.0,2824755.85,16096480.8858,0.0
318,2022-11-15 01:00:00,5.87,6.05,5.8,5.92,3301786.7,2022-11-16 00:59:59.999,19605611.7947,49789.0,1694967.07,10065957.4637,0.0
319,2022-11-16 01:00:00,5.92,6.0,5.61,5.71,3209428.37,2022-11-17 00:59:59.999,18614513.4025,52048.0,1669031.97,9677068.7157,0.0
320,2022-11-17 01:00:00,5.7,5.73,5.56,5.67,2822106.06,2022-11-18 00:59:59.999,15982272.4399,32590.0,1441750.85,8167512.3786,0.0
321,2022-11-18 01:00:00,5.68,5.78,5.6,5.65,2187119.21,2022-11-19 00:59:59.999,12454001.8877,23870.0,1051966.58,5993519.4764,0.0
322,2022-11-19 01:00:00,5.65,5.66,5.53,5.61,1602398.67,2022-11-20 00:59:59.999,8937618.5576,23055.0,772606.55,4312028.2701,0.0
323,2022-11-20 01:00:00,5.61,5.66,5.25,5.3,3870989.34,2022-11-21 00:59:59.999,21104165.7766,43973.0,1614757.24,8800915.6883,0.0
324,2022-11-21 01:00:00,5.3,5.3,5.07,5.18,6524218.75,2022-11-22 00:59:59.999,33962665.1277,52870.0,3096500.58,16125790.4753,0.0
325,2022-11-22 01:00:00,5.19,5.32,5.0,5.28,5740050.28,2022-11-23 00:59:59.999,29691038.6824,52227.0,2716643.34,14070293.9187,0.0
326,2022-11-23 01:00:00,5.28,5.49,5.25,5.44,4175250.0,2022-11-24 00:59:59.999,22468488.3974,37341.0,2057004.48,11073871.3055,0.0
327,2022-11-24 01:00:00,5.43,5.53,5.33,5.39,3739397.2,2022-11-25 00:59:59.999,20261455.2751,33226.0,1805890.03,9789475.6129,0.0
328,2022-11-25 01:00:00,5.38,5.39,5.25,5.26,2770201.53,2022-11-26 00:59:59.999,14688127.6257,27265.0,1210288.51,6421597.7983,0.0
329,2022-11-26 01:00:00,5.27,5.46,5.24,5.3,2879533.81,2022-11-27 00:59:59.999,15422148.6418,32425.0,1391456.86,7456368.2335,0.0
330,2022-11-27 01:00:00,5.3,5.44,5.26,5.3,2262349.07,2022-11-28 00:59:59.999,12123113.1632,25958.0,1084690.42,5814757.6695,0.0
331,2022-11-28 01:00:00,5.31,5.32,5.06,5.13,5094640.21,2022-11-29 00:59:59.999,26299720.2245,48033.0,2378535.94,12278868.4636,0.0
332,2022-11-29 01:00:00,5.13,5.35,5.09,5.3,3879496.66,2022-11-30 00:59:59.999,20382824.1087,33853.0,1966652.86,10331017.295,0.0
333,2022-11-30 01:00:00,5.3,5.51,5.3,5.46,4722700.97,2022-12-01 00:59:59.999,25553984.9053,42263.0,2381343.17,12886634.2062,0.0
334,2022-12-01 01:00:00,5.46,5.48,5.32,5.41,4001779.36,2022-12-02 00:59:59.999,21565687.2181,35732.0,1848578.37,9966111.6509,0.0
335,2022-12-02 01:00:00,5.4,5.69,5.37,5.62,6607178.18,2022-12-03 00:59:59.999,36595944.3468,52817.0,3407018.16,18876236.4393,0.0
336,2022-12-03 01:00:00,5.62,5.71,5.48,5.49,4453433.15,2022-12-04 00:59:59.999,24895152.981,33125.0,2063605.6,11547230.3122,0.0
337,2022-12-04 01:00:00,5.5,5.61,5.49,5.59,2771876.82,2022-12-05 00:59:59.999,15388162.7918,23266.0,1427086.23,7927320.2399,0.0
338,2022-12-05 01:00:00,5.6,5.73,5.44,5.48,3645172.05,2022-12-06 00:59:59.999,20379147.9455,33303.0,1660057.78,9283372.0159,0.0
339,2022-12-06 01:00:00,5.48,5.52,5.42,5.5,2713444.43,2022-12-07 00:59:59.999,14853894.0571,22788.0,1266727.22,6936972.6184,0.0
340,2022-12-07 01:00:00,5.49,5.53,5.24,5.29,5307370.08,2022-12-08 00:59:59.999,28271803.9279,38370.0,2539446.14,13528967.3443,0.0
341,2022-12-08 01:00:00,5.29,5.47,5.25,5.42,4019638.16,2022-12-09 00:59:59.999,21436693.9775,28335.0,2037934.21,10869955.9731,0.0
342,2022-12-09 01:00:00,5.42,5.44,5.26,5.3,2687576.39,2022-12-10 00:59:59.999,14392192.4672,24507.0,1284251.4,6880171.7089,0.0
343,2022-12-10 01:00:00,5.29,5.33,5.26,5.27,1281589.14,2022-12-11 00:59:59.999,6779886.3711,15979.0,603798.65,3195977.2764,0.0
344,2022-12-11 01:00:00,5.28,5.33,5.13,5.17,2136325.82,2022-12-12 00:59:59.999,11164882.3471,23719.0,1005833.69,5258951.5741,0.0
345,2022-12-12 01:00:00,5.16,5.21,5.0,5.17,4090252.3,2022-12-13 00:59:59.999,20962565.4669,33280.0,1999310.07,10250908.9765,0.0
346,2022-12-13 01:00:00,5.17,5.35,4.99,5.28,5123267.46,2022-12-14 00:59:59.999,26498290.4287,44664.0,2366151.21,12270425.0067,0.0
347,2022-12-14 01:00:00,5.29,5.358,5.154,5.215,5918542.41,2022-12-15 00:59:59.999,31222303.48044,75899.0,2888027.79,15242995.69958,0.0
348,2022-12-15 01:00:00,5.214,5.254,5.116,5.23,4122946.05,2022-12-16 00:59:59.999,21417791.11581,57654.0,2161473.48,11230963.12979,0.0
349,2022-12-16 01:00:00,5.23,5.25,4.52,4.652,7256168.85,2022-12-17 00:59:59.999,35961423.953334,132773.0,3515204.73,17427105.8077,0.0
350,2022-12-17 01:00:00,4.653,4.724,4.583,4.708,4616715.62,2022-12-18 00:59:59.999,21558010.39159,72420.0,2390122.81,11161478.38516,0.0
351,2022-12-18 01:00:00,4.709,4.716,4.617,4.657,2749549.56,2022-12-19 00:59:59.999,12839492.1587,37146.0,1352936.34,6317890.53188,0.0
352,2022-12-19 01:00:00,4.657,4.705,4.41,4.481,4752800.99,2022-12-20 00:59:59.999,21758854.40594,61328.0,2300418.46,10543303.06702,0.0
353,2022-12-20 01:00:00,4.479,4.653,4.461,4.605,3310151.54,2022-12-21 00:59:59.999,15158799.00286,49248.0,1749462.49,8009268.42419,0.0
354,2022-12-21 01:00:00,4.606,4.616,4.442,4.485,2732722.13,2022-12-22 00:59:59.999,12305001.00567,40751.0,1295549.08,5833566.13861,0.0
355,2022-12-22 01:00:00,4.486,4.537,4.37,4.531,2979884.33,2022-12-23 00:59:59.999,13255458.94175,44994.0,1443901.98,6426225.39872,0.0
356,2022-12-23 01:00:00,4.532,4.546,4.454,4.473,2669853.97,2022-12-24 00:59:59.999,12027097.27714,37837.0,1330753.31,5995683.7823,0.0
357,2022-12-24 01:00:00,4.473,4.492,4.43,4.452,1305078.13,2022-12-25 00:59:59.999,5822518.6022,22397.0,591139.27,2637229.43839,0.0
358,2022-12-25 01:00:00,4.451,4.498,4.396,4.492,1726195.69,2022-12-26 00:59:59.999,7662366.49777,28846.0,815245.61,3617937.04393,0.0
359,2022-12-26 01:00:00,4.492,4.578,4.465,4.571,1955878.56,2022-12-27 00:59:59.999,8812897.49759,32933.0,1049842.1,4731796.03439,0.0
360,2022-12-27 01:00:00,4.571,4.585,4.455,4.478,2694420.81,2022-12-28 00:59:59.999,12133923.16848,36321.0,1194301.55,5381683.681,0.0
361,2022-12-28 01:00:00,4.479,4.484,4.24,4.286,5301428.71,2022-12-29 00:59:59.999,23021062.05553,63479.0,2314474.85,10055246.42545,0.0
362,2022-12-29 01:00:00,4.286,4.355,4.224,4.309,2461379.78,2022-12-30 00:59:59.999,10575923.99114,32695.0,1241502.5,5332379.77809,0.0
363,2022-12-30 01:00:00,4.308,4.341,4.226,4.324,2037686.16,2022-12-31 00:59:59.999,8730992.15665,26708.0,995181.62,4265975.09315,0.0
