,OpenTime,ETH-USD_Open,ETH-USD_High,ETH-USD_Low,ETH-USD_Close,ETH-USD_volume,CloseTime,ETH-QuoteAssetVolume,ETH-NumberOfTrades,ETH-TBBAV,ETH-TBQAV,ETH-ignore
0,2022-01-01 01:00:00,3676.22,3776.45,3673.46,3765.54,154143.8968,2022-01-02 00:59:59.999,574718328.452744,408666.0,76937.9798,286855413.588924,0.0
1,2022-01-02 01:00:00,3765.54,3857.44,3717.3,3828.27,154791.4263,2022-01-03 00:59:59.999,585374957.73046,450610.0,81170.5053,307056603.74279,0.0
2,2022-01-03 01:00:00,3828.11,3853.09,3680.0,3765.89,236245.8586,2022-01-04 00:59:59.999,892944105.552994,594541.0,114525.6299,433084435.776656,0.0
3,2022-01-04 01:00:00,3765.89,3900.73,3713.11,3785.11,288258.5549,2022-01-05 00:59:59.999,1098182607.925726,676651.0,147451.4285,561958201.762099,0.0
4,2022-01-05 01:00:00,3785.1,3848.0,3415.0,3540.63,397942.0363,2022-01-06 00:59:59.999,1464819255.093511,962670.0,183641.1134,676663293.71856,0.0
5,2022-01-06 01:00:00,3539.82,3550.43,3300.0,3406.81,496745.7413,2022-01-07 00:59:59.999,1698727637.365026,1006279.0,250536.4828,856938730.300548,0.0
6,2022-01-07 01:00:00,3406.81,3416.76,3064.42,3199.24,669631.7262,2022-01-08 00:59:59.999,2149562773.329257,1307591.0,329420.1321,1057683053.114078,0.0
7,2022-01-08 01:00:00,3198.68,3250.0,3000.0,3080.95,400692.1061,2022-01-09 00:59:59.999,1252795163.486269,814600.0,192818.0544,602863815.601238,0.0
8,2022-01-09 01:00:00,3080.98,3211.72,3057.35,3151.97,275874.1643,2022-01-10 00:59:59.999,864505480.881738,591523.0,140931.0384,441833198.219928,0.0
9,2022-01-10 01:00:00,3151.97,3185.0,2928.83,3082.68,529818.3866,2022-01-11 00:59:59.999,1616550523.097201,935157.0,259668.2416,792807641.846424,0.0
10,2022-01-11 01:00:00,3082.87,3263.54,3051.8,3239.72,362446.7087,2022-01-12 00:59:59.999,1145852583.62298,668961.0,184190.5779,582792200.298909,0.0
11,2022-01-12 01:00:00,3239.73,3411.43,3206.2,3371.26,370465.8015,2022-01-13 00:59:59.999,1226038697.472902,737196.0,193929.257,641836657.478435,0.0
12,2022-01-13 01:00:00,3371.6,3410.0,3233.43,3240.61,336234.8799,2022-01-14 00:59:59.999,1116293607.687924,666486.0,160295.7388,532448245.942649,0.0
13,2022-01-14 01:00:00,3240.61,3342.79,3188.0,3307.42,285326.3505,2022-01-15 00:59:59.999,931347172.762881,572125.0,138986.6442,453872875.293877,0.0
14,2022-01-15 01:00:00,3307.42,3371.64,3261.0,3326.04,203100.3778,2022-01-16 00:59:59.999,675484534.656949,444485.0,97533.1176,324387118.029709,0.0
15,2022-01-16 01:00:00,3326.51,3393.6,3269.62,3346.88,210782.2277,2022-01-17 00:59:59.999,701885138.83374,495317.0,105304.5398,350817972.668298,0.0
16,2022-01-17 01:00:00,3346.89,3357.57,3141.1,3209.67,284063.6548,2022-01-18 00:59:59.999,922568646.923763,646419.0,138706.976,450497992.462888,0.0
17,2022-01-18 01:00:00,3209.68,3243.87,3082.0,3159.85,299134.2728,2022-01-19 00:59:59.999,943140782.389924,579484.0,147919.8085,466359496.762586,0.0
18,2022-01-19 01:00:00,3159.85,3174.87,3000.0,3084.02,332996.5703,2022-01-20 00:59:59.999,1035249881.473593,647383.0,166361.989,517513738.789529,0.0
19,2022-01-20 01:00:00,3084.02,3273.37,2987.15,3001.48,357596.7062,2022-01-21 00:59:59.999,1124982397.810134,718946.0,178166.9919,561491222.664943,0.0
20,2022-01-21 01:00:00,3001.48,3034.12,2403.0,2568.15,1022021.70024,2022-01-22 00:59:59.999,2828122722.883165,1723216.0,492708.32186,1364832200.329052,0.0
21,2022-01-22 01:00:00,2567.47,2626.0,2300.0,2412.18,1081357.54893,2022-01-23 00:59:59.999,2652383041.9991856,1994513.0,527287.46361,1293783666.72144,0.0
22,2022-01-23 01:00:00,2412.18,2556.78,2370.8,2539.01,580497.7613,2022-01-24 00:59:59.999,1431696375.615066,1053655.0,300885.431,742655338.314519,0.0
23,2022-01-24 01:00:00,2539.0,2539.75,2159.0,2439.29,1123134.70389,2022-01-25 00:59:59.999,2592832133.2002006,1848889.0,556098.73488,1284560488.6860812,0.0
24,2022-01-25 01:00:00,2439.56,2506.55,2348.96,2458.83,510152.954,2022-01-26 00:59:59.999,1237051148.4309,946366.0,261026.4288,633004042.497613,0.0
25,2022-01-26 01:00:00,2459.04,2722.0,2402.03,2462.99,806441.62289,2022-01-27 00:59:59.999,2058599145.3419724,1384921.0,405477.92029,1034936471.4965833,0.0
26,2022-01-27 01:00:00,2463.0,2521.0,2316.43,2424.25,599481.7159,2022-01-28 00:59:59.999,1448742950.458556,1029204.0,308517.357,745718418.79699,0.0
27,2022-01-28 01:00:00,2424.02,2558.98,2357.88,2544.99,485149.8065,2022-01-29 00:59:59.999,1183543182.408244,884305.0,243890.0215,595442818.157094,0.0
28,2022-01-29 01:00:00,2544.99,2636.66,2520.01,2601.43,376666.8246,2022-01-30 00:59:59.999,966725225.782995,656017.0,196742.3966,504979471.310492,0.0
29,2022-01-30 01:00:00,2601.43,2640.0,2542.5,2601.68,290770.0859,2022-01-31 00:59:59.999,755039834.565121,564478.0,147074.1889,381845687.596601,0.0
30,2022-01-31 01:00:00,2601.67,2706.77,2476.07,2686.94,444584.851,2022-02-01 00:59:59.999,1154488527.579429,814997.0,226655.5532,589826074.939442,0.0
31,2022-02-01 01:00:00,2686.94,2813.0,2673.52,2787.23,390034.27362,2022-02-02 00:59:59.999,1075341490.803359,790343.0,199367.04362,549663013.504231,0.0
32,2022-02-02 01:00:00,2787.48,2810.88,2612.72,2680.67,447852.1228,2022-02-03 00:59:59.999,1215958780.122614,819863.0,225815.1234,613110822.300808,0.0
33,2022-02-03 01:00:00,2680.25,2726.64,2576.05,2695.46,405043.3931,2022-02-04 00:59:59.999,1068724165.621823,726013.0,207767.1368,548363711.879621,0.0
34,2022-02-04 01:00:00,2695.21,2995.0,2671.4,2994.99,664002.9328,2022-02-05 00:59:59.999,1889746043.715049,1235215.0,338287.3535,962701411.483769,0.0
35,2022-02-05 01:00:00,2994.99,3060.47,2958.01,3012.65,356803.3071,2022-02-06 00:59:59.999,1073972573.348673,730502.0,184328.5685,554943551.863471,0.0
36,2022-02-06 01:00:00,3012.64,3074.56,2950.21,3054.99,249394.5966,2022-02-07 00:59:59.999,749957614.968609,522276.0,125512.0274,377549134.733216,0.0
37,2022-02-07 01:00:00,3055.0,3186.0,2991.8,3139.77,455070.2529,2022-02-08 00:59:59.999,1410603197.756882,898923.0,236657.1049,733764574.033925,0.0
38,2022-02-08 01:00:00,3139.77,3232.87,3025.21,3116.69,514773.5837,2022-02-09 00:59:59.999,1602652876.881495,910882.0,258325.7281,804657758.050287,0.0
39,2022-02-09 01:00:00,3116.69,3269.7,3055.0,3243.94,370267.8913,2022-02-10 00:59:59.999,1171445663.964222,738015.0,200069.2719,633521333.368431,0.0
40,2022-02-10 01:00:00,3243.6,3283.66,3056.74,3072.49,578212.8383,2022-02-11 00:59:59.999,1839815885.635639,1039160.0,294389.9508,937496491.538538,0.0
41,2022-02-11 01:00:00,3072.36,3138.62,2879.0,2927.54,462025.8751,2022-02-12 00:59:59.999,1404238408.517842,912879.0,225347.5191,685621003.996612,0.0
42,2022-02-12 01:00:00,2927.54,2985.98,2858.3,2918.88,336250.3131,2022-02-13 00:59:59.999,981432045.703354,608416.0,165039.9186,481542585.224781,0.0
43,2022-02-13 01:00:00,2918.58,2954.4,2836.7,2871.13,242751.3547,2022-02-14 00:59:59.999,705260941.483037,444540.0,120559.5578,350481622.861807,0.0
44,2022-02-14 01:00:00,2871.14,2964.97,2829.01,2929.75,381778.238,2022-02-15 00:59:59.999,1107566192.889658,607853.0,194221.8781,563663360.651539,0.0
45,2022-02-15 01:00:00,2929.75,3196.19,2912.06,3183.52,448971.754,2022-02-16 00:59:59.999,1381094746.210811,795924.0,237944.8724,732387823.956892,0.0
46,2022-02-16 01:00:00,3183.53,3186.77,3044.03,3122.3,319997.6244,2022-02-17 00:59:59.999,999219896.168787,633447.0,155323.1493,485323462.455795,0.0
47,2022-02-17 01:00:00,3122.31,3160.0,2851.55,2891.87,488693.2624,2022-02-18 00:59:59.999,1467352492.887897,840552.0,233828.0428,702011907.690017,0.0
48,2022-02-18 01:00:00,2891.88,2943.97,2750.0,2779.48,502977.4069,2022-02-19 00:59:59.999,1428246802.953186,742459.0,249635.4651,708728873.886389,0.0
49,2022-02-19 01:00:00,2779.3,2830.96,2694.45,2763.63,293838.0025,2022-02-20 00:59:59.999,812399991.55453,474447.0,141892.3022,392252672.874323,0.0
50,2022-02-20 01:00:00,2763.63,2764.64,2576.0,2621.99,386384.904,2022-02-21 00:59:59.999,1023095361.857724,615990.0,179982.3854,476410884.46124,0.0
51,2022-02-21 01:00:00,2621.99,2759.51,2558.0,2568.02,761838.9858,2022-02-22 00:59:59.999,2030019705.147237,1116485.0,375450.9358,1001341576.758087,0.0
52,2022-02-22 01:00:00,2568.03,2665.74,2500.0,2636.29,692639.4942,2022-02-23 00:59:59.999,1787436157.608267,1047915.0,350929.3036,905871370.400486,0.0
53,2022-02-23 01:00:00,2636.28,2753.55,2575.83,2579.71,504470.1412,2022-02-24 00:59:59.999,1347740672.085344,839481.0,248657.1745,664765649.80641,0.0
54,2022-02-24 01:00:00,2579.7,2740.0,2300.0,2596.2,1395732.7753,2022-02-25 00:59:59.999,3417715584.187025,1774038.0,707050.4189,1732942191.413947,0.0
55,2022-02-25 01:00:00,2596.26,2834.97,2571.72,2768.49,679394.1762,2022-02-26 00:59:59.999,1818778014.603611,1102014.0,360732.9676,966041209.409697,0.0
56,2022-02-26 01:00:00,2768.05,2878.0,2727.5,2779.47,418485.2529,2022-02-27 00:59:59.999,1169315477.8095,781683.0,216251.6942,604354686.841964,0.0
57,2022-02-27 01:00:00,2779.47,2836.33,2557.98,2616.79,650198.7785,2022-02-28 00:59:59.999,1757950720.803781,1149184.0,318022.3875,860366198.543408,0.0
58,2022-02-28 01:00:00,2616.79,2951.6,2568.62,2920.95,733794.4488,2022-03-01 00:59:59.999,2004492152.838274,1203874.0,382192.1865,1045287838.386042,0.0
59,2022-03-01 01:00:00,2920.83,3037.94,2854.09,2976.33,673901.6976,2022-03-02 00:59:59.999,1983738648.091627,1237486.0,336703.7636,991272629.435511,0.0
60,2022-03-02 01:00:00,2976.33,3043.91,2914.21,2947.3,614623.7461,2022-03-03 00:59:59.999,1828572588.461256,1050193.0,307323.4319,914601548.810062,0.0
61,2022-03-03 01:00:00,2947.31,2970.97,2785.0,2833.99,446192.2353,2022-03-04 00:59:59.999,1282099960.458349,770738.0,215583.3099,619536616.122407,0.0
62,2022-03-04 01:00:00,2834.0,2836.17,2573.0,2622.1,556178.7588,2022-03-05 00:59:59.999,1499282207.482794,934846.0,272794.9911,735559329.811336,0.0
63,2022-03-05 01:00:00,2622.11,2685.12,2589.38,2665.15,268730.3036,2022-03-06 00:59:59.999,709708518.862464,531829.0,132344.5447,349622255.232099,0.0
64,2022-03-06 01:00:00,2665.16,2676.29,2535.0,2551.29,336487.9099,2022-03-07 00:59:59.999,881200532.285509,528787.0,158089.6763,414180880.675667,0.0
65,2022-03-07 01:00:00,2551.3,2649.0,2445.0,2491.12,620171.6787,2022-03-08 00:59:59.999,1575658962.135642,870430.0,311464.4996,791626717.895083,0.0
66,2022-03-08 01:00:00,2491.12,2624.0,2480.15,2575.97,561659.7421,2022-03-09 00:59:59.999,1438848034.008704,812094.0,282902.6371,724775308.206749,0.0
67,2022-03-09 01:00:00,2575.98,2775.85,2567.7,2726.98,562771.7403,2022-03-10 00:59:59.999,1524779168.022153,840331.0,296746.7595,803535349.967805,0.0
68,2022-03-10 01:00:00,2726.98,2733.25,2550.27,2606.7,559029.9377,2022-03-11 00:59:59.999,1460470256.475736,740676.0,264792.3285,691745592.300447,0.0
69,2022-03-11 01:00:00,2606.69,2676.78,2522.57,2556.86,494583.6568,2022-03-12 00:59:59.999,1281060913.835518,684407.0,248108.1042,642646386.107198,0.0
70,2022-03-12 01:00:00,2556.86,2616.79,2553.39,2568.8,219236.5711,2022-03-13 00:59:59.999,567134036.896676,327122.0,114440.8384,296103645.660044,0.0
71,2022-03-13 01:00:00,2568.8,2603.32,2493.0,2515.65,316942.1601,2022-03-14 00:59:59.999,811775081.557994,444352.0,148692.8964,381067370.582154,0.0
72,2022-03-14 01:00:00,2515.66,2609.6,2498.67,2589.41,386630.1912,2022-03-15 00:59:59.999,991479973.091494,609122.0,201825.4663,517653965.184892,0.0
73,2022-03-15 01:00:00,2589.42,2669.0,2507.0,2617.73,461202.3014,2022-03-16 00:59:59.999,1189436494.535537,686797.0,235635.1425,608109166.511669,0.0
74,2022-03-16 01:00:00,2617.74,2788.0,2603.38,2773.81,666224.7217,2022-03-17 00:59:59.999,1792497068.36131,1055171.0,338488.8388,911512672.569373,0.0
75,2022-03-17 01:00:00,2773.8,2836.0,2746.42,2811.92,379312.541,2022-03-18 00:59:59.999,1058301299.033757,597885.0,192019.3212,535967207.351335,0.0
76,2022-03-18 01:00:00,2811.91,2984.0,2765.59,2938.92,556535.7966,2022-03-19 00:59:59.999,1590887965.76135,794774.0,295262.3263,844515701.627299,0.0
77,2022-03-19 01:00:00,2938.84,2987.7,2890.86,2950.84,325971.5398,2022-03-20 00:59:59.999,961244629.511118,556406.0,167607.0765,494412072.827475,0.0
78,2022-03-20 01:00:00,2950.85,2964.17,2817.21,2861.38,377608.8214,2022-03-21 00:59:59.999,1089196046.052685,651827.0,187345.6127,540409984.019528,0.0
79,2022-03-21 01:00:00,2861.39,2960.57,2829.81,2890.03,450223.9073,2022-03-22 00:59:59.999,1305282353.585495,690648.0,231550.1453,671432670.696185,0.0
80,2022-03-22 01:00:00,2890.03,3052.85,2886.43,2969.64,564868.9839,2022-03-23 00:59:59.999,1692559175.066055,920670.0,295987.2868,886799022.425233,0.0
81,2022-03-23 01:00:00,2969.64,3045.2,2920.65,3036.0,453962.7298,2022-03-24 00:59:59.999,1350911495.416662,813052.0,226895.0474,675451952.823776,0.0
82,2022-03-24 01:00:00,3035.99,3129.11,2999.11,3110.76,577171.5239,2022-03-25 00:59:59.999,1768485489.446136,853822.0,298092.171,913674092.595102,0.0
83,2022-03-25 01:00:00,3110.75,3193.28,3076.0,3102.14,489099.5572,2022-03-26 00:59:59.999,1532535177.917052,745999.0,245720.4973,770253604.029141,0.0
84,2022-03-26 01:00:00,3102.13,3153.2,3084.9,3145.0,207134.847,2022-03-27 00:59:59.999,646551585.682247,403089.0,103598.4935,323415530.754146,0.0
85,2022-03-27 01:00:00,3145.01,3299.37,3126.02,3295.65,335467.4145,2022-03-28 01:59:59.999,1072163952.322084,645675.0,181361.8562,579807710.285812,0.0
86,2022-03-28 02:00:00,3295.65,3431.15,3275.01,3332.92,527237.1133,2022-03-29 01:59:59.999,1766636914.051384,964079.0,270854.1957,907605017.55763,0.0
87,2022-03-29 02:00:00,3332.91,3481.87,3329.68,3400.51,465899.8226,2022-03-30 01:59:59.999,1590016971.388558,884317.0,231156.957,789137059.001019,0.0
88,2022-03-30 02:00:00,3400.51,3446.9,3331.84,3385.79,356082.5231,2022-03-31 01:59:59.999,1206555998.567904,675015.0,181916.4148,616519459.519428,0.0
89,2022-03-31 02:00:00,3385.8,3444.83,3261.35,3281.51,455091.2395,2022-04-01 01:59:59.999,1526047563.602515,770564.0,216602.7505,726452427.308718,0.0
90,2022-04-01 02:00:00,3281.51,3481.29,3210.68,3455.21,532169.2392,2022-04-02 01:59:59.999,1780259682.532936,883079.0,268660.5014,899094037.962393,0.0
91,2022-04-02 02:00:00,3455.2,3532.2,3433.14,3443.77,499893.29,2022-04-03 01:59:59.999,1740311567.806437,763785.0,245277.9443,854137231.658219,0.0
92,2022-04-03 02:00:00,3443.77,3580.34,3412.11,3521.91,381581.7683,2022-04-04 01:59:59.999,1334671716.892238,619758.0,194051.9378,678865118.435445,0.0
93,2022-04-04 02:00:00,3521.9,3547.0,3405.97,3519.5,449984.1586,2022-04-05 01:59:59.999,1564866359.686716,810677.0,227537.1061,791274569.736388,0.0
94,2022-04-05 02:00:00,3519.5,3555.0,3400.0,3406.99,397782.7437,2022-04-06 01:59:59.999,1383264215.874245,674184.0,191093.8907,665052981.216132,0.0
95,2022-04-06 02:00:00,3407.0,3407.5,3162.39,3168.51,736273.1047,2022-04-07 01:59:59.999,2411228209.986985,1098773.0,348042.4629,1140287731.802044,0.0
96,2022-04-07 02:00:00,3168.52,3268.98,3143.15,3227.19,458179.3272,2022-04-08 01:59:59.999,1470465124.58207,706382.0,233162.8713,748511375.248145,0.0
97,2022-04-08 02:00:00,3227.2,3314.02,3173.52,3192.39,502422.5048,2022-04-09 01:59:59.999,1634901495.645322,810752.0,250684.5444,816205996.871715,0.0
98,2022-04-09 02:00:00,3192.39,3268.4,3181.28,3258.57,212444.2566,2022-04-10 01:59:59.999,683630508.159035,386154.0,112210.7428,361094272.724255,0.0
99,2022-04-10 02:00:00,3258.57,3307.22,3193.0,3203.04,232303.2326,2022-04-11 01:59:59.999,756032282.614135,439811.0,110649.5741,360491570.066002,0.0
100,2022-04-11 02:00:00,3203.04,3213.63,2950.0,2979.74,693394.2912,2022-04-12 01:59:59.999,2127486125.62208,969832.0,330445.6021,1013511043.007334,0.0
101,2022-04-12 02:00:00,2979.75,3085.0,2950.0,3027.66,579522.9505,2022-04-13 01:59:59.999,1750871209.720005,742214.0,295005.6558,891311086.89011,0.0
102,2022-04-13 02:00:00,3027.65,3128.97,2996.86,3118.28,419101.494,2022-04-14 01:59:59.999,1285303924.978813,623328.0,215591.5489,661284289.125812,0.0
103,2022-04-14 02:00:00,3118.28,3145.0,2976.3,3021.98,408382.5572,2022-04-15 01:59:59.999,1249759777.271426,540399.0,195917.4896,599778999.052393,0.0
104,2022-04-15 02:00:00,3021.98,3060.92,2993.13,3040.56,249626.2981,2022-04-16 01:59:59.999,755644733.734266,388136.0,127112.3808,384893733.163731,0.0
105,2022-04-16 02:00:00,3040.57,3086.1,3010.03,3059.3,176352.4165,2022-04-17 01:59:59.999,536234354.297344,298000.0,91002.4595,276791716.298392,0.0
106,2022-04-17 02:00:00,3059.3,3083.0,2981.7,2988.06,243772.074,2022-04-18 01:59:59.999,742151590.621933,389959.0,117250.931,357193639.075146,0.0
107,2022-04-18 02:00:00,2988.07,3069.6,2883.22,3055.56,510251.6536,2022-04-19 01:59:59.999,1508168472.867298,703622.0,251979.4119,745071559.389888,0.0
108,2022-04-19 02:00:00,3055.56,3131.0,3030.34,3101.77,359375.0038,2022-04-20 01:59:59.999,1106468538.117098,521060.0,187636.8495,577702948.841607,0.0
109,2022-04-20 02:00:00,3101.74,3166.5,3036.45,3076.04,415000.0685,2022-04-21 01:59:59.999,1285353922.303612,571292.0,206446.813,639549546.682222,0.0
110,2022-04-21 02:00:00,3076.03,3180.0,2942.31,2983.58,562699.697,2022-04-22 01:59:59.999,1736496193.473973,719659.0,281522.194,869855348.793117,0.0
111,2022-04-22 02:00:00,2983.57,3034.32,2930.35,2962.39,452433.082,2022-04-23 01:59:59.999,1350044345.250315,604084.0,216294.7313,645524337.460469,0.0
112,2022-04-23 02:00:00,2962.39,2978.03,2913.89,2933.03,187576.7324,2022-04-24 01:59:59.999,554261385.85153,348435.0,89693.7455,265012367.481114,0.0
113,2022-04-24 02:00:00,2933.04,2967.06,2912.09,2921.0,218957.0222,2022-04-25 01:59:59.999,643702920.89106,354013.0,106460.8405,312977989.100133,0.0
114,2022-04-25 02:00:00,2920.99,3025.65,2797.01,3006.62,619198.3616,2022-04-26 01:59:59.999,1789151245.676505,804935.0,304457.3579,880321348.209418,0.0
115,2022-04-26 02:00:00,3006.63,3039.54,2767.0,2809.67,531184.3504,2022-04-27 01:59:59.999,1544470478.04639,775652.0,259112.9956,754001908.13238,0.0
116,2022-04-27 02:00:00,2809.68,2919.87,2794.46,2888.96,488951.2416,2022-04-28 01:59:59.999,1401317315.552324,669916.0,246670.3519,706994610.709575,0.0
117,2022-04-28 02:00:00,2888.95,2980.0,2853.83,2936.93,537392.9978,2022-04-29 01:59:59.999,1567476627.908683,736818.0,273351.8061,797420928.348637,0.0
118,2022-04-29 02:00:00,2936.92,2946.46,2776.63,2817.13,525978.147,2022-04-30 01:59:59.999,1503869186.333024,678273.0,255390.6462,730762583.362024,0.0
119,2022-04-30 02:00:00,2817.13,2841.63,2709.26,2726.66,367757.2469,2022-05-01 01:59:59.999,1028113961.632706,577285.0,171690.8377,480105516.792566,0.0
120,2022-05-01 02:00:00,2726.67,2849.9,2716.13,2824.81,442544.8792,2022-05-02 01:59:59.999,1230927404.406151,539462.0,228341.6993,635079254.459124,0.0
121,2022-05-02 02:00:00,2824.81,2894.22,2778.78,2856.54,521706.8567,2022-05-03 01:59:59.999,1476062750.216177,625431.0,269834.1299,763609796.903061,0.0
122,2022-05-03 02:00:00,2856.54,2861.47,2755.19,2781.7,371331.1796,2022-05-04 01:59:59.999,1046307600.938906,490176.0,184363.8992,519353347.817204,0.0
123,2022-05-04 02:00:00,2781.7,2965.85,2771.74,2940.64,548738.0668,2022-05-05 01:59:59.999,1572901182.250391,742950.0,288893.9402,828312420.078609,0.0
124,2022-05-05 02:00:00,2940.65,2954.65,2683.0,2747.97,734845.3194,2022-05-06 01:59:59.999,2055752498.216567,935371.0,350520.4261,980883294.226925,0.0
125,2022-05-06 02:00:00,2747.96,2758.18,2632.95,2692.85,711449.3234,2022-05-07 01:59:59.999,1918267933.165302,813458.0,349985.0658,943463874.26934,0.0
126,2022-05-07 02:00:00,2692.86,2704.36,2584.75,2635.34,371271.4532,2022-05-08 01:59:59.999,987464053.430564,505005.0,178447.7479,475117134.010161,0.0
127,2022-05-08 02:00:00,2635.35,2642.0,2484.0,2519.71,757615.3415,2022-05-09 01:59:59.999,1930282594.659069,867730.0,369624.7096,942238867.840915,0.0
128,2022-05-09 02:00:00,2519.71,2530.78,2225.0,2228.55,1574924.9793,2022-05-10 01:59:59.999,3725676633.136297,1758980.0,785287.2222,1857342023.718995,0.0
129,2022-05-10 02:00:00,2229.0,2457.34,2200.0,2342.05,1550626.1387,2022-05-11 01:59:59.999,3650912006.062748,1851225.0,770089.0695,1814101732.749854,0.0
130,2022-05-11 02:00:00,2342.04,2451.37,2005.0,2084.99,2022864.83806,2022-05-12 01:59:59.999,4605757119.998099,2825340.0,1003328.68581,2287433514.6740475,0.0
131,2022-05-12 02:00:00,2084.99,2195.0,1800.0,1960.22,2305192.90836,2022-05-13 01:59:59.999,4485518775.573885,2958830.0,1149413.56735,2239195361.5553775,0.0
132,2022-05-13 02:00:00,1960.22,2147.54,1940.23,2009.69,1134042.3387,2022-05-14 01:59:59.999,2355144482.314068,1380079.0,571173.2861,1185879372.00475,0.0
133,2022-05-14 02:00:00,2009.69,2070.06,1951.21,2056.48,563788.3078,2022-05-15 01:59:59.999,1136170835.745817,794510.0,281099.5159,566477120.581522,0.0
134,2022-05-15 02:00:00,2056.47,2167.0,2000.68,2145.29,514398.2587,2022-05-16 01:59:59.999,1067795595.552432,677163.0,262025.1755,544140622.261383,0.0
135,2022-05-16 02:00:00,2145.29,2145.29,1979.12,2023.66,822070.8531,2022-05-17 01:59:59.999,1672324751.612644,1046115.0,408849.6576,831576415.58978,0.0
136,2022-05-17 02:00:00,2023.66,2122.42,2008.0,2090.72,568249.0448,2022-05-18 01:59:59.999,1175068276.038261,820184.0,285532.6493,590471647.472913,0.0
137,2022-05-18 02:00:00,2090.72,2110.72,1908.0,1915.11,631577.2341,2022-05-19 01:59:59.999,1262292139.414203,803676.0,312760.9821,625432646.670215,0.0
138,2022-05-19 02:00:00,1915.11,2040.39,1903.18,2019.55,741476.9794,2022-05-20 01:59:59.999,1461787984.391026,946509.0,379142.028,747524577.441866,0.0
139,2022-05-20 02:00:00,2019.55,2064.0,1923.0,1959.08,576981.5371,2022-05-21 01:59:59.999,1151839844.607967,840589.0,288229.0147,575366153.010315,0.0
140,2022-05-21 02:00:00,1959.08,1990.86,1937.36,1975.07,238869.7632,2022-05-22 01:59:59.999,470714672.584742,417873.0,118346.0477,233248483.57794,0.0
141,2022-05-22 02:00:00,1975.06,2056.41,1966.33,2043.19,355735.1927,2022-05-23 01:59:59.999,715445185.627839,540257.0,183171.2067,368425687.061909,0.0
142,2022-05-23 02:00:00,2043.19,2088.5,1957.12,1973.32,636085.0224,2022-05-24 01:59:59.999,1296599784.113311,809254.0,302465.5284,616921358.817486,0.0
143,2022-05-24 02:00:00,1973.33,1993.83,1913.02,1979.41,534096.972,2022-05-25 01:59:59.999,1047864199.932369,598082.0,266945.8146,523855302.585018,0.0
144,2022-05-25 02:00:00,1979.4,2022.34,1934.61,1942.63,524786.3091,2022-05-26 01:59:59.999,1034922798.422685,600224.0,262403.8246,517508625.290005,0.0
145,2022-05-26 02:00:00,1942.64,1966.01,1735.0,1792.23,1168740.57514,2022-05-27 01:59:59.999,2157585473.515414,1124028.0,568892.0724,1050063563.9471682,0.0
146,2022-05-27 02:00:00,1792.24,1822.26,1703.0,1727.27,1296693.28537,2022-05-28 01:59:59.999,2284866824.037575,1226454.0,636298.35366,1121310214.676939,0.0
147,2022-05-28 02:00:00,1727.26,1808.98,1722.26,1792.22,558271.1818,2022-05-29 01:59:59.999,988074924.551089,645423.0,274929.0893,486689625.025699,0.0
148,2022-05-29 02:00:00,1792.21,1827.4,1759.96,1813.64,432430.611,2022-05-30 01:59:59.999,776046677.057929,447003.0,220130.2683,394977604.090882,0.0
149,2022-05-30 02:00:00,1813.64,2013.0,1803.18,1998.78,814922.8359,2022-05-31 01:59:59.999,1557925971.047644,848129.0,429356.6023,820387228.004023,0.0
150,2022-05-31 02:00:00,1998.78,2016.45,1925.0,1941.9,751103.4226,2022-06-01 01:59:59.999,1477853073.767754,791367.0,372240.6566,732469031.320572,0.0
151,2022-06-01 02:00:00,1941.9,1972.58,1763.75,1817.95,1037841.2706,2022-06-02 01:59:59.999,1954005475.230421,973159.0,502588.515,947207203.239108,0.0
152,2022-06-02 02:00:00,1817.96,1853.05,1782.42,1834.08,788784.4017,2022-06-03 01:59:59.999,1434781730.184754,793304.0,393723.5095,716261889.851378,0.0
153,2022-06-03 02:00:00,1834.09,1843.91,1737.0,1775.12,741282.5346,2022-06-04 01:59:59.999,1319239612.462907,807046.0,359074.7991,639037260.339931,0.0
154,2022-06-04 02:00:00,1775.13,1816.0,1748.43,1804.58,388279.4579,2022-06-05 01:59:59.999,689062742.981284,402734.0,193658.9013,343739405.010212,0.0
155,2022-06-05 02:00:00,1804.58,1830.17,1773.05,1806.23,371974.5061,2022-06-06 01:59:59.999,670583716.956391,403935.0,186891.6989,336909023.979255,0.0
156,2022-06-06 02:00:00,1806.22,1920.0,1804.35,1859.84,804250.3567,2022-06-07 01:59:59.999,1509754495.64725,817039.0,405327.2979,760750310.594949,0.0
157,2022-06-07 02:00:00,1859.84,1874.98,1725.13,1813.33,1397598.2288,2022-06-08 01:59:59.999,2491786694.534087,1225296.0,693368.6997,1236307195.998481,0.0
158,2022-06-08 02:00:00,1813.33,1838.77,1765.28,1791.88,941510.1373,2022-06-09 01:59:59.999,1696874614.384348,820627.0,480434.1803,865687999.825866,0.0
159,2022-06-09 02:00:00,1791.88,1833.0,1777.33,1788.81,535310.9618,2022-06-10 01:59:59.999,963245550.843159,528098.0,264221.1578,475519035.763693,0.0
160,2022-06-10 02:00:00,1788.8,1804.32,1655.93,1662.91,955035.79239,2022-06-11 01:59:59.999,1648304410.4463153,990969.0,456629.3193,788205272.287783,0.0
161,2022-06-11 02:00:00,1662.91,1682.21,1496.74,1532.89,1220325.2542,2022-06-12 01:59:59.999,1914818053.8337584,1030360.0,584721.52941,917977346.6833965,0.0
162,2022-06-12 02:00:00,1532.89,1547.0,1423.0,1434.84,1563225.37018,2022-06-13 01:59:59.999,2311178755.269472,1192382.0,770513.07795,1139403038.696923,0.0
163,2022-06-13 02:00:00,1434.84,1455.0,1165.45,1209.82,3626351.66536,2022-06-14 01:59:59.999,4611744120.817471,3047112.0,1791798.24942,2278239124.087627,0.0
164,2022-06-14 02:00:00,1209.35,1268.45,1075.8,1208.9,2716493.80131,2022-06-15 01:59:59.999,3217818700.1241937,2225812.0,1348790.33831,1598488294.1562355,0.0
165,2022-06-15 02:00:00,1208.9,1250.0,1014.4,1237.52,3114823.13621,2022-06-16 01:59:59.999,3493040697.137657,2868796.0,1545969.74767,1735187764.941026,0.0
166,2022-06-16 02:00:00,1237.53,1257.85,1051.55,1068.5,1447386.8304,2022-06-17 01:59:59.999,1649596819.734239,1443117.0,712044.8573,812156334.522525,0.0
167,2022-06-17 02:00:00,1068.5,1118.0,1051.11,1086.94,1220677.9491,2022-06-18 01:59:59.999,1329091114.650089,1118997.0,612161.0345,666616721.780041,0.0
168,2022-06-18 02:00:00,1086.93,1097.58,881.56,995.13,2308983.5187,2022-06-19 01:59:59.999,2263399396.7537208,1911260.0,1101942.26213,1080171003.6052585,0.0
169,2022-06-19 02:00:00,995.12,1158.62,936.15,1128.53,2018599.4499,2022-06-20 01:59:59.999,2092850317.951397,1796154.0,1026357.8719,1064868109.350839,0.0
170,2022-06-20 02:00:00,1128.53,1170.0,1053.0,1128.24,1721772.9132,2022-06-21 01:59:59.999,1910020862.813687,1585055.0,867678.5867,962585144.220855,0.0
171,2022-06-21 02:00:00,1128.24,1194.0,1109.23,1125.85,1306095.3757,2022-06-22 01:59:59.999,1500605189.572539,1295971.0,655284.8532,752977829.693172,0.0
172,2022-06-22 02:00:00,1125.86,1127.33,1043.65,1050.19,1306959.8593,2022-06-23 01:59:59.999,1420433701.91995,1132300.0,646031.5713,702291074.911178,0.0
173,2022-06-23 02:00:00,1050.19,1155.0,1045.3,1144.72,1278257.0899,2022-06-24 01:59:59.999,1415452039.241517,1031001.0,641656.7356,710456786.566925,0.0
174,2022-06-24 02:00:00,1144.71,1245.43,1132.0,1225.02,1337137.483,2022-06-25 01:59:59.999,1589113478.228719,1232149.0,673998.3259,800669596.490533,0.0
175,2022-06-25 02:00:00,1225.02,1256.77,1180.0,1242.36,861986.6177,2022-06-26 01:59:59.999,1048516642.219459,824872.0,437886.335,532658837.555745,0.0
176,2022-06-26 02:00:00,1242.31,1280.0,1194.6,1197.79,884184.273,2022-06-27 01:59:59.999,1094067725.453475,812743.0,437940.2564,542178116.010993,0.0
177,2022-06-27 02:00:00,1197.79,1238.93,1172.49,1192.51,868734.2061,2022-06-28 01:59:59.999,1047407117.877672,794157.0,420783.4443,507473498.504359,0.0
178,2022-06-28 02:00:00,1192.51,1237.99,1136.32,1144.05,1104065.2211,2022-06-29 01:59:59.999,1314982778.267405,952584.0,533645.7487,636188942.640824,0.0
179,2022-06-29 02:00:00,1144.05,1156.8,1087.42,1100.21,1295517.796,2022-06-30 01:59:59.999,1449586742.872254,1145867.0,652377.6608,730169240.797282,0.0
180,2022-06-30 02:00:00,1100.21,1106.62,998.0,1071.01,1420670.3656,2022-07-01 01:59:59.999,1481000138.963289,1180758.0,701019.9239,730542636.474794,0.0
181,2022-07-01 02:00:00,1071.02,1117.0,1033.44,1059.73,1562255.1439,2022-07-02 01:59:59.999,1669000120.550048,1218279.0,783385.8656,837102080.570035,0.0
182,2022-07-02 02:00:00,1059.73,1078.88,1028.29,1067.01,714812.0804,2022-07-03 01:59:59.999,752813687.02771,608900.0,360116.7187,379291428.477764,0.0
183,2022-07-03 02:00:00,1067.01,1088.34,1040.78,1074.26,644746.3337,2022-07-04 01:59:59.999,686056543.195206,562962.0,329544.2186,350649880.771009,0.0
184,2022-07-04 02:00:00,1074.26,1160.9,1045.37,1151.0,1150108.9861,2022-07-05 01:59:59.999,1266934953.326424,842895.0,572056.1028,630242868.397467,0.0
185,2022-07-05 02:00:00,1151.01,1174.9,1076.34,1132.5,1398961.4495,2022-07-06 01:59:59.999,1578654373.510018,1130646.0,711600.6988,802654486.565431,0.0
186,2022-07-06 02:00:00,1132.51,1205.0,1111.44,1186.57,1211768.0757,2022-07-07 01:59:59.999,1388074909.874991,1040498.0,610078.3513,699225684.142216,0.0
187,2022-07-07 02:00:00,1186.57,1254.29,1163.18,1237.49,1001316.079,2022-07-08 01:59:59.999,1208160386.338313,877397.0,503991.6385,608408627.11503,0.0
188,2022-07-08 02:00:00,1237.49,1276.46,1193.15,1214.04,1189518.3631,2022-07-09 01:59:59.999,1466331923.650613,1233964.0,605091.0349,746050709.076843,0.0
189,2022-07-09 02:00:00,1214.03,1235.4,1204.67,1217.02,576337.1809,2022-07-10 01:59:59.999,702039918.546905,716361.0,285933.8844,348309048.795046,0.0
190,2022-07-10 02:00:00,1217.02,1219.95,1153.0,1168.36,1018038.6506,2022-07-11 01:59:59.999,1200593502.215751,680105.0,491394.2049,579379645.601991,0.0
191,2022-07-11 02:00:00,1168.37,1171.29,1091.71,1096.4,1201652.3048,2022-07-12 01:59:59.999,1370709630.79611,1165044.0,597646.0363,681716660.921294,0.0
192,2022-07-12 02:00:00,1096.37,1098.26,1033.46,1038.58,1261349.6321,2022-07-13 01:59:59.999,1347752238.274621,1142194.0,614931.8525,657086240.919135,0.0
193,2022-07-13 02:00:00,1038.58,1119.18,1006.32,1115.0,2035605.8299,2022-07-14 01:59:59.999,2158672347.758078,1423956.0,1030606.4523,1093421247.313832,0.0
194,2022-07-14 02:00:00,1115.01,1214.65,1072.11,1193.42,1605101.9262,2022-07-15 01:59:59.999,1816929082.732882,1611421.0,819667.2647,928967444.421808,0.0
195,2022-07-15 02:00:00,1193.42,1287.82,1181.05,1231.25,1466037.2584,2022-07-16 01:59:59.999,1794058728.784521,1170632.0,730397.2075,894408671.965777,0.0
196,2022-07-16 02:00:00,1231.25,1422.91,1191.23,1355.85,1493809.9226,2022-07-17 01:59:59.999,1936527899.325491,1678529.0,777667.4101,1007657142.354507,0.0
197,2022-07-17 02:00:00,1355.84,1387.0,1319.04,1338.65,1246202.8795,2022-07-18 01:59:59.999,1687064377.69842,1163593.0,626408.8792,848289552.86427,0.0
198,2022-07-18 02:00:00,1338.65,1597.47,1336.07,1581.04,2029918.76521,2022-07-19 01:59:59.999,2980357374.792685,1750043.0,1068091.40221,1567562752.768419,0.0
199,2022-07-19 02:00:00,1581.03,1631.0,1493.11,1542.32,1846048.6816,2022-07-20 01:59:59.999,2856463586.860909,1818358.0,918478.723,1421417593.986071,0.0
200,2022-07-20 02:00:00,1542.33,1620.4,1484.23,1521.58,1351177.4247,2022-07-21 01:59:59.999,2109332407.426856,1506300.0,672453.9477,1050414631.788798,0.0
201,2022-07-21 02:00:00,1521.63,1605.98,1463.56,1575.45,1247327.4963,2022-07-22 01:59:59.999,1897833300.997763,1282430.0,635917.6296,968139590.421531,0.0
202,2022-07-22 02:00:00,1575.45,1650.05,1516.11,1535.27,1170723.0873,2022-07-23 01:59:59.999,1865036182.28467,1295899.0,590259.7573,941037922.80644,0.0
203,2022-07-23 02:00:00,1535.27,1596.51,1488.0,1548.67,851284.7339,2022-07-24 01:59:59.999,1310964570.189478,950665.0,423093.9908,651712229.252439,0.0
204,2022-07-24 02:00:00,1548.66,1664.34,1545.67,1597.7,1009935.8997,2022-07-25 01:59:59.999,1616289077.628875,1238522.0,511819.2461,819430645.34264,0.0
205,2022-07-25 02:00:00,1597.7,1609.55,1435.58,1440.79,1418390.9809,2022-07-26 01:59:59.999,2151224738.816661,1407648.0,690797.6936,1048000398.972793,0.0
206,2022-07-26 02:00:00,1440.79,1454.11,1356.17,1449.12,1199643.7408,2022-07-27 01:59:59.999,1684928509.399578,1175787.0,589360.8966,827885085.884651,0.0
207,2022-07-27 02:00:00,1449.12,1644.44,1420.83,1635.74,1513426.0413,2022-07-28 01:59:59.999,2305847817.810582,1547390.0,786958.5056,1199839217.826871,0.0
208,2022-07-28 02:00:00,1635.74,1784.79,1593.27,1724.52,1578145.07555,2022-07-29 01:59:59.999,2644280824.310781,1719118.0,801669.85615,1343890731.514361,0.0
209,2022-07-29 02:00:00,1724.52,1765.99,1655.02,1721.68,1205266.5703,2022-07-30 01:59:59.999,2061258807.226787,1439533.0,607250.6825,1038603690.653215,0.0
210,2022-07-30 02:00:00,1721.68,1744.85,1673.01,1697.0,735132.5286,2022-07-31 01:59:59.999,1257726968.665854,1028313.0,359773.1758,615777525.208922,0.0
211,2022-07-31 02:00:00,1697.0,1754.69,1666.0,1678.12,696326.8079,2022-08-01 01:59:59.999,1186613538.121665,886708.0,355783.3479,606331297.189402,0.0
212,2022-08-01 02:00:00,1678.12,1704.68,1606.12,1630.28,801566.5648,2022-08-02 01:59:59.999,1328136208.959454,1029570.0,392775.0848,650859068.175174,0.0
213,2022-08-02 02:00:00,1630.28,1678.0,1559.28,1630.91,1081964.5104,2022-08-03 01:59:59.999,1745550410.998945,1458878.0,533311.8644,859848287.884634,0.0
214,2022-08-03 02:00:00,1630.91,1685.03,1589.71,1618.16,777724.7413,2022-08-04 01:59:59.999,1276328467.022254,1112406.0,389458.737,639185361.890034,0.0
215,2022-08-04 02:00:00,1618.16,1662.79,1580.39,1607.96,735552.181,2022-08-05 01:59:59.999,1190650505.148946,1051634.0,364491.9028,590046389.121593,0.0
216,2022-08-05 02:00:00,1607.97,1742.07,1605.64,1736.81,1005846.4712,2022-08-06 01:59:59.999,1688798692.307331,1404516.0,512103.1826,860464588.374454,0.0
217,2022-08-06 02:00:00,1736.81,1749.93,1685.26,1690.6,523314.6444,2022-08-07 01:59:59.999,899479880.987209,752873.0,273243.8484,469642311.618183,0.0
218,2022-08-07 02:00:00,1690.6,1729.79,1668.0,1700.19,439904.764,2022-08-08 01:59:59.999,745750151.382087,692491.0,226220.1416,383519031.536582,0.0
219,2022-08-08 02:00:00,1700.2,1818.0,1693.87,1777.05,781620.5443,2022-08-09 01:59:59.999,1379905145.703021,987727.0,403146.578,711839570.830934,0.0
220,2022-08-09 02:00:00,1777.05,1790.83,1667.93,1702.76,818171.1019,2022-08-10 01:59:59.999,1406671817.085673,1062267.0,398475.0539,684898876.000597,0.0
221,2022-08-10 02:00:00,1702.76,1885.0,1656.78,1853.57,1317767.5127,2022-08-11 01:59:59.999,2346974815.067056,1590681.0,685632.8856,1223921617.958259,0.0
222,2022-08-11 02:00:00,1853.58,1942.0,1850.32,1880.19,1105261.9009,2022-08-12 01:59:59.999,2093718964.800632,1324999.0,571243.8919,1082235762.980206,0.0
223,2022-08-12 02:00:00,1880.19,1964.71,1853.06,1958.28,717628.1015,2022-08-13 01:59:59.999,1363895150.810113,1027178.0,365935.017,695903467.373167,0.0
224,2022-08-13 02:00:00,1958.28,2020.0,1946.5,1983.55,695876.0293,2022-08-14 01:59:59.999,1382235354.292491,940869.0,359352.4712,713880075.112796,0.0
225,2022-08-14 02:00:00,1983.55,2030.0,1906.0,1935.31,569583.4852,2022-08-15 01:59:59.999,1122186881.223951,856767.0,284978.8108,561687887.384304,0.0
226,2022-08-15 02:00:00,1935.32,2012.47,1872.31,1899.06,949162.3305,2022-08-16 01:59:59.999,1824203091.995667,1295615.0,470951.5329,905389296.663335,0.0
227,2022-08-16 02:00:00,1899.05,1915.0,1853.0,1876.67,622729.1499,2022-08-17 01:59:59.999,1173013843.338048,908578.0,305961.0557,576443560.666985,0.0
228,2022-08-17 02:00:00,1876.67,1959.43,1818.74,1834.25,951824.8975,2022-08-18 01:59:59.999,1781033503.423426,1179058.0,470464.1007,880482286.431054,0.0
229,2022-08-18 02:00:00,1834.24,1882.37,1821.25,1846.39,606254.024,2022-08-19 01:59:59.999,1126844899.607746,848806.0,296464.2738,551092134.364113,0.0
230,2022-08-19 02:00:00,1846.39,1848.0,1602.37,1609.01,1419826.9515,2022-08-20 01:59:59.999,2447147973.005891,1681256.0,675272.2933,1163737621.678235,0.0
231,2022-08-20 02:00:00,1609.0,1657.08,1523.67,1576.04,914615.9226,2022-08-21 01:59:59.999,1468671141.090122,1130991.0,454267.1105,729678631.797784,0.0
232,2022-08-21 02:00:00,1576.03,1646.52,1562.34,1618.13,780662.6062,2022-08-22 01:59:59.999,1255041865.224435,1000876.0,396587.4419,637725950.430346,0.0
233,2022-08-22 02:00:00,1618.13,1629.72,1529.92,1624.66,941192.8954,2022-08-23 01:59:59.999,1483442567.236265,1193059.0,468265.2769,738188886.421977,0.0
234,2022-08-23 02:00:00,1624.65,1676.07,1563.76,1665.41,940246.932,2022-08-24 01:59:59.999,1528222432.851831,1195279.0,466987.5263,758906669.977075,0.0
235,2022-08-24 02:00:00,1665.4,1694.13,1604.92,1656.56,744667.6078,2022-08-25 01:59:59.999,1228169659.887394,993324.0,371514.7637,612965815.582777,0.0
236,2022-08-25 02:00:00,1656.56,1722.0,1653.68,1695.11,603090.713,2022-08-26 01:59:59.999,1023691864.190439,869479.0,309268.8451,524945702.128192,0.0
237,2022-08-26 02:00:00,1695.11,1706.45,1486.85,1508.18,1149912.8292,2022-08-27 01:59:59.999,1862598061.318201,1488212.0,555637.4978,900512150.997047,0.0
238,2022-08-27 02:00:00,1508.18,1518.42,1447.52,1491.06,756136.6768,2022-08-28 01:59:59.999,1125859038.154537,1015752.0,379636.6754,565279624.963262,0.0
239,2022-08-28 02:00:00,1491.06,1511.0,1424.0,1426.76,544846.4486,2022-08-29 01:59:59.999,805616000.739226,756843.0,264538.0377,391369191.906,0.0
240,2022-08-29 02:00:00,1426.76,1559.99,1422.08,1551.8,826252.0831,2022-08-30 01:59:59.999,1230281044.880169,1099487.0,418910.982,623872432.454368,0.0
241,2022-08-30 02:00:00,1551.79,1606.13,1473.61,1524.59,1003075.0172,2022-08-31 01:59:59.999,1551625838.938324,1292499.0,498318.3738,770988003.189584,0.0
242,2022-08-31 02:00:00,1524.59,1619.78,1524.59,1554.1,949227.6775,2022-09-01 01:59:59.999,1497596316.300993,1471691.0,472367.89,745430154.402163,0.0
243,2022-09-01 02:00:00,1554.11,1599.0,1512.77,1586.16,728710.482,2022-09-02 01:59:59.999,1133222116.032772,1195229.0,362696.0954,564116804.890939,0.0
244,2022-09-02 02:00:00,1586.17,1650.0,1546.41,1575.35,919009.6598,2022-09-03 01:59:59.999,1471855448.359926,1160858.0,465535.5694,745690939.306613,0.0
245,2022-09-03 02:00:00,1575.35,1582.71,1534.28,1557.46,321397.2189,2022-09-04 01:59:59.999,500057144.518217,562893.0,160362.006,249541318.092156,0.0
246,2022-09-04 02:00:00,1557.45,1583.66,1540.66,1579.28,296591.1166,2022-09-05 01:59:59.999,463177013.875988,520856.0,151649.7912,236891872.145482,0.0
247,2022-09-05 02:00:00,1579.29,1631.99,1556.56,1617.8,503492.937,2022-09-06 01:59:59.999,797702531.399046,718867.0,254761.8242,403686557.440297,0.0
248,2022-09-06 02:00:00,1617.8,1687.4,1555.0,1559.01,1010722.8578,2022-09-07 01:59:59.999,1650513284.852848,1294086.0,496027.9747,810065371.436276,0.0
249,2022-09-07 02:00:00,1559.01,1657.5,1490.66,1630.0,850991.4243,2022-09-08 01:59:59.999,1326011621.853752,1132986.0,430249.0193,670977086.970625,0.0
250,2022-09-08 02:00:00,1630.0,1663.56,1595.06,1635.37,645124.0085,2022-09-09 01:59:59.999,1050551822.40818,1015658.0,319059.8308,519752582.705056,0.0
251,2022-09-09 02:00:00,1635.37,1746.13,1630.51,1718.23,837458.2126,2022-09-10 01:59:59.999,1425281242.15555,1066278.0,438441.4935,746145541.102161,0.0
252,2022-09-10 02:00:00,1718.24,1789.0,1706.03,1774.12,411046.2466,2022-09-11 01:59:59.999,713890164.182501,687951.0,212635.6214,369484697.57283,0.0
253,2022-09-11 02:00:00,1774.12,1789.0,1720.1,1766.11,409287.7263,2022-09-12 01:59:59.999,720937620.963401,645729.0,206627.71,364024270.153206,0.0
254,2022-09-12 02:00:00,1766.12,1783.0,1693.0,1716.37,630774.6032,2022-09-13 01:59:59.999,1093457780.4845,979874.0,317746.0607,551004112.610201,0.0
255,2022-09-13 02:00:00,1716.37,1760.51,1560.54,1574.4,1134549.7256,2022-09-14 01:59:59.999,1871967439.649553,1337439.0,577750.7321,953904597.542975,0.0
256,2022-09-14 02:00:00,1574.4,1647.01,1552.38,1638.39,764562.5393,2022-09-15 01:59:59.999,1222499363.046366,1088561.0,401130.5188,641555247.035582,0.0
257,2022-09-15 02:00:00,1638.4,1655.2,1458.0,1472.75,1335499.8047,2022-09-16 01:59:59.999,2095367507.332334,1748683.0,677767.2223,1065686121.99748,0.0
258,2022-09-16 02:00:00,1472.76,1483.35,1405.52,1433.9,693597.2425,2022-09-17 01:59:59.999,1006033555.197481,1111984.0,339284.6719,492281156.223532,0.0
259,2022-09-17 02:00:00,1433.9,1476.13,1409.12,1468.83,421391.3743,2022-09-18 01:59:59.999,608805593.714315,694945.0,214030.8621,309280515.752449,0.0
260,2022-09-18 02:00:00,1468.82,1469.63,1325.55,1334.51,804113.468,2022-09-19 01:59:59.999,1118416540.560697,990605.0,389497.8339,541430482.234449,0.0
261,2022-09-19 02:00:00,1334.51,1393.35,1280.0,1375.98,974855.198,2022-09-20 01:59:59.999,1293086590.941432,1235360.0,490443.5697,650755506.310869,0.0
262,2022-09-20 02:00:00,1375.98,1384.78,1312.71,1322.93,658027.1465,2022-09-21 01:59:59.999,889324871.236183,981235.0,328109.0555,443453372.525897,0.0
263,2022-09-21 02:00:00,1322.94,1408.9,1220.0,1245.78,1192266.7379,2022-09-22 01:59:59.999,1582450799.937471,1445950.0,590492.7628,785040538.007963,0.0
264,2022-09-22 02:00:00,1245.79,1350.08,1237.32,1326.46,904282.2725,2022-09-23 01:59:59.999,1165151398.830096,1094636.0,459643.7183,592453362.297206,0.0
265,2022-09-23 02:00:00,1326.47,1360.0,1262.15,1327.25,974052.3644,2022-09-24 01:59:59.999,1273403019.692522,1233506.0,491489.0179,642697282.131048,0.0
266,2022-09-24 02:00:00,1327.24,1349.33,1306.52,1317.13,517557.3497,2022-09-25 01:59:59.999,687931980.008602,616390.0,260952.6788,346899354.44723,0.0
267,2022-09-25 02:00:00,1317.13,1337.0,1269.27,1294.63,515533.8409,2022-09-26 01:59:59.999,674560079.182339,640687.0,259096.2947,339189179.218145,0.0
268,2022-09-26 02:00:00,1294.62,1340.42,1277.85,1336.17,799166.4333,2022-09-27 01:59:59.999,1048795559.358857,934159.0,397345.2068,521651019.468824,0.0
269,2022-09-27 02:00:00,1336.17,1400.0,1303.75,1328.02,860584.8944,2022-09-28 01:59:59.999,1170630640.626625,1055212.0,433444.4541,589596662.456115,0.0
270,2022-09-28 02:00:00,1328.01,1355.7,1253.2,1337.2,919314.9131,2022-09-29 01:59:59.999,1199743172.385301,1075441.0,459746.4755,600240588.087467,0.0
271,2022-09-29 02:00:00,1337.2,1352.02,1288.52,1335.7,770591.6895,2022-09-30 01:59:59.999,1022673511.086711,950476.0,387626.0998,514512068.219622,0.0
272,2022-09-30 02:00:00,1335.69,1373.19,1313.35,1328.72,740753.611,2022-10-01 01:59:59.999,991505362.265307,926935.0,376839.8864,504471719.511469,0.0
273,2022-10-01 02:00:00,1328.71,1333.69,1302.68,1311.79,252081.9056,2022-10-02 01:59:59.999,332930112.025412,347396.0,124307.8184,164175871.437782,0.0
274,2022-10-02 02:00:00,1311.79,1317.93,1270.0,1276.72,371740.0407,2022-10-03 01:59:59.999,482595051.281717,462476.0,180185.673,233988020.309472,0.0
275,2022-10-03 02:00:00,1276.72,1329.9,1263.04,1323.09,483775.2435,2022-10-04 01:59:59.999,631178676.535611,598748.0,243945.5377,318341465.187772,0.0
276,2022-10-04 02:00:00,1323.1,1369.55,1318.66,1361.49,476207.6702,2022-10-05 01:59:59.999,641511283.398288,771766.0,246811.6294,332479666.040737,0.0
277,2022-10-05 02:00:00,1361.5,1364.77,1316.29,1352.2,483508.7782,2022-10-06 01:59:59.999,649745323.368146,695638.0,242935.0459,326501048.612342,0.0
278,2022-10-06 02:00:00,1352.2,1383.99,1345.01,1352.06,573975.324,2022-10-07 01:59:59.999,783638743.155702,789673.0,282964.4059,386401468.225932,0.0
279,2022-10-07 02:00:00,1352.07,1361.75,1317.26,1331.1,491999.8776,2022-10-08 01:59:59.999,659508723.354053,679464.0,247253.6257,331432604.801858,0.0
280,2022-10-08 02:00:00,1331.1,1337.35,1303.51,1315.48,203391.6612,2022-10-09 01:59:59.999,269448439.339348,383251.0,98609.8893,130665491.908671,0.0
281,2022-10-09 02:00:00,1315.48,1329.0,1307.26,1323.13,186201.9185,2022-10-10 01:59:59.999,245547831.320531,328378.0,95721.4273,126231603.566771,0.0
282,2022-10-10 02:00:00,1323.13,1338.0,1288.0,1290.03,393663.0114,2022-10-11 01:59:59.999,515800751.338415,587314.0,193142.1332,253142658.794811,0.0
283,2022-10-11 02:00:00,1290.03,1298.0,1267.01,1280.11,429430.3941,2022-10-12 01:59:59.999,550448836.809297,583107.0,206198.4696,264371667.440464,0.0
284,2022-10-12 02:00:00,1280.11,1306.87,1275.25,1294.44,369712.5759,2022-10-13 01:59:59.999,478797824.541982,477911.0,185886.2443,240749511.847664,0.0
285,2022-10-13 02:00:00,1294.44,1301.58,1190.0,1287.08,945618.3163,2022-10-14 01:59:59.999,1183462907.930145,1135833.0,465364.4155,582668649.548004,0.0
286,2022-10-14 02:00:00,1287.08,1343.12,1283.39,1296.27,669742.8093,2022-10-15 01:59:59.999,883059208.714464,788710.0,329632.534,434825344.152729,0.0
287,2022-10-15 02:00:00,1296.26,1301.69,1263.64,1274.92,287100.9529,2022-10-16 01:59:59.999,368914560.658213,396464.0,138436.0596,177899205.222794,0.0
288,2022-10-16 02:00:00,1274.93,1315.35,1274.67,1305.95,293321.3632,2022-10-17 01:59:59.999,379290237.639458,397092.0,149695.1523,193561709.414251,0.0
289,2022-10-17 02:00:00,1305.96,1338.57,1295.64,1331.4,459848.4941,2022-10-18 01:59:59.999,606979972.119024,553275.0,230951.5106,304878458.695217,0.0
290,2022-10-18 02:00:00,1331.39,1341.73,1286.72,1310.71,572728.9189,2022-10-19 01:59:59.999,755297911.29191,603600.0,277789.7916,366388382.880297,0.0
291,2022-10-19 02:00:00,1310.71,1313.5,1280.31,1285.09,368637.5105,2022-10-20 01:59:59.999,478516630.187023,472022.0,180735.5001,234645769.599139,0.0
292,2022-10-20 02:00:00,1285.09,1310.87,1270.36,1282.57,428531.6103,2022-10-21 01:59:59.999,552593958.212735,558080.0,209367.6306,270050670.668262,0.0
293,2022-10-21 02:00:00,1282.57,1306.97,1252.65,1299.75,468076.7986,2022-10-22 01:59:59.999,600999941.106533,572819.0,234959.2124,301708822.646964,0.0
294,2022-10-22 02:00:00,1299.76,1320.2,1294.32,1313.61,221776.7007,2022-10-23 01:59:59.999,290111447.628081,323066.0,116471.6898,152357813.953026,0.0
295,2022-10-23 02:00:00,1313.62,1371.55,1299.44,1364.2,432269.46,2022-10-24 01:59:59.999,576212623.600304,496386.0,223572.8772,298246827.053375,0.0
296,2022-10-24 02:00:00,1364.19,1370.6,1324.17,1343.61,611830.797,2022-10-25 01:59:59.999,822740466.673396,698241.0,299655.7589,402885161.804322,0.0
297,2022-10-25 02:00:00,1343.61,1525.16,1334.94,1459.74,1127932.9012,2022-10-26 01:59:59.999,1612140846.305157,1205998.0,576939.5923,824866579.464192,0.0
298,2022-10-26 02:00:00,1459.74,1594.99,1457.44,1566.1,1236044.7023,2022-10-27 01:59:59.999,1896388070.249785,1357864.0,638243.4563,979231645.537333,0.0
299,2022-10-27 02:00:00,1566.11,1578.58,1503.2,1514.05,869454.4851,2022-10-28 01:59:59.999,1345399838.037334,1122874.0,434901.7238,673225442.609349,0.0
300,2022-10-28 02:00:00,1514.04,1574.9,1479.82,1554.41,858954.4425,2022-10-29 01:59:59.999,1309517416.241141,999855.0,446580.4891,680822022.306759,0.0
301,2022-10-29 02:00:00,1554.4,1663.06,1547.66,1619.55,914161.0846,2022-10-30 01:59:59.999,1477815830.639173,1094332.0,466874.5472,754548207.577111,0.0
302,2022-10-30 02:00:00,1619.55,1640.06,1576.56,1590.44,476036.4243,2022-10-31 00:59:59.999,762732547.091583,705583.0,237790.3056,381025931.909763,0.0
303,2022-10-31 01:00:00,1590.45,1635.8,1545.43,1572.69,810334.2414,2022-11-01 00:59:59.999,1283098004.765737,1024808.0,404153.8775,640094838.121876,0.0
304,2022-11-01 01:00:00,1572.69,1612.92,1563.69,1578.48,527539.2965,2022-11-02 00:59:59.999,836251567.424643,702747.0,266946.8961,423274271.092324,0.0
305,2022-11-02 01:00:00,1578.47,1621.68,1502.32,1518.34,981395.3648,2022-11-03 00:59:59.999,1534786415.439207,1171091.0,491587.1403,769273458.589917,0.0
306,2022-11-03 01:00:00,1518.33,1559.01,1515.17,1531.01,560202.8813,2022-11-04 00:59:59.999,863253444.76684,678608.0,272210.5404,419476842.240718,0.0
307,2022-11-04 01:00:00,1531.01,1680.0,1528.4,1644.78,935531.4781,2022-11-05 00:59:59.999,1503427052.720768,1072186.0,476524.1678,765537531.05385,0.0
308,2022-11-05 01:00:00,1644.78,1666.97,1621.42,1626.98,351385.5362,2022-11-06 00:59:59.999,577061606.733728,480888.0,181908.9699,298805281.162781,0.0
309,2022-11-06 01:00:00,1626.98,1639.02,1564.39,1568.29,414863.9525,2022-11-07 00:59:59.999,668569491.577513,545053.0,202922.1492,327166389.681177,0.0
310,2022-11-07 01:00:00,1568.25,1608.04,1545.03,1568.1,642409.4494,2022-11-08 00:59:59.999,1013046543.980439,851962.0,324994.2063,512801340.088844,0.0
311,2022-11-08 01:00:00,1568.09,1579.98,1233.0,1334.77,2339916.5089,2022-11-09 00:59:59.999,3356475001.545905,2874276.0,1149464.0971,1650334828.220939,0.0
312,2022-11-09 01:00:00,1334.78,1337.16,1073.53,1102.73,2494797.9357,2022-11-10 00:59:59.999,3021176147.396161,3172468.0,1226565.3167,1486145674.667084,0.0
313,2022-11-10 01:00:00,1102.73,1350.0,1085.93,1299.28,1975955.6767,2022-11-11 00:59:59.999,2443394252.530366,2800795.0,981919.0047,1215403138.072682,0.0
314,2022-11-11 01:00:00,1299.28,1310.0,1201.26,1289.28,1308087.1498,2022-11-12 00:59:59.999,1652414528.520891,2118330.0,666760.4429,842409276.36576,0.0
315,2022-11-12 01:00:00,1289.35,1292.16,1238.7,1257.25,547772.9172,2022-11-13 00:59:59.999,693031301.598889,933438.0,272855.74,345185291.206072,0.0
316,2022-11-13 01:00:00,1257.25,1274.23,1200.66,1221.49,547410.5304,2022-11-14 00:59:59.999,676891239.244159,896665.0,265237.6142,327948706.754124,0.0
317,2022-11-14 01:00:00,1221.5,1291.2,1171.13,1243.28,934742.0059,2022-11-15 00:59:59.999,1152982945.602032,1471485.0,456733.1098,563900777.053358,0.0
318,2022-11-15 01:00:00,1243.29,1291.0,1234.01,1253.23,632825.568,2022-11-16 00:59:59.999,798023541.208052,961779.0,314465.0008,396586172.906339,0.0
319,2022-11-16 01:00:00,1253.22,1268.67,1187.06,1216.17,673339.7215,2022-11-17 00:59:59.999,826025937.836291,969295.0,317652.4554,389344092.720584,0.0
320,2022-11-17 01:00:00,1216.16,1228.22,1181.05,1200.43,530537.3488,2022-11-18 00:59:59.999,638342419.855931,719509.0,262166.3408,315405113.087009,0.0
321,2022-11-18 01:00:00,1200.42,1234.0,1199.18,1212.58,360218.5337,2022-11-19 00:59:59.999,437658373.674359,493436.0,172730.6859,209826940.050667,0.0
322,2022-11-19 01:00:00,1212.58,1235.0,1197.67,1217.67,209789.5888,2022-11-20 00:59:59.999,254211466.151609,330573.0,102589.3883,124372124.375792,0.0
323,2022-11-20 01:00:00,1217.67,1227.07,1132.65,1142.21,531108.7607,2022-11-21 00:59:59.999,625008081.79912,693003.0,255481.6277,300661282.069587,0.0
324,2022-11-21 01:00:00,1142.21,1146.99,1079.76,1107.34,922647.9454,2022-11-22 00:59:59.999,1031424505.498328,1063296.0,456812.3479,510689566.36272,0.0
325,2022-11-22 01:00:00,1107.34,1146.13,1075.0,1139.6,748884.5791,2022-11-23 00:59:59.999,831782462.696527,899796.0,369543.4358,410610955.8097,0.0
326,2022-11-23 01:00:00,1139.59,1190.0,1127.75,1184.52,636927.1594,2022-11-24 00:59:59.999,741271142.430098,767861.0,315676.4972,367379226.826623,0.0
327,2022-11-24 01:00:00,1184.52,1217.71,1180.6,1203.73,486080.6123,2022-11-25 00:59:59.999,583303022.423642,616769.0,248655.7713,298296381.131116,0.0
328,2022-11-25 01:00:00,1203.72,1207.77,1171.2,1199.3,391430.1658,2022-11-26 00:59:59.999,465159072.757305,581961.0,204292.8213,242755084.311808,0.0
329,2022-11-26 01:00:00,1199.29,1235.66,1196.2,1205.6,379840.8116,2022-11-27 00:59:59.999,461938380.004201,566155.0,181365.6355,220556616.55439,0.0
330,2022-11-27 01:00:00,1205.61,1223.33,1188.65,1193.88,286386.7986,2022-11-28 00:59:59.999,347218857.867976,458378.0,141119.9316,171104378.529277,0.0
331,2022-11-28 01:00:00,1193.88,1199.25,1151.02,1167.77,478795.6093,2022-11-29 00:59:59.999,560568777.560251,708380.0,230574.2519,269886004.465997,0.0
332,2022-11-29 01:00:00,1167.77,1228.37,1158.27,1216.49,512143.5861,2022-11-30 00:59:59.999,617963786.601915,789552.0,269667.3226,325456756.063843,0.0
333,2022-11-30 01:00:00,1216.49,1309.77,1212.5,1294.46,815679.2717,2022-12-01 00:59:59.999,1038748742.503758,985173.0,429518.0503,546961764.686726,0.0
334,2022-12-01 01:00:00,1294.46,1299.9,1262.77,1276.41,430018.7391,2022-12-02 00:59:59.999,550769676.044084,587711.0,223232.5567,286025115.772396,0.0
335,2022-12-02 01:00:00,1276.4,1297.18,1265.24,1295.59,371559.585,2022-12-03 00:59:59.999,475691291.455063,547512.0,185493.8719,237530991.331002,0.0
336,2022-12-03 01:00:00,1295.58,1309.0,1236.26,1240.51,347148.2588,2022-12-04 00:59:59.999,441457418.331919,594082.0,156776.8726,199497713.811435,0.0
337,2022-12-04 01:00:00,1240.5,1287.19,1240.1,1279.41,324129.5466,2022-12-05 00:59:59.999,409404653.048475,498321.0,160510.7205,202806342.474933,0.0
338,2022-12-05 01:00:00,1279.4,1305.11,1246.61,1259.41,391628.5166,2022-12-06 00:59:59.999,501560285.699509,612914.0,188633.4044,241637874.934233,0.0
339,2022-12-06 01:00:00,1259.41,1274.76,1241.56,1271.32,301631.839,2022-12-07 00:59:59.999,379095106.355305,471097.0,149004.5314,187290980.775941,0.0
340,2022-12-07 01:00:00,1271.31,1278.69,1218.01,1231.18,398559.5166,2022-12-08 00:59:59.999,492706380.526734,530298.0,199333.7162,246456887.459242,0.0
341,2022-12-08 01:00:00,1231.18,1292.58,1222.01,1280.18,406653.5447,2022-12-09 00:59:59.999,509776313.423839,559884.0,205497.4407,257709787.504561,0.0
342,2022-12-09 01:00:00,1280.18,1296.64,1250.0,1263.1,406008.0032,2022-12-10 00:59:59.999,518804946.771469,540078.0,203800.2618,260457302.288898,0.0
343,2022-12-10 01:00:00,1263.11,1283.61,1259.6,1266.35,182278.6396,2022-12-11 00:59:59.999,231301933.590191,322453.0,92997.3572,118041863.783334,0.0
344,2022-12-11 01:00:00,1266.35,1284.75,1255.85,1263.01,180494.902,2022-12-12 00:59:59.999,229443304.733031,314531.0,87913.7111,111776911.348623,0.0
345,2022-12-12 01:00:00,1263.0,1278.9,1240.03,1275.4,363750.5481,2022-12-13 00:59:59.999,456347758.277843,489887.0,186055.4056,233526613.598401,0.0
346,2022-12-13 01:00:00,1275.41,1349.0,1255.1,1320.69,659393.8825,2022-12-14 00:59:59.999,859595295.378895,813791.0,332861.6727,433540760.593465,0.0
347,2022-12-14 01:00:00,1320.69,1352.72,1301.0,1307.44,554465.5717,2022-12-15 00:59:59.999,734778540.993996,548806.0,274178.3789,363405616.858231,0.0
348,2022-12-15 01:00:00,1307.45,1311.14,1259.27,1266.54,390051.2447,2022-12-16 00:59:59.999,499233719.985679,445162.0,182051.3545,233047939.218449,0.0
349,2022-12-16 01:00:00,1266.53,1280.06,1155.32,1166.83,751422.2779,2022-12-17 00:59:59.999,907833696.288013,883071.0,363283.563,438474640.416973,0.0
350,2022-12-17 01:00:00,1166.82,1190.03,1161.92,1187.16,328881.6281,2022-12-18 00:59:59.999,387145994.352974,443309.0,163631.6323,192633850.854482,0.0
351,2022-12-18 01:00:00,1187.16,1199.54,1170.32,1183.06,252260.144,2022-12-19 00:59:59.999,298608427.352787,385205.0,124008.6871,146847301.703688,0.0
352,2022-12-19 01:00:00,1183.06,1195.0,1150.51,1167.82,296832.7228,2022-12-20 00:59:59.999,349312990.374414,443756.0,141432.174,166469165.022255,0.0
353,2022-12-20 01:00:00,1167.82,1230.47,1163.12,1216.94,465184.1943,2022-12-21 00:59:59.999,561079146.680025,624202.0,242142.5298,292031275.388441,0.0
354,2022-12-21 01:00:00,1216.95,1223.39,1203.02,1213.78,245723.8377,2022-12-22 00:59:59.999,297776619.126343,413931.0,124553.6837,150934466.645866,0.0
355,2022-12-22 01:00:00,1213.78,1237.99,1182.54,1217.71,336761.6598,2022-12-23 00:59:59.999,406520096.766709,488758.0,171017.8089,206458932.223524,0.0
356,2022-12-23 01:00:00,1217.72,1231.99,1210.0,1219.99,278604.2882,2022-12-24 00:59:59.999,340146608.67751,439410.0,139743.6183,170624401.902608,0.0
357,2022-12-24 01:00:00,1219.98,1227.99,1214.69,1220.41,123701.5301,2022-12-25 00:59:59.999,150864338.673479,296993.0,61777.4784,75339103.824172,0.0
358,2022-12-25 01:00:00,1220.42,1225.0,1193.18,1218.51,231652.0612,2022-12-26 00:59:59.999,280833354.711449,379422.0,115203.3556,139649666.453096,0.0
359,2022-12-26 01:00:00,1218.52,1231.09,1211.67,1228.11,162723.0857,2022-12-27 00:59:59.999,198389481.179895,308520.0,79649.3915,97114950.562074,0.0
360,2022-12-27 01:00:00,1228.12,1233.73,1200.58,1211.55,262437.6398,2022-12-28 00:59:59.999,319100139.542709,372190.0,129218.2839,157132571.238972,0.0
361,2022-12-28 01:00:00,1211.55,1215.78,1181.06,1190.15,367828.8914,2022-12-29 00:59:59.999,439875906.992195,474792.0,178354.66,213269645.025402,0.0
362,2022-12-29 01:00:00,1190.15,1206.57,1186.77,1200.49,249130.4869,2022-12-30 00:59:59.999,298245107.21298,377201.0,123380.9102,147692321.9073,0.0
363,2022-12-30 01:00:00,1200.48,1202.15,1181.08,1199.99,266014.2115,2022-12-31 00:59:59.999,317524824.577787,364383.0,130580.9389,155866697.387572,0.0
