,OpenTime,LTC-USD_Open,LTC-USD_High,LTC-USD_Low,LTC-USD_Close,LTC-USD_volume,CloseTime,LTC-QuoteAssetVolume,LTC-NumberOfTrades,LTC-TBBAV,LTC-TBQAV,LTC-ignore
0,2022-01-01 01:00:00,146.2,151.0,146.1,150.8,225155.54,2022-01-02 00:59:59.999,33479057.5221,71058.0,112870.36,16785882.3013,0.0
1,2022-01-02 01:00:00,150.8,153.4,147.8,151.2,228350.087,2022-01-03 00:59:59.999,34351559.7419,76697.0,117184.124,17640676.9671,0.0
2,2022-01-03 01:00:00,151.1,151.2,146.0,148.5,291038.873,2022-01-04 00:59:59.999,43407161.3608,98334.0,141413.638,21099945.0103,0.0
3,2022-01-04 01:00:00,148.4,151.7,145.2,146.5,331705.663,2022-01-05 00:59:59.999,49331426.6989,102746.0,168663.823,25099315.2385,0.0
4,2022-01-05 01:00:00,146.5,150.0,129.8,135.4,601964.057,2022-01-06 00:59:59.999,85762767.2411,179121.0,278373.544,39705583.2235,0.0
5,2022-01-06 01:00:00,135.3,138.1,132.4,135.9,531427.357,2022-01-07 00:59:59.999,71938065.6187,131399.0,259721.72,35169301.1249,0.0
6,2022-01-07 01:00:00,135.9,136.5,125.9,131.4,733975.31191,2022-01-08 00:59:59.999,96720732.5891626,188649.0,355038.884,46794472.0306,0.0
7,2022-01-08 01:00:00,131.4,134.8,124.8,129.4,450291.35478,2022-01-09 00:59:59.999,58767538.4008487,120442.0,222919.476,29106853.1817,0.0
8,2022-01-09 01:00:00,129.4,132.6,127.7,130.9,321828.343,2022-01-10 00:59:59.999,41975958.0877,81126.0,163259.217,21300935.5135,0.0
9,2022-01-10 01:00:00,130.8,131.5,120.7,126.5,621002.30603,2022-01-11 00:59:59.999,78374235.1079836,139018.0,302181.753,38142165.7685,0.0
10,2022-01-11 01:00:00,126.6,133.5,125.7,131.6,396300.22,2022-01-12 00:59:59.999,51358756.3249,98375.0,194124.937,25156940.3209,0.0
11,2022-01-12 01:00:00,131.6,142.3,130.8,141.9,387745.567,2022-01-13 00:59:59.999,52843604.3844,114015.0,200388.984,27331325.0368,0.0
12,2022-01-13 01:00:00,142.0,142.4,134.6,136.7,462389.154,2022-01-14 00:59:59.999,63884795.9332,119269.0,231438.29,31967542.7457,0.0
13,2022-01-14 01:00:00,136.7,146.7,135.8,144.7,588107.752,2022-01-15 00:59:59.999,83337246.4487,143988.0,300073.421,42539804.4804,0.0
14,2022-01-15 01:00:00,144.7,150.7,144.0,147.7,461786.036,2022-01-16 00:59:59.999,68234093.5595,126411.0,230855.336,34130381.6568,0.0
15,2022-01-16 01:00:00,147.6,149.0,143.2,146.4,323952.665,2022-01-17 00:59:59.999,47287761.5219,89758.0,155697.406,22741126.1644,0.0
16,2022-01-17 01:00:00,146.4,153.9,144.1,151.2,809014.895,2022-01-18 00:59:59.999,120962062.7796,225768.0,421752.411,63097346.5605,0.0
17,2022-01-18 01:00:00,151.1,153.4,138.6,141.5,605404.359,2022-01-19 00:59:59.999,87107198.8397,161058.0,279223.477,40177157.4504,0.0
18,2022-01-19 01:00:00,141.4,143.0,133.2,136.2,437642.165,2022-01-20 00:59:59.999,59855431.9064,118375.0,216761.534,29662893.3209,0.0
19,2022-01-20 01:00:00,136.2,142.9,128.8,129.7,404805.365,2022-01-21 00:59:59.999,55766928.6231,115355.0,197678.902,27262069.3754,0.0
20,2022-01-21 01:00:00,129.6,131.1,109.8,114.5,1024703.15234,2022-01-22 00:59:59.999,123808200.9253654,240712.0,481022.06366,58157020.991336,0.0
21,2022-01-22 01:00:00,114.5,117.0,96.3,108.4,1345786.1907,2022-01-23 00:59:59.999,144289988.675799,295547.0,651384.1089,69891276.3913556,0.0
22,2022-01-23 01:00:00,108.4,112.8,105.6,112.3,588082.317,2022-01-24 00:59:59.999,63983936.7643,135293.0,298844.289,32519280.3509,0.0
23,2022-01-24 01:00:00,112.3,112.3,97.5,109.5,1098206.519,2022-01-25 00:59:59.999,113950869.2282,209267.0,554283.686,57553469.2453,0.0
24,2022-01-25 01:00:00,109.6,109.9,105.1,107.8,589373.563,2022-01-26 00:59:59.999,63516664.0674,122810.0,297340.601,32050119.8991,0.0
25,2022-01-26 01:00:00,107.9,116.5,104.6,106.9,774954.382,2022-01-27 00:59:59.999,85331363.8692,160638.0,386101.293,42533746.0076,0.0
26,2022-01-27 01:00:00,107.0,110.0,102.8,106.9,563991.766,2022-01-28 00:59:59.999,60013921.5619,114479.0,279958.796,29795370.8091,0.0
27,2022-01-28 01:00:00,106.8,110.0,105.2,109.4,463842.238,2022-01-29 00:59:59.999,49790123.0935,94096.0,235718.665,25309550.3049,0.0
28,2022-01-29 01:00:00,109.5,112.4,107.5,110.8,345775.899,2022-01-30 00:59:59.999,37997380.4202,77714.0,171829.947,18889880.2077,0.0
29,2022-01-30 01:00:00,110.9,112.2,107.0,108.6,276376.291,2022-01-31 00:59:59.999,30340456.354,70578.0,134212.571,14748466.0488,0.0
30,2022-01-31 01:00:00,108.5,111.3,104.3,109.5,447814.467,2022-02-01 00:59:59.999,48109443.4869,95978.0,234491.159,25213254.5253,0.0
31,2022-02-01 01:00:00,109.4,116.9,108.2,115.0,597661.679,2022-02-02 00:59:59.999,66796954.7952,124770.0,316817.603,35415237.5886,0.0
32,2022-02-02 01:00:00,115.1,116.0,107.3,108.3,512026.267,2022-02-03 00:59:59.999,57495574.7136,107790.0,243050.988,27300315.681,0.0
33,2022-02-03 01:00:00,108.3,111.1,105.4,111.0,380748.903,2022-02-04 00:59:59.999,41132466.1185,81522.0,189344.611,20464007.0761,0.0
34,2022-02-04 01:00:00,110.9,121.5,108.7,121.3,649501.138,2022-02-05 00:59:59.999,74351265.4302,143781.0,340417.321,39025675.7751,0.0
35,2022-02-05 01:00:00,121.3,123.8,118.8,121.7,442597.015,2022-02-06 00:59:59.999,53774959.8168,115713.0,222357.723,27020360.8168,0.0
36,2022-02-06 01:00:00,121.8,128.0,120.5,127.6,415141.018,2022-02-07 00:59:59.999,51542305.8607,108071.0,216396.878,26885257.3724,0.0
37,2022-02-07 01:00:00,127.5,139.9,125.0,137.4,694509.795,2022-02-08 00:59:59.999,92105249.6786,185910.0,351619.36,46592535.2397,0.0
38,2022-02-08 01:00:00,137.4,142.9,130.4,133.7,974024.21,2022-02-09 00:59:59.999,132891819.2365,238817.0,484798.787,66110581.3216,0.0
39,2022-02-09 01:00:00,133.6,141.0,132.0,140.1,615072.437,2022-02-10 00:59:59.999,84741693.6644,147776.0,313097.758,43161767.0884,0.0
40,2022-02-10 01:00:00,140.0,143.8,134.0,134.6,722895.221,2022-02-11 00:59:59.999,100340243.7827,188869.0,354459.858,49274977.4008,0.0
41,2022-02-11 01:00:00,134.5,134.8,124.8,125.6,536508.563,2022-02-12 00:59:59.999,70466834.063,129933.0,248797.22,32691212.8502,0.0
42,2022-02-12 01:00:00,125.6,127.6,120.8,126.7,328295.304,2022-02-13 00:59:59.999,40919324.5828,85358.0,156261.425,19483995.9154,0.0
43,2022-02-13 01:00:00,126.7,128.9,123.5,125.6,261891.161,2022-02-14 00:59:59.999,33078037.6212,66008.0,129008.15,16302100.2742,0.0
44,2022-02-14 01:00:00,125.6,127.0,121.4,124.6,311463.001,2022-02-15 00:59:59.999,38694309.5128,80407.0,153243.352,19049950.8954,0.0
45,2022-02-15 01:00:00,124.6,132.6,123.9,131.5,372015.055,2022-02-16 00:59:59.999,48211845.5129,94771.0,191852.579,24860167.0402,0.0
46,2022-02-16 01:00:00,131.6,131.8,125.4,127.7,325088.116,2022-02-17 00:59:59.999,41742888.5302,82753.0,167128.943,21462506.632,0.0
47,2022-02-17 01:00:00,127.8,129.0,114.8,116.3,535445.236,2022-02-18 00:59:59.999,65410011.7566,107541.0,253195.478,30921662.7332,0.0
48,2022-02-18 01:00:00,116.3,123.6,114.1,114.9,686552.347,2022-02-19 00:59:59.999,81135471.4649,131631.0,350580.026,41456027.0622,0.0
49,2022-02-19 01:00:00,114.9,117.2,113.0,115.5,361933.434,2022-02-20 00:59:59.999,41745042.79,71126.0,183949.785,21222238.4811,0.0
50,2022-02-20 01:00:00,115.5,115.8,108.4,110.6,468241.931,2022-02-21 00:59:59.999,51881763.9404,86952.0,219864.623,24357366.8318,0.0
51,2022-02-21 01:00:00,110.6,114.5,102.0,102.8,631230.777,2022-02-22 00:59:59.999,69230266.9777,126976.0,308969.845,33916574.668,0.0
52,2022-02-22 01:00:00,102.7,107.9,100.2,107.4,537388.743,2022-02-23 00:59:59.999,55907200.3844,89509.0,272398.713,28349922.3406,0.0
53,2022-02-23 01:00:00,107.4,111.5,104.9,105.4,432495.97,2022-02-24 00:59:59.999,46926473.0808,81927.0,214126.176,23254230.0462,0.0
54,2022-02-24 01:00:00,105.3,111.0,90.0,104.1,1288797.47718,2022-02-25 00:59:59.999,126673943.9984597,208770.0,620835.91984,61128747.7058038,0.0
55,2022-02-25 01:00:00,104.2,110.7,101.5,109.2,604602.878,2022-02-26 00:59:59.999,63749774.8699,102495.0,302657.763,31916232.1061,0.0
56,2022-02-26 01:00:00,109.2,115.0,106.6,108.2,456598.44,2022-02-27 00:59:59.999,50384457.7545,87279.0,231371.339,25528995.5632,0.0
57,2022-02-27 01:00:00,108.1,110.2,101.1,102.9,417924.626,2022-02-28 00:59:59.999,44260691.3584,85785.0,206839.254,21931839.3248,0.0
58,2022-02-28 01:00:00,102.9,113.9,101.2,113.7,574622.74,2022-03-01 00:59:59.999,61304491.8012,113098.0,304496.394,32523555.9934,0.0
59,2022-03-01 01:00:00,113.7,116.0,109.4,112.5,601477.274,2022-03-02 00:59:59.999,67746418.444,125001.0,290554.845,32759844.4073,0.0
60,2022-03-02 01:00:00,112.5,114.7,109.1,110.3,513465.217,2022-03-03 00:59:59.999,57357362.6786,104563.0,258806.844,28924945.9065,0.0
61,2022-03-03 01:00:00,110.3,113.0,107.9,111.7,638112.361,2022-03-04 00:59:59.999,70741338.9202,110468.0,286483.885,31761229.9279,0.0
62,2022-03-04 01:00:00,111.7,112.7,99.0,101.0,635993.785,2022-03-05 00:59:59.999,67300008.6318,116519.0,298383.676,31620183.7545,0.0
63,2022-03-05 01:00:00,101.0,105.4,99.4,104.9,298763.798,2022-03-06 00:59:59.999,30659201.6284,63042.0,150630.503,15466908.5189,0.0
64,2022-03-06 01:00:00,104.9,106.0,100.6,101.1,312844.282,2022-03-07 00:59:59.999,32298062.1464,74773.0,155720.239,16083047.5749,0.0
65,2022-03-07 01:00:00,101.1,103.9,96.2,98.4,518690.842,2022-03-08 00:59:59.999,51890085.1185,101187.0,251539.783,25171266.8635,0.0
66,2022-03-08 01:00:00,98.3,102.6,97.8,100.7,489539.231,2022-03-09 00:59:59.999,49167183.0775,90845.0,240880.019,24191734.5189,0.0
67,2022-03-09 01:00:00,100.8,109.3,100.4,106.9,548748.759,2022-03-10 00:59:59.999,58288002.1566,106394.0,277790.928,29529767.4305,0.0
68,2022-03-10 01:00:00,106.9,107.1,99.5,102.5,544448.846,2022-03-11 00:59:59.999,55842763.5875,98671.0,259221.293,26585058.6526,0.0
69,2022-03-11 01:00:00,102.6,107.0,99.6,104.6,462322.473,2022-03-12 00:59:59.999,47911162.6248,87955.0,223321.849,23148603.4774,0.0
70,2022-03-12 01:00:00,104.6,108.0,104.5,105.6,273690.902,2022-03-13 00:59:59.999,29034015.0906,58957.0,134998.709,14325729.8257,0.0
71,2022-03-13 01:00:00,105.5,107.4,101.0,101.7,267778.849,2022-03-14 00:59:59.999,28038489.8458,58024.0,127232.096,13327119.1155,0.0
72,2022-03-14 01:00:00,101.7,106.4,100.8,105.6,461259.961,2022-03-15 00:59:59.999,47902773.1175,86211.0,224363.448,23288374.1779,0.0
73,2022-03-15 01:00:00,105.5,108.6,102.4,106.8,455884.752,2022-03-16 00:59:59.999,48097564.7259,79734.0,227867.65,24060804.1303,0.0
74,2022-03-16 01:00:00,106.9,112.2,105.6,111.4,627565.504,2022-03-17 00:59:59.999,68133199.1295,119038.0,316169.511,34354193.8933,0.0
75,2022-03-17 01:00:00,111.3,111.7,108.5,110.2,315598.565,2022-03-18 00:59:59.999,34775865.187,57496.0,153764.609,16950448.141,0.0
76,2022-03-18 01:00:00,110.2,113.0,107.7,111.9,362061.811,2022-03-19 00:59:59.999,39952210.6632,63255.0,186950.912,20633853.4473,0.0
77,2022-03-19 01:00:00,111.8,117.3,111.4,116.8,455077.798,2022-03-20 00:59:59.999,51624315.6948,76056.0,233853.785,26521413.3791,0.0
78,2022-03-20 01:00:00,116.8,118.5,111.3,114.9,456736.029,2022-03-21 00:59:59.999,52366931.9051,86233.0,229424.047,26314154.5261,0.0
79,2022-03-21 01:00:00,114.9,116.8,113.1,116.0,414783.622,2022-03-22 00:59:59.999,47735273.588,75476.0,211413.386,24343935.7982,0.0
80,2022-03-22 01:00:00,116.1,123.7,115.6,122.7,613158.765,2022-03-23 00:59:59.999,73997003.7879,130875.0,315523.161,38073651.7978,0.0
81,2022-03-23 01:00:00,122.7,124.5,118.5,122.4,404116.575,2022-03-24 00:59:59.999,48865241.8013,91626.0,199003.766,24080143.0527,0.0
82,2022-03-24 01:00:00,122.5,127.7,120.0,126.5,494673.517,2022-03-25 00:59:59.999,61177615.6988,112977.0,255668.949,31637816.6684,0.0
83,2022-03-25 01:00:00,126.4,127.3,121.5,123.9,388911.114,2022-03-26 00:59:59.999,48635050.6202,90860.0,190681.892,23851719.6319,0.0
84,2022-03-26 01:00:00,124.0,125.6,121.9,124.8,222339.521,2022-03-27 00:59:59.999,27547807.8954,54400.0,109122.447,13520647.8856,0.0
85,2022-03-27 01:00:00,124.8,129.8,123.2,129.7,360946.115,2022-03-28 01:59:59.999,45525649.2539,87042.0,187558.298,23667485.3101,0.0
86,2022-03-28 02:00:00,129.7,132.6,126.7,127.6,485087.181,2022-03-29 01:59:59.999,63427481.586,115694.0,243095.457,31801620.5008,0.0
87,2022-03-29 02:00:00,127.6,132.0,127.0,130.1,402240.888,2022-03-30 01:59:59.999,52122445.0861,93018.0,198052.459,25673890.57,0.0
88,2022-03-30 02:00:00,130.0,134.1,125.8,131.1,469285.075,2022-03-31 01:59:59.999,61290275.3357,113830.0,237595.156,31043956.7974,0.0
89,2022-03-31 02:00:00,131.1,132.9,121.1,123.8,925439.976,2022-04-01 01:59:59.999,117415876.0708,165734.0,521048.888,66233633.1848,0.0
90,2022-04-01 02:00:00,123.9,126.4,119.1,124.8,459214.201,2022-04-02 01:59:59.999,56578287.7728,96660.0,225816.847,27843986.8466,0.0
91,2022-04-02 02:00:00,124.8,128.3,123.5,124.8,446188.67,2022-04-03 01:59:59.999,56300292.0541,92441.0,221419.927,27957358.133,0.0
92,2022-04-03 02:00:00,124.9,129.5,123.6,128.7,304078.019,2022-04-04 01:59:59.999,38542464.3452,72138.0,155262.563,19684756.3413,0.0
93,2022-04-04 02:00:00,128.8,128.9,121.2,124.8,459946.591,2022-04-05 01:59:59.999,57331197.0139,89264.0,234462.677,29215089.3347,0.0
94,2022-04-05 02:00:00,124.8,127.3,122.5,122.7,266800.707,2022-04-06 01:59:59.999,33319919.9394,59272.0,131674.318,16450783.4512,0.0
95,2022-04-06 02:00:00,122.8,123.2,111.4,111.7,609814.446,2022-04-07 01:59:59.999,71461742.4465,116507.0,313259.195,36680582.1006,0.0
96,2022-04-07 02:00:00,111.6,115.0,110.1,114.1,302722.598,2022-04-08 01:59:59.999,34242742.7388,63737.0,153205.5,17332915.5963,0.0
97,2022-04-08 02:00:00,114.0,115.3,109.6,110.7,361955.502,2022-04-09 01:59:59.999,40979150.2351,73798.0,173107.829,19612877.1402,0.0
98,2022-04-09 02:00:00,110.7,113.0,110.0,112.7,192659.628,2022-04-10 01:59:59.999,21464020.9253,42130.0,98574.51,10984921.4527,0.0
99,2022-04-10 02:00:00,112.7,114.5,110.0,110.3,201089.865,2022-04-11 01:59:59.999,22626041.2357,45274.0,99323.338,11182394.2099,0.0
100,2022-04-11 02:00:00,110.3,110.7,101.8,102.4,440456.851,2022-04-12 01:59:59.999,46593421.7785,82493.0,211904.737,22413425.7661,0.0
101,2022-04-12 02:00:00,102.5,105.8,101.7,104.8,298962.751,2022-04-13 01:59:59.999,31062167.4041,60340.0,153893.704,15994695.618,0.0
102,2022-04-13 02:00:00,104.9,110.8,103.9,110.5,389766.945,2022-04-14 01:59:59.999,42071491.6931,71509.0,208532.35,22508215.7471,0.0
103,2022-04-14 02:00:00,110.6,112.4,105.9,107.3,323593.487,2022-04-15 01:59:59.999,35265161.0566,56538.0,143731.615,15650111.4341,0.0
104,2022-04-15 02:00:00,107.3,112.9,107.0,111.0,303062.025,2022-04-16 01:59:59.999,33513216.8892,57270.0,156485.373,17307529.3993,0.0
105,2022-04-16 02:00:00,111.0,114.9,110.1,114.3,256441.818,2022-04-17 01:59:59.999,28781162.2526,50115.0,136014.539,15280988.0911,0.0
106,2022-04-17 02:00:00,114.3,115.1,108.2,108.8,275657.857,2022-04-18 01:59:59.999,31058754.5692,51536.0,135480.597,15271695.9914,0.0
107,2022-04-18 02:00:00,108.8,111.5,105.2,111.3,433957.577,2022-04-19 01:59:59.999,46807603.8617,68148.0,221812.1,23943838.7333,0.0
108,2022-04-19 02:00:00,111.3,114.2,110.6,113.8,267982.503,2022-04-20 01:59:59.999,30065024.3289,57327.0,139438.705,15645384.8481,0.0
109,2022-04-20 02:00:00,113.8,114.2,110.7,111.9,317572.869,2022-04-21 01:59:59.999,35699408.6602,60619.0,163551.297,18388854.424,0.0
110,2022-04-21 02:00:00,111.9,114.5,105.4,106.8,374445.22,2022-04-22 01:59:59.999,41592571.9631,70993.0,180169.325,20026714.1692,0.0
111,2022-04-22 02:00:00,106.8,108.7,104.7,105.4,307003.595,2022-04-23 01:59:59.999,32866235.4761,55003.0,157313.541,16844113.3741,0.0
112,2022-04-23 02:00:00,105.4,107.2,104.4,105.1,151820.201,2022-04-24 01:59:59.999,16105353.4593,35654.0,79971.519,8485093.1634,0.0
113,2022-04-24 02:00:00,105.2,105.9,103.5,104.6,188484.103,2022-04-25 01:59:59.999,19754621.9896,37022.0,91835.241,9627968.8686,0.0
114,2022-04-25 02:00:00,104.6,104.9,98.3,104.6,464513.108,2022-04-26 01:59:59.999,47191487.1271,77161.0,226641.717,23037436.1544,0.0
115,2022-04-26 02:00:00,104.6,105.4,96.3,98.6,370089.57,2022-04-27 01:59:59.999,37650909.2033,66716.0,178541.023,18184705.2714,0.0
116,2022-04-27 02:00:00,98.6,102.0,97.7,100.5,295862.61,2022-04-28 01:59:59.999,29614413.7469,56245.0,148499.207,14865376.3938,0.0
117,2022-04-28 02:00:00,100.6,105.8,99.7,103.3,543891.391,2022-04-29 01:59:59.999,55551406.2732,81507.0,269793.365,27571202.6328,0.0
118,2022-04-29 02:00:00,103.3,104.5,98.4,100.4,394065.385,2022-04-30 01:59:59.999,39856752.5465,68460.0,186717.573,18900507.8554,0.0
119,2022-04-30 02:00:00,100.3,101.6,93.5,95.8,343937.913,2022-05-01 01:59:59.999,33938296.3876,58217.0,166004.125,16393294.9643,0.0
120,2022-05-01 02:00:00,95.9,100.0,94.4,99.3,295463.925,2022-05-02 01:59:59.999,28780882.3112,53743.0,145579.774,14185838.7898,0.0
121,2022-05-02 02:00:00,99.3,101.9,98.3,100.7,330388.68,2022-05-03 01:59:59.999,33033440.2501,56631.0,163579.277,16362264.0936,0.0
122,2022-05-03 02:00:00,100.7,101.4,97.4,99.4,307980.668,2022-05-04 01:59:59.999,30784594.2034,52421.0,152552.787,15251498.9073,0.0
123,2022-05-04 02:00:00,99.3,107.1,99.0,106.3,475753.421,2022-05-05 01:59:59.999,49031775.2604,85432.0,247743.808,25530266.0923,0.0
124,2022-05-05 02:00:00,106.3,106.9,94.8,96.8,586614.195,2022-05-06 01:59:59.999,58837204.1368,102432.0,284233.268,28468696.8507,0.0
125,2022-05-06 02:00:00,96.8,98.4,92.9,96.7,494007.711,2022-05-07 01:59:59.999,47414482.9426,82469.0,253552.895,24339728.2764,0.0
126,2022-05-07 02:00:00,96.7,97.4,92.6,94.3,298037.215,2022-05-08 01:59:59.999,28514206.6194,49389.0,148382.72,14196311.8672,0.0
127,2022-05-08 02:00:00,94.3,95.8,91.5,93.9,441180.21,2022-05-09 01:59:59.999,41242686.1644,69508.0,220381.404,20602194.9877,0.0
128,2022-05-09 02:00:00,93.8,94.9,75.2,76.2,1075917.38183,2022-05-10 01:59:59.999,90805313.6444129,154330.0,535689.47644,45107068.62027,0.0
129,2022-05-10 02:00:00,76.2,85.0,73.3,80.2,1335840.74274,2022-05-11 01:59:59.999,106955429.216176,171078.0,669897.183,53623641.0198,0.0
130,2022-05-11 02:00:00,80.1,82.8,64.2,66.6,2156656.19047,2022-05-12 01:59:59.999,160599149.8843953,244446.0,1009867.579,75472384.2096,0.0
131,2022-05-12 02:00:00,66.7,69.9,54.4,64.5,2076325.53921,2022-05-13 01:59:59.999,128073010.0872073,260361.0,1036996.43377,63979481.181854,0.0
132,2022-05-13 02:00:00,64.4,73.2,63.2,67.9,1132719.666,2022-05-14 01:59:59.999,78702634.7715,135558.0,567329.454,39434524.336,0.0
133,2022-05-14 02:00:00,67.8,70.3,64.2,68.9,556982.007,2022-05-15 01:59:59.999,37397191.7505,78273.0,267488.997,17978650.9522,0.0
134,2022-05-15 02:00:00,68.8,71.8,65.9,71.6,508046.555,2022-05-16 01:59:59.999,34770176.7869,68165.0,250342.117,17152261.2565,0.0
135,2022-05-16 02:00:00,71.5,71.6,64.9,67.3,577142.751,2022-05-17 01:59:59.999,38763543.749,77970.0,291060.952,19539413.9128,0.0
136,2022-05-17 02:00:00,67.2,73.9,67.1,73.2,639716.3,2022-05-18 01:59:59.999,45399826.3005,87587.0,326500.566,23176192.1764,0.0
137,2022-05-18 02:00:00,73.1,74.4,65.7,66.0,701726.501,2022-05-19 01:59:59.999,48778844.3157,91515.0,349761.913,24302480.245,0.0
138,2022-05-19 02:00:00,65.9,72.7,64.6,72.1,690029.823,2022-05-20 01:59:59.999,47612565.5462,89205.0,343108.4,23673326.1915,0.0
139,2022-05-20 02:00:00,72.1,73.5,66.7,68.6,755303.038,2022-05-21 01:59:59.999,52665391.8079,86663.0,374801.345,26141413.915,0.0
140,2022-05-21 02:00:00,68.6,70.7,67.9,69.8,274675.04,2022-05-22 01:59:59.999,19073308.2698,37804.0,141293.104,9813694.1267,0.0
141,2022-05-22 02:00:00,69.8,72.6,69.4,71.7,290794.185,2022-05-23 01:59:59.999,20705466.6139,39400.0,148395.757,10565530.5266,0.0
142,2022-05-23 02:00:00,71.6,74.0,68.3,69.1,613835.768,2022-05-24 01:59:59.999,43935236.7129,78135.0,324635.524,23244191.4784,0.0
143,2022-05-24 02:00:00,69.0,70.8,67.0,70.2,492877.962,2022-05-25 01:59:59.999,34106232.6075,65839.0,239506.19,16581946.9706,0.0
144,2022-05-25 02:00:00,70.3,71.7,67.9,68.2,414049.811,2022-05-26 01:59:59.999,28692099.7793,50965.0,199053.038,13787090.1678,0.0
145,2022-05-26 02:00:00,68.2,68.9,60.4,63.5,730443.128,2022-05-27 01:59:59.999,46950352.3473,76407.0,352507.637,22637556.1858,0.0
146,2022-05-27 02:00:00,63.4,64.1,60.9,61.6,739704.085,2022-05-28 01:59:59.999,46191185.5631,80053.0,366112.16,22863080.2505,0.0
147,2022-05-28 02:00:00,61.6,64.0,61.3,63.0,336506.622,2022-05-29 01:59:59.999,21113190.1241,38679.0,167251.698,10496908.2406,0.0
148,2022-05-29 02:00:00,63.1,64.4,61.8,63.6,315852.358,2022-05-30 01:59:59.999,19960282.9372,34773.0,152181.971,9618112.934,0.0
149,2022-05-30 02:00:00,63.7,69.8,63.2,69.1,612046.039,2022-05-31 01:59:59.999,40865010.5571,61473.0,325412.673,21717289.7038,0.0
150,2022-05-31 02:00:00,69.1,69.8,66.7,68.4,445048.542,2022-06-01 01:59:59.999,30451799.9475,53475.0,220546.183,15094722.7721,0.0
151,2022-06-01 02:00:00,68.4,70.6,61.7,62.7,634020.203,2022-06-02 01:59:59.999,42132794.6582,70322.0,293545.992,19541973.8717,0.0
152,2022-06-02 02:00:00,62.7,64.8,62.1,64.5,371742.76,2022-06-03 01:59:59.999,23541582.2528,44212.0,185662.864,11760329.2506,0.0
153,2022-06-03 02:00:00,64.4,64.9,61.4,62.6,281679.966,2022-06-04 01:59:59.999,17678930.5995,38236.0,141467.117,8879261.1642,0.0
154,2022-06-04 02:00:00,62.6,64.4,61.3,63.7,187841.045,2022-06-05 01:59:59.999,11791410.554,28043.0,95196.065,5979367.9897,0.0
155,2022-06-05 02:00:00,63.8,63.9,61.7,63.2,194186.313,2022-06-06 01:59:59.999,12227283.6743,27729.0,97237.588,6120872.9253,0.0
156,2022-06-06 02:00:00,63.2,66.7,62.9,64.5,374528.282,2022-06-07 01:59:59.999,24363636.7292,44510.0,193479.225,12592591.243,0.0
157,2022-06-07 02:00:00,64.5,65.5,60.1,63.8,493587.564,2022-06-08 01:59:59.999,30891911.6656,59052.0,244967.285,15322931.1269,0.0
158,2022-06-08 02:00:00,63.9,64.5,61.1,61.3,460948.577,2022-06-09 01:59:59.999,28818270.3946,52011.0,218576.43,13681166.0617,0.0
159,2022-06-09 02:00:00,61.4,62.4,59.2,60.3,295546.594,2022-06-10 01:59:59.999,18052292.2995,40960.0,142266.363,8690406.2552,0.0
160,2022-06-10 02:00:00,60.2,60.4,55.6,56.7,505271.348,2022-06-11 01:59:59.999,29336776.3474,57264.0,252255.407,14650522.2966,0.0
161,2022-06-11 02:00:00,56.6,57.8,51.6,52.2,588679.33839,2022-06-12 01:59:59.999,32101780.9911705,62307.0,287187.36105,15659681.26153,0.0
162,2022-06-12 02:00:00,52.2,52.6,47.3,47.9,751665.40626,2022-06-13 01:59:59.999,37630273.7692817,72751.0,361250.782,18097773.1709,0.0
163,2022-06-13 02:00:00,47.9,48.3,41.0,43.5,1585014.73295,2022-06-14 01:59:59.999,69492583.1850455,150859.0,776369.00955,34060495.418,0.0
164,2022-06-14 02:00:00,43.5,46.5,40.3,46.15,1538135.285,2022-06-15 01:59:59.999,68389720.41595,168405.0,737180.42,32775734.23164,0.0
165,2022-06-15 02:00:00,46.16,50.98,41.66,50.65,2010453.14,2022-06-16 01:59:59.999,90706924.35179,241857.0,1018032.951,45954268.37817,0.0
166,2022-06-16 02:00:00,50.66,51.22,44.02,44.78,1636635.976,2022-06-17 01:59:59.999,76714502.97653,199624.0,798615.875,37426313.88333,0.0
167,2022-06-17 02:00:00,44.8,48.43,44.41,47.6,1207287.632,2022-06-18 01:59:59.999,56300871.00346,155707.0,610304.567,28457974.93167,0.0
168,2022-06-18 02:00:00,47.6,48.4,41.46,47.18,1913775.171,2022-06-19 01:59:59.999,86791488.48097,225479.0,924926.721,41986585.01316,0.0
169,2022-06-19 02:00:00,47.17,56.45,44.91,54.29,2451326.02,2022-06-20 01:59:59.999,122958586.37944,335312.0,1218831.005,61154184.34178,0.0
170,2022-06-20 02:00:00,54.3,54.77,51.31,52.77,1979924.021,2022-06-21 01:59:59.999,104013698.59808,280734.0,967880.293,50846971.21181,0.0
171,2022-06-21 02:00:00,52.76,55.71,51.86,53.52,1381554.785,2022-06-22 01:59:59.999,73862649.34498,194509.0,678962.121,36300783.03439,0.0
172,2022-06-22 02:00:00,53.53,53.55,50.41,52.13,927893.846,2022-06-23 01:59:59.999,48138975.73304,133598.0,466403.661,24196302.59571,0.0
173,2022-06-23 02:00:00,52.15,56.77,51.9,55.74,994973.172,2022-06-24 01:59:59.999,54544530.38474,137295.0,503755.82,27619805.93258,0.0
174,2022-06-24 02:00:00,55.72,57.34,54.4,55.84,730614.764,2022-06-25 01:59:59.999,40862718.05002,104529.0,358892.476,20076769.32682,0.0
175,2022-06-25 02:00:00,55.85,59.76,54.59,58.88,618227.012,2022-06-26 01:59:59.999,35253057.17888,98725.0,324859.222,18530670.82052,0.0
176,2022-06-26 02:00:00,58.89,60.5,56.6,56.61,518719.077,2022-06-27 01:59:59.999,30465277.71815,89424.0,255398.813,15012555.21695,0.0
177,2022-06-27 02:00:00,56.6,58.62,54.82,55.86,397024.694,2022-06-28 01:59:59.999,22527859.72806,70251.0,200839.81,11397488.1201,0.0
178,2022-06-28 02:00:00,55.89,57.0,52.57,52.68,428561.798,2022-06-29 01:59:59.999,23479250.32321,79733.0,222693.12,12205679.74759,0.0
179,2022-06-29 02:00:00,52.71,54.45,51.36,53.68,451898.813,2022-06-30 01:59:59.999,23840747.42029,82127.0,226505.979,11957746.05014,0.0
180,2022-06-30 02:00:00,53.68,54.0,50.15,53.84,505134.988,2022-07-01 01:59:59.999,26122598.20536,92537.0,262443.483,13581211.16669,0.0
181,2022-07-01 02:00:00,53.84,56.28,50.04,51.19,606167.187,2022-07-02 01:59:59.999,31622453.00844,114090.0,295480.127,15431059.92726,0.0
182,2022-07-02 02:00:00,51.21,51.65,49.77,50.55,395349.861,2022-07-03 01:59:59.999,20021258.01033,67673.0,211521.493,10712341.18512,0.0
183,2022-07-03 02:00:00,50.55,52.22,49.11,50.95,319754.383,2022-07-04 01:59:59.999,16103424.41233,62001.0,164719.948,8301767.78513,0.0
184,2022-07-04 02:00:00,50.94,52.43,49.7,52.26,428499.128,2022-07-05 01:59:59.999,21800275.14044,64441.0,242195.287,12314291.1671,0.0
185,2022-07-05 02:00:00,52.24,52.48,47.95,49.7,567147.955,2022-07-06 01:59:59.999,28355698.23961,95986.0,279162.338,13954638.87719,0.0
186,2022-07-06 02:00:00,49.7,51.2,48.96,50.34,369984.007,2022-07-07 01:59:59.999,18515142.03745,64786.0,191697.571,9596257.12197,0.0
187,2022-07-07 02:00:00,50.36,52.64,49.77,52.15,478416.357,2022-07-08 01:59:59.999,24387960.55634,68871.0,255230.199,13016509.43413,0.0
188,2022-07-08 02:00:00,52.17,53.99,50.75,51.35,539059.048,2022-07-09 01:59:59.999,28201267.25365,80903.0,272014.086,14231688.00579,0.0
189,2022-07-09 02:00:00,51.35,54.8,51.33,54.09,369622.829,2022-07-10 01:59:59.999,19445502.96595,57598.0,200097.656,10521166.82301,0.0
190,2022-07-10 02:00:00,54.09,55.07,50.65,52.12,793607.197,2022-07-11 01:59:59.999,42213636.14422,106476.0,384541.822,20457480.61493,0.0
191,2022-07-11 02:00:00,52.12,52.25,48.26,48.71,458088.601,2022-07-12 01:59:59.999,23212879.64453,69902.0,221198.437,11210165.43488,0.0
192,2022-07-12 02:00:00,48.7,49.37,47.28,47.33,466284.497,2022-07-13 01:59:59.999,22544582.82015,66128.0,230864.918,11165104.63059,0.0
193,2022-07-13 02:00:00,47.32,49.73,46.41,49.56,601519.056,2022-07-14 01:59:59.999,28891898.55488,81503.0,308333.395,14812031.19974,0.0
194,2022-07-14 02:00:00,49.54,51.75,47.96,51.32,522186.191,2022-07-15 01:59:59.999,25957558.67544,68358.0,275556.874,13711459.47031,0.0
195,2022-07-15 02:00:00,51.32,52.78,50.61,51.78,544118.253,2022-07-16 01:59:59.999,28064711.07596,79879.0,277449.676,14311819.8604,0.0
196,2022-07-16 02:00:00,51.76,55.56,51.07,55.08,437141.035,2022-07-17 01:59:59.999,23272735.81587,74916.0,237589.904,12654885.12585,0.0
197,2022-07-17 02:00:00,55.07,57.02,54.33,55.76,488379.926,2022-07-18 01:59:59.999,27120519.1573,88065.0,267140.472,14836007.01027,0.0
198,2022-07-18 02:00:00,55.76,59.56,55.23,58.6,704809.589,2022-07-19 01:59:59.999,40596652.37876,122628.0,368945.776,21262374.18671,0.0
199,2022-07-19 02:00:00,58.59,59.63,55.83,57.9,648764.405,2022-07-20 01:59:59.999,37299676.90348,118862.0,330288.017,18985884.0836,0.0
200,2022-07-20 02:00:00,57.9,61.73,56.4,57.2,823588.205,2022-07-21 01:59:59.999,48485663.58355,146845.0,416164.014,24516290.25506,0.0
201,2022-07-21 02:00:00,57.2,58.65,55.15,58.02,495146.27,2022-07-22 01:59:59.999,28110078.90323,94986.0,243581.412,13828450.80752,0.0
202,2022-07-22 02:00:00,58.03,59.18,55.5,56.09,504430.421,2022-07-23 01:59:59.999,29131839.96785,88629.0,258903.893,14975426.41807,0.0
203,2022-07-23 02:00:00,56.09,57.24,54.5,56.32,359887.479,2022-07-24 01:59:59.999,20083777.46006,66205.0,167497.473,9349669.69634,0.0
204,2022-07-24 02:00:00,56.32,59.78,56.32,58.39,353168.581,2022-07-25 01:59:59.999,20557439.17097,73235.0,187791.819,10933377.84145,0.0
205,2022-07-25 02:00:00,58.39,59.02,53.89,54.0,480171.674,2022-07-26 01:59:59.999,26979482.87699,87866.0,221419.487,12450667.64462,0.0
206,2022-07-26 02:00:00,54.0,54.15,51.96,53.88,420584.372,2022-07-27 01:59:59.999,22300685.55101,74710.0,207871.11,11021950.70383,0.0
207,2022-07-27 02:00:00,53.89,59.07,53.01,59.01,536658.831,2022-07-28 01:59:59.999,29923805.94223,101165.0,284769.186,15919251.02168,0.0
208,2022-07-28 02:00:00,59.0,64.29,58.02,63.41,793684.143,2022-07-29 01:59:59.999,48593219.29273,154647.0,394266.48,24108268.38072,0.0
209,2022-07-29 02:00:00,63.4,64.58,59.76,60.65,598391.17,2022-07-30 01:59:59.999,37154296.17192,118978.0,304629.806,18929437.56043,0.0
210,2022-07-30 02:00:00,60.65,64.07,59.91,60.42,571176.572,2022-07-31 01:59:59.999,35347528.34363,118372.0,278458.748,17238076.00311,0.0
211,2022-07-31 02:00:00,60.43,63.02,59.61,59.74,362956.297,2022-08-01 01:59:59.999,22243679.32109,72777.0,182332.31,11179542.41677,0.0
212,2022-08-01 02:00:00,59.74,60.75,58.25,59.44,413407.163,2022-08-02 01:59:59.999,24560699.88812,76503.0,212166.636,12606487.31043,0.0
213,2022-08-02 02:00:00,59.46,59.85,56.63,58.05,499501.827,2022-08-03 01:59:59.999,28977115.78567,93330.0,243196.781,14105961.7584,0.0
214,2022-08-03 02:00:00,58.06,60.13,56.7,57.77,497789.611,2022-08-04 01:59:59.999,29176766.90655,78892.0,251893.341,14768583.7097,0.0
215,2022-08-04 02:00:00,57.76,60.8,57.6,59.65,438458.424,2022-08-05 01:59:59.999,25918578.30216,78969.0,216804.102,12811742.8548,0.0
216,2022-08-05 02:00:00,59.64,62.57,59.61,62.47,487945.255,2022-08-06 01:59:59.999,29937321.05695,90689.0,252852.802,15513727.03843,0.0
217,2022-08-06 02:00:00,62.47,62.58,60.5,60.83,221909.184,2022-08-07 01:59:59.999,13635182.37347,43759.0,109299.255,6717883.88207,0.0
218,2022-08-07 02:00:00,60.82,62.0,59.86,61.1,242432.341,2022-08-08 01:59:59.999,14825110.8957,46004.0,120384.161,7360481.70806,0.0
219,2022-08-08 02:00:00,61.11,64.09,60.8,62.61,403958.239,2022-08-09 01:59:59.999,25392098.8065,74452.0,193456.205,12156611.86846,0.0
220,2022-08-09 02:00:00,62.59,62.86,58.2,59.16,467966.92,2022-08-10 01:59:59.999,28154989.50287,73668.0,234907.845,14129856.05583,0.0
221,2022-08-10 02:00:00,59.15,62.35,57.42,61.59,683606.931,2022-08-11 01:59:59.999,40990420.69852,96496.0,368222.259,22099801.08017,0.0
222,2022-08-11 02:00:00,61.58,63.48,61.48,61.84,451609.23,2022-08-12 01:59:59.999,28176628.51802,72174.0,228229.726,14236677.77769,0.0
223,2022-08-12 02:00:00,61.84,63.08,60.66,62.88,361467.843,2022-08-13 01:59:59.999,22310150.11799,60641.0,183460.331,11322863.59172,0.0
224,2022-08-13 02:00:00,62.88,65.66,62.63,63.8,502527.314,2022-08-14 01:59:59.999,32200663.12557,80793.0,264214.118,16930703.38997,0.0
225,2022-08-14 02:00:00,63.81,65.84,62.37,63.14,453041.878,2022-08-15 01:59:59.999,29140333.29772,88103.0,214033.066,13770668.98753,0.0
226,2022-08-15 02:00:00,63.13,65.32,59.64,60.67,521249.361,2022-08-16 01:59:59.999,32248118.74299,90477.0,254340.235,15742321.88936,0.0
227,2022-08-16 02:00:00,60.66,61.77,59.99,61.33,367330.078,2022-08-17 01:59:59.999,22390015.64855,72392.0,182386.215,11119634.28275,0.0
228,2022-08-17 02:00:00,61.32,64.74,59.67,60.52,718429.134,2022-08-18 01:59:59.999,44632934.853,120875.0,361774.977,22486975.30231,0.0
229,2022-08-18 02:00:00,60.52,61.73,59.33,60.02,422084.3,2022-08-19 01:59:59.999,25613628.63804,67884.0,202871.325,12323722.11318,0.0
230,2022-08-19 02:00:00,60.03,60.19,53.26,53.99,807381.053,2022-08-20 01:59:59.999,45401870.09757,117284.0,368756.612,20666054.58682,0.0
231,2022-08-20 02:00:00,54.01,55.62,52.64,54.1,651478.682,2022-08-21 01:59:59.999,35487573.39381,96991.0,343113.405,18689314.51033,0.0
232,2022-08-21 02:00:00,54.11,56.0,53.8,55.67,377261.077,2022-08-22 01:59:59.999,20686133.63277,62341.0,192765.903,10571208.1794,0.0
233,2022-08-22 02:00:00,55.66,57.45,52.26,57.22,877776.632,2022-08-23 01:59:59.999,48435755.99656,139170.0,443201.019,24456673.037,0.0
234,2022-08-23 02:00:00,57.23,57.75,53.88,57.08,562176.705,2022-08-24 01:59:59.999,31633973.21432,93950.0,284327.247,16004716.18623,0.0
235,2022-08-24 02:00:00,57.1,57.69,55.56,56.46,437641.062,2022-08-25 01:59:59.999,24745613.77301,70762.0,219629.071,12422034.31744,0.0
236,2022-08-25 02:00:00,56.47,57.53,55.82,56.63,379154.499,2022-08-26 01:59:59.999,21497312.45867,68377.0,197659.723,11209547.45304,0.0
237,2022-08-26 02:00:00,56.62,58.31,52.08,52.68,663761.061,2022-08-27 01:59:59.999,36807172.21184,112898.0,328170.798,18203293.76796,0.0
238,2022-08-27 02:00:00,52.69,53.48,51.63,53.01,342396.436,2022-08-28 01:59:59.999,18001370.09093,60232.0,170739.246,8977895.94934,0.0
239,2022-08-28 02:00:00,53.01,56.0,52.47,53.41,571920.844,2022-08-29 01:59:59.999,30963484.90884,88335.0,275158.765,14897026.5864,0.0
240,2022-08-29 02:00:00,53.42,56.7,52.52,55.8,635767.414,2022-08-30 01:59:59.999,34987568.03997,111966.0,341991.195,18831527.63705,0.0
241,2022-08-30 02:00:00,55.78,56.25,51.81,53.01,505556.585,2022-08-31 01:59:59.999,27373055.18768,100359.0,244543.045,13248769.78861,0.0
242,2022-08-31 02:00:00,53.01,55.26,53.01,53.84,441087.366,2022-09-01 01:59:59.999,23955639.60568,88679.0,226571.659,12309422.57508,0.0
243,2022-09-01 02:00:00,53.83,57.82,53.19,57.58,746451.633,2022-09-02 01:59:59.999,41593779.48076,141417.0,386467.169,21547156.80623,0.0
244,2022-09-02 02:00:00,57.59,62.5,56.49,60.99,970963.365,2022-09-03 01:59:59.999,58147610.78099,173510.0,482496.472,28894758.58644,0.0
245,2022-09-03 02:00:00,60.99,62.23,59.53,60.15,604642.95,2022-09-04 01:59:59.999,36767272.91593,117999.0,300989.659,18301696.08508,0.0
246,2022-09-04 02:00:00,60.15,60.99,58.61,60.9,416674.079,2022-09-05 01:59:59.999,24875646.14428,82971.0,204769.373,12226500.3324,0.0
247,2022-09-05 02:00:00,60.9,61.63,59.25,60.39,550152.845,2022-09-06 01:59:59.999,33144292.29587,97627.0,275318.882,16596372.88421,0.0
248,2022-09-06 02:00:00,60.39,62.74,54.0,54.11,893919.423,2022-09-07 01:59:59.999,52329491.06244,166315.0,429284.769,25154738.35051,0.0
249,2022-09-07 02:00:00,54.09,58.29,52.86,57.31,791215.198,2022-09-08 01:59:59.999,43554901.07466,118793.0,391126.076,21541266.87865,0.0
250,2022-09-08 02:00:00,57.31,58.6,56.06,57.96,526585.078,2022-09-09 01:59:59.999,30112850.29672,94249.0,252722.338,14453009.41703,0.0
251,2022-09-09 02:00:00,57.97,61.94,57.7,61.13,640028.177,2022-09-10 01:59:59.999,38740028.71121,121784.0,315319.0,19073178.43019,0.0
252,2022-09-10 02:00:00,61.14,64.69,60.54,63.28,643910.358,2022-09-11 01:59:59.999,40510657.64041,131308.0,339358.339,21367330.88361,0.0
253,2022-09-11 02:00:00,63.28,64.47,61.33,62.16,491835.138,2022-09-12 01:59:59.999,30891157.73634,89331.0,250567.094,15745219.79457,0.0
254,2022-09-12 02:00:00,62.16,63.23,60.08,61.38,492838.604,2022-09-13 01:59:59.999,30322331.10036,102219.0,237856.346,14638471.73063,0.0
255,2022-09-13 02:00:00,61.39,67.48,58.33,59.1,1440002.977,2022-09-14 01:59:59.999,90766822.31519,280867.0,711755.826,44927861.75547,0.0
256,2022-09-14 02:00:00,59.09,61.18,58.13,60.18,753407.479,2022-09-15 01:59:59.999,44848265.28046,122177.0,381435.781,22705039.09057,0.0
257,2022-09-15 02:00:00,60.16,60.83,55.83,56.34,696696.515,2022-09-16 01:59:59.999,40837299.32831,129960.0,324118.678,19026018.04692,0.0
258,2022-09-16 02:00:00,56.35,56.97,54.61,55.95,469333.524,2022-09-17 01:59:59.999,26127651.01759,91697.0,232912.19,12973569.72328,0.0
259,2022-09-17 02:00:00,55.93,58.44,55.81,57.83,314150.499,2022-09-18 01:59:59.999,17927875.18908,61119.0,155913.555,8899105.29264,0.0
260,2022-09-18 02:00:00,57.84,57.85,52.22,52.63,524264.696,2022-09-19 01:59:59.999,28856238.71952,90399.0,238936.564,13197435.07378,0.0
261,2022-09-19 02:00:00,52.64,53.74,50.01,52.91,1189979.555,2022-09-20 01:59:59.999,61397224.76723,142877.0,647670.77,33406478.95893,0.0
262,2022-09-20 02:00:00,52.89,53.85,50.86,52.3,740261.769,2022-09-21 01:59:59.999,38632164.10796,111434.0,343679.188,17945429.69585,0.0
263,2022-09-21 02:00:00,52.32,55.52,50.23,51.09,948476.557,2022-09-22 01:59:59.999,50052403.29521,155096.0,440641.077,23289274.03135,0.0
264,2022-09-22 02:00:00,51.09,54.09,50.62,53.57,615045.097,2022-09-23 01:59:59.999,32429645.86798,92850.0,265509.684,14001146.37898,0.0
265,2022-09-23 02:00:00,53.58,55.34,51.4,55.22,628774.838,2022-09-24 01:59:59.999,33580742.80596,121354.0,284682.851,15215229.46389,0.0
266,2022-09-24 02:00:00,55.23,55.96,53.18,53.43,477670.635,2022-09-25 01:59:59.999,26207341.09239,87032.0,215227.659,11817075.57185,0.0
267,2022-09-25 02:00:00,53.43,54.41,52.22,52.53,388583.254,2022-09-26 01:59:59.999,20814276.09859,72305.0,170477.327,9136917.36488,0.0
268,2022-09-26 02:00:00,52.53,53.73,51.87,53.44,462703.227,2022-09-27 01:59:59.999,24480626.4128,88567.0,213358.63,11290310.04973,0.0
269,2022-09-27 02:00:00,53.44,55.66,51.8,52.65,594149.312,2022-09-28 01:59:59.999,32145284.26958,104843.0,278728.55,15100092.90312,0.0
270,2022-09-28 02:00:00,52.65,53.83,51.0,53.29,486979.887,2022-09-29 01:59:59.999,25619554.12634,81299.0,221270.136,11646323.11388,0.0
271,2022-09-29 02:00:00,53.29,54.16,52.24,53.96,415487.402,2022-09-30 01:59:59.999,22167911.86002,73792.0,194666.181,10391991.75336,0.0
272,2022-09-30 02:00:00,53.97,55.1,52.86,53.48,417555.874,2022-10-01 01:59:59.999,22495933.39666,77007.0,191855.061,10339890.16632,0.0
273,2022-10-01 02:00:00,53.49,53.83,52.44,52.92,227981.29,2022-10-02 01:59:59.999,12117062.24449,42062.0,110613.568,5879337.36855,0.0
274,2022-10-02 02:00:00,52.91,53.46,51.67,51.82,245935.517,2022-10-03 01:59:59.999,12948675.75777,46888.0,116326.633,6126743.98164,0.0
275,2022-10-03 02:00:00,51.82,54.34,51.5,54.17,377561.929,2022-10-04 01:59:59.999,20068797.70362,63929.0,192472.754,10241395.10845,0.0
276,2022-10-04 02:00:00,54.16,55.73,53.88,55.28,379502.091,2022-10-05 01:59:59.999,20777199.36465,67882.0,179905.33,9851896.57649,0.0
277,2022-10-05 02:00:00,55.28,55.3,53.3,54.63,340455.979,2022-10-06 01:59:59.999,18501751.91346,61158.0,163072.665,8863884.47632,0.0
278,2022-10-06 02:00:00,54.62,55.05,53.34,53.53,389720.238,2022-10-07 01:59:59.999,21184168.46566,59235.0,167202.177,9092497.95574,0.0
279,2022-10-07 02:00:00,53.53,53.85,52.27,52.83,353877.822,2022-10-08 01:59:59.999,18777932.34219,61259.0,160134.909,8499970.34352,0.0
280,2022-10-08 02:00:00,52.84,53.55,52.38,52.79,244809.681,2022-10-09 01:59:59.999,12993143.75171,43450.0,113742.731,6038657.10178,0.0
281,2022-10-09 02:00:00,52.79,53.99,52.69,53.9,197759.856,2022-10-10 01:59:59.999,10572903.41459,40369.0,89848.161,4803890.03675,0.0
282,2022-10-10 02:00:00,53.89,54.46,52.5,52.63,393032.725,2022-10-11 01:59:59.999,21037333.44591,66449.0,174503.637,9340712.30659,0.0
283,2022-10-11 02:00:00,52.64,52.64,51.27,52.03,325528.77,2022-10-12 01:59:59.999,16895144.05641,61044.0,152565.931,7919588.39923,0.0
284,2022-10-12 02:00:00,52.02,52.98,51.6,52.23,355312.415,2022-10-13 01:59:59.999,18570604.5566,61223.0,172978.409,9042781.33339,0.0
285,2022-10-13 02:00:00,52.22,52.5,48.32,51.1,598879.562,2022-10-14 01:59:59.999,30158953.4841,103526.0,274797.63,13826666.53717,0.0
286,2022-10-14 02:00:00,51.09,52.57,50.9,51.31,320840.529,2022-10-15 01:59:59.999,16601632.27741,60191.0,145957.773,7551819.36965,0.0
287,2022-10-15 02:00:00,51.3,51.67,50.26,50.39,230281.317,2022-10-16 01:59:59.999,11783736.31315,42816.0,115646.846,5919330.86433,0.0
288,2022-10-16 02:00:00,50.39,51.81,50.26,51.43,231209.546,2022-10-17 01:59:59.999,11782623.50401,43226.0,104920.808,5347539.64348,0.0
289,2022-10-17 02:00:00,51.43,52.16,51.05,51.82,219445.145,2022-10-18 01:59:59.999,11322493.59096,42683.0,101132.03,5218782.30743,0.0
290,2022-10-18 02:00:00,51.85,52.2,50.75,51.86,267297.77,2022-10-19 01:59:59.999,13804589.74951,51349.0,124901.12,6455005.26228,0.0
291,2022-10-19 02:00:00,51.86,52.02,50.76,50.94,232758.435,2022-10-20 01:59:59.999,11963739.08882,44794.0,98604.261,5070360.08472,0.0
292,2022-10-20 02:00:00,50.94,52.1,50.56,51.22,271491.392,2022-10-21 01:59:59.999,13955073.83601,48749.0,127066.835,6540420.43611,0.0
293,2022-10-21 02:00:00,51.22,51.81,49.54,51.63,305760.951,2022-10-22 01:59:59.999,15579404.56313,54010.0,150858.666,7690002.47341,0.0
294,2022-10-22 02:00:00,51.64,52.48,51.37,52.18,187151.435,2022-10-23 01:59:59.999,9731702.8815,36038.0,87269.535,4538281.28855,0.0
295,2022-10-23 02:00:00,52.18,54.05,51.82,54.03,251178.625,2022-10-24 01:59:59.999,13251565.37262,46249.0,117661.903,6215045.88835,0.0
296,2022-10-24 02:00:00,54.04,54.2,52.11,52.54,349594.941,2022-10-25 01:59:59.999,18548388.45521,55294.0,151796.514,8049287.97574,0.0
297,2022-10-25 02:00:00,52.54,56.8,52.28,55.92,560410.004,2022-10-26 01:59:59.999,30524081.20292,84801.0,269147.688,14654437.42699,0.0
298,2022-10-26 02:00:00,55.92,57.62,55.66,56.39,516629.568,2022-10-27 01:59:59.999,29225133.81142,86633.0,247318.395,13993766.17979,0.0
299,2022-10-27 02:00:00,56.38,56.69,54.5,54.75,429463.431,2022-10-28 01:59:59.999,23965971.53197,74936.0,203054.241,11337214.8382,0.0
300,2022-10-28 02:00:00,54.75,55.56,53.5,54.92,434316.144,2022-10-29 01:59:59.999,23729128.40408,70362.0,200572.854,10959484.42026,0.0
301,2022-10-29 02:00:00,54.92,57.61,54.64,56.6,551803.761,2022-10-30 01:59:59.999,30951671.10746,89417.0,270505.606,15176331.71786,0.0
302,2022-10-30 02:00:00,56.59,57.5,54.72,55.35,375670.757,2022-10-31 00:59:59.999,21075103.02663,73708.0,177410.223,9952030.46084,0.0
303,2022-10-31 01:00:00,55.36,56.42,54.0,55.01,474531.793,2022-11-01 00:59:59.999,26156590.80902,80149.0,226914.757,12516984.01678,0.0
304,2022-11-01 01:00:00,55.02,55.93,54.5,55.1,350582.944,2022-11-02 00:59:59.999,19343322.10121,62519.0,178604.184,9859625.23784,0.0
305,2022-11-02 01:00:00,55.1,62.94,54.7,60.95,2104437.286,2022-11-03 00:59:59.999,125864033.92167,348428.0,979097.108,58678142.51803,0.0
306,2022-11-03 01:00:00,60.95,64.74,60.1,61.84,1374836.407,2022-11-04 00:59:59.999,85826851.70229,230290.0,667913.083,41676054.68954,0.0
307,2022-11-04 01:00:00,61.84,70.47,61.66,67.58,1439948.154,2022-11-05 00:59:59.999,95352396.66474,260829.0,729335.425,48288950.7445,0.0
308,2022-11-05 01:00:00,67.59,71.92,67.11,69.23,1110640.601,2022-11-06 00:59:59.999,76974841.23305,212636.0,551624.173,38262336.79231,0.0
309,2022-11-06 01:00:00,69.26,71.08,67.53,68.26,805404.064,2022-11-07 00:59:59.999,55732283.77114,139978.0,388054.324,26875578.65245,0.0
310,2022-11-07 01:00:00,68.26,73.36,66.21,67.42,1392881.038,2022-11-08 00:59:59.999,97553176.5658,264047.0,715491.606,50109846.16489,0.0
311,2022-11-08 01:00:00,67.42,68.88,54.04,57.82,2190119.395,2022-11-09 00:59:59.999,136790759.40356,394191.0,1054581.059,65732385.48101,0.0
312,2022-11-09 01:00:00,57.79,59.79,47.6,50.68,2103687.619,2022-11-10 00:59:59.999,116485851.92216,374504.0,999112.005,55390962.46262,0.0
313,2022-11-10 01:00:00,50.69,61.33,49.57,60.56,2070234.582,2022-11-11 00:59:59.999,116761704.96302,378559.0,1039507.384,58654947.57383,0.0
314,2022-11-11 01:00:00,60.56,64.42,58.51,61.49,1920110.08,2022-11-12 00:59:59.999,118115179.05046,397868.0,954782.874,58785599.24999,0.0
315,2022-11-12 01:00:00,61.47,61.75,58.14,59.94,768579.231,2022-11-13 00:59:59.999,46082912.60741,157930.0,395107.731,23691770.20728,0.0
316,2022-11-13 01:00:00,59.96,60.35,56.23,57.37,585950.814,2022-11-14 00:59:59.999,34033655.9706,127386.0,283531.567,16465296.82905,0.0
317,2022-11-14 01:00:00,57.37,59.31,53.24,56.7,1455419.171,2022-11-15 00:59:59.999,82185719.11058,262578.0,731676.428,41439822.31286,0.0
318,2022-11-15 01:00:00,56.7,59.54,56.48,58.01,785891.462,2022-11-16 00:59:59.999,45705108.59897,149537.0,399412.716,23224459.20703,0.0
319,2022-11-16 01:00:00,58.0,60.19,56.72,57.49,708710.343,2022-11-17 00:59:59.999,41244956.97154,122411.0,348959.172,20314250.23122,0.0
320,2022-11-17 01:00:00,57.49,63.34,57.01,62.59,1125276.943,2022-11-18 00:59:59.999,67453513.35738,204123.0,578331.838,34673950.19823,0.0
321,2022-11-18 01:00:00,62.59,64.0,61.58,62.62,820500.727,2022-11-19 00:59:59.999,51452758.05586,149341.0,409490.992,25679252.55128,0.0
322,2022-11-19 01:00:00,62.63,64.61,61.33,63.98,585835.654,2022-11-20 00:59:59.999,37005933.74984,113779.0,289985.738,18324841.25128,0.0
323,2022-11-20 01:00:00,63.98,64.86,60.37,62.12,738121.307,2022-11-21 00:59:59.999,46027037.98962,140289.0,367232.23,22885196.86994,0.0
324,2022-11-21 01:00:00,62.12,63.91,59.25,61.31,1219683.801,2022-11-22 00:59:59.999,74706968.95695,245028.0,601081.115,36843031.73427,0.0
325,2022-11-22 01:00:00,61.34,71.32,61.07,70.66,2212093.045,2022-11-23 00:59:59.999,147647329.05305,391299.0,1161784.352,77510012.9434,0.0
326,2022-11-23 01:00:00,70.65,83.66,69.61,79.02,3062621.766,2022-11-24 00:59:59.999,239395906.97567,670619.0,1550029.408,121255290.00602,0.0
327,2022-11-24 01:00:00,79.01,79.52,75.11,78.66,1698054.062,2022-11-25 00:59:59.999,131745920.20286,357887.0,839935.947,65226639.1766,0.0
328,2022-11-25 01:00:00,78.68,79.9,73.13,74.1,1546973.408,2022-11-26 00:59:59.999,117160282.05969,300419.0,719915.68,54550994.34848,0.0
329,2022-11-26 01:00:00,74.1,79.65,73.89,76.47,1274051.02,2022-11-27 00:59:59.999,97978807.04717,245820.0,641616.749,49344077.80417,0.0
330,2022-11-27 01:00:00,76.48,79.32,74.15,74.92,994997.591,2022-11-28 00:59:59.999,76520279.26534,198235.0,469692.22,36135628.05901,0.0
331,2022-11-28 01:00:00,74.92,75.34,70.53,73.97,1474228.831,2022-11-29 00:59:59.999,107099579.65837,288065.0,691105.978,50184854.23901,0.0
332,2022-11-29 01:00:00,73.96,77.98,73.4,75.8,1214848.559,2022-11-30 00:59:59.999,92539919.10222,242197.0,588986.854,44876453.98281,0.0
333,2022-11-30 01:00:00,75.81,80.88,75.42,79.16,1108600.292,2022-12-01 00:59:59.999,86824139.27326,223902.0,512880.664,40185723.78329,0.0
334,2022-12-01 01:00:00,79.15,80.66,76.27,77.57,968244.356,2022-12-02 00:59:59.999,75078194.9218,192022.0,457557.26,35496415.40821,0.0
335,2022-12-02 01:00:00,77.57,78.09,75.34,77.94,582041.35,2022-12-03 00:59:59.999,44535496.33869,116810.0,283582.82,21700331.04489,0.0
336,2022-12-03 01:00:00,77.93,78.13,75.44,76.47,432581.631,2022-12-04 00:59:59.999,33184179.42764,83212.0,214576.199,16462259.99097,0.0
337,2022-12-04 01:00:00,76.44,77.51,75.79,77.07,390998.288,2022-12-05 00:59:59.999,29941348.3907,79156.0,190693.429,14608093.60585,0.0
338,2022-12-05 01:00:00,77.07,85.0,76.82,80.19,1698312.839,2022-12-06 00:59:59.999,138967234.88258,311756.0,843245.391,69007286.09063,0.0
339,2022-12-06 01:00:00,80.19,81.77,77.67,79.88,802781.092,2022-12-07 00:59:59.999,63974100.72864,160764.0,409829.044,32655588.57223,0.0
340,2022-12-07 01:00:00,79.9,80.4,75.5,76.89,864677.814,2022-12-08 00:59:59.999,66937673.33037,168406.0,395784.851,30662842.7213,0.0
341,2022-12-08 01:00:00,76.9,78.75,74.5,78.27,911785.771,2022-12-09 00:59:59.999,69325421.15784,168785.0,429376.222,32687022.84552,0.0
342,2022-12-09 01:00:00,78.26,78.85,75.84,76.31,621921.168,2022-12-10 00:59:59.999,48170407.45153,138918.0,284205.244,22019654.20605,0.0
343,2022-12-10 01:00:00,76.31,77.46,75.64,76.36,301184.283,2022-12-11 00:59:59.999,23040682.95376,66263.0,154605.036,11827570.97756,0.0
344,2022-12-11 01:00:00,76.36,78.42,76.28,76.5,348230.246,2022-12-12 00:59:59.999,26945682.59966,71753.0,183076.696,14171823.39958,0.0
345,2022-12-12 01:00:00,76.51,76.71,73.49,76.23,656093.652,2022-12-13 00:59:59.999,49149470.1673,132644.0,327774.269,24563424.22202,0.0
346,2022-12-13 01:00:00,76.22,79.84,73.96,77.39,1018153.938,2022-12-14 00:59:59.999,78425946.99692,178035.0,500833.627,38593049.44201,0.0
347,2022-12-14 01:00:00,77.4,79.11,74.2,75.3,911912.129,2022-12-15 00:59:59.999,70476912.24804,155344.0,440506.927,34038005.51155,0.0
348,2022-12-15 01:00:00,75.29,75.47,71.7,72.42,598856.974,2022-12-16 00:59:59.999,44307204.1275,112407.0,276057.414,20436000.95252,0.0
349,2022-12-16 01:00:00,72.43,73.56,65.0,66.25,1160661.942,2022-12-17 00:59:59.999,79989922.68757,211507.0,553128.051,38123399.91951,0.0
350,2022-12-17 01:00:00,66.24,67.7,62.51,64.89,1344619.107,2022-12-18 00:59:59.999,87139779.83289,218779.0,647675.388,41974717.09437,0.0
351,2022-12-18 01:00:00,64.89,65.96,63.03,64.37,639108.584,2022-12-19 00:59:59.999,41159074.26006,112020.0,296767.434,19116192.80858,0.0
352,2022-12-19 01:00:00,64.39,65.02,61.04,63.37,866072.922,2022-12-20 00:59:59.999,54533366.64635,148472.0,382451.32,24086312.47264,0.0
353,2022-12-20 01:00:00,63.36,66.35,63.08,65.55,850764.015,2022-12-21 00:59:59.999,55306034.40385,134341.0,417705.878,27151576.15996,0.0
354,2022-12-21 01:00:00,65.56,66.84,64.61,65.4,573283.433,2022-12-22 00:59:59.999,37620986.70303,108182.0,263950.501,17323533.01866,0.0
355,2022-12-22 01:00:00,65.4,66.7,64.24,66.21,505782.811,2022-12-23 00:59:59.999,33144792.66329,92641.0,237328.355,15559921.45312,0.0
356,2022-12-23 01:00:00,66.21,66.72,64.91,65.75,387146.613,2022-12-24 00:59:59.999,25491817.35804,78038.0,184970.656,12182785.79764,0.0
357,2022-12-24 01:00:00,65.75,66.05,65.06,65.76,218820.376,2022-12-25 00:59:59.999,14353903.70536,48053.0,106932.636,7016640.95861,0.0
358,2022-12-25 01:00:00,65.77,69.72,65.3,69.15,563485.616,2022-12-26 00:59:59.999,37959432.03772,96070.0,291180.305,19610773.34778,0.0
359,2022-12-26 01:00:00,69.15,71.83,68.58,70.78,724746.003,2022-12-27 00:59:59.999,50669109.87661,130049.0,354005.411,24751388.19174,0.0
360,2022-12-27 01:00:00,70.77,71.14,67.77,68.67,688534.199,2022-12-28 00:59:59.999,47966765.82708,121144.0,309027.144,21543870.23921,0.0
361,2022-12-28 01:00:00,68.68,69.48,65.69,66.32,693169.686,2022-12-29 00:59:59.999,46844615.70904,138152.0,325901.73,22031680.46939,0.0
362,2022-12-29 01:00:00,66.32,67.3,65.57,66.66,498307.656,2022-12-30 00:59:59.999,33115669.5203,103768.0,230927.881,15350328.40541,0.0
363,2022-12-30 01:00:00,66.66,68.72,66.04,67.94,476504.755,2022-12-31 00:59:59.999,32039487.78496,89092.0,238929.043,16069524.77141,0.0
