,OpenTime,MATIC-USD_Open,MATIC-USD_High,MATIC-USD_Low,MATIC-USD_Close,MATIC-USD_volume,CloseTime,MATIC-QuoteAssetVolume,MATIC-NumberOfTrades,MATIC-TBBAV,MATIC-TBQAV,MATIC-ignore
0,2022-01-01 01:00:00,2.524,2.605,2.502,2.572,51305956.1,2022-01-02 00:59:59.999,131097147.8654,280260.0,25630199.3,65505994.1565,0.0
1,2022-01-02 01:00:00,2.572,2.59,2.496,2.55,49037033.7,2022-01-03 00:59:59.999,124377674.5418,207816.0,23816099.2,60443631.9407,0.0
2,2022-01-03 01:00:00,2.55,2.552,2.361,2.432,65676503.5,2022-01-04 00:59:59.999,161778141.9744,306028.0,31452426.5,77478612.4332,0.0
3,2022-01-04 01:00:00,2.434,2.508,2.352,2.365,75096431.9,2022-01-05 00:59:59.999,182892650.0835,369192.0,35574132.2,86700016.6312,0.0
4,2022-01-05 01:00:00,2.366,2.452,2.02,2.182,116397377.1,2022-01-06 00:59:59.999,264804541.4657,561202.0,53031589.5,120824976.1567,0.0
5,2022-01-06 01:00:00,2.182,2.3,2.068,2.251,119331816.3,2022-01-07 00:59:59.999,259085533.8823,544706.0,58068257.5,126152799.2161,0.0
6,2022-01-07 01:00:00,2.251,2.266,2.042,2.053,119757574.2,2022-01-08 00:59:59.999,254895011.6821,541861.0,57477696.6,122335957.9469,0.0
7,2022-01-08 01:00:00,2.054,2.145,1.9,1.985,82923797.9,2022-01-09 00:59:59.999,167644714.8186,359121.0,39840166.0,80560129.2391,0.0
8,2022-01-09 01:00:00,1.984,2.169,1.96,2.114,65727897.0,2022-01-10 00:59:59.999,135305006.166,286950.0,31543460.8,64953031.5825,0.0
9,2022-01-10 01:00:00,2.114,2.149,1.919,2.071,105243094.3,2022-01-11 00:59:59.999,214051182.3974,447916.0,51459209.4,104671415.7785,0.0
10,2022-01-11 01:00:00,2.072,2.373,2.046,2.36,133945252.3,2022-01-12 00:59:59.999,299455676.8309,614124.0,68295546.2,152677046.2514,0.0
11,2022-01-12 01:00:00,2.361,2.449,2.305,2.398,105446906.5,2022-01-13 00:59:59.999,249034763.2087,544906.0,54836836.6,129613740.891,0.0
12,2022-01-13 01:00:00,2.397,2.441,2.24,2.265,96342184.4,2022-01-14 00:59:59.999,226402907.2935,504164.0,46782539.0,110055630.8577,0.0
13,2022-01-14 01:00:00,2.264,2.351,2.168,2.334,81154863.5,2022-01-15 00:59:59.999,184074507.9739,368529.0,39466820.6,89575056.9331,0.0
14,2022-01-15 01:00:00,2.334,2.398,2.295,2.346,54115900.4,2022-01-16 00:59:59.999,127414017.3063,289132.0,27747514.2,65347955.7536,0.0
15,2022-01-16 01:00:00,2.346,2.373,2.282,2.332,49800594.2,2022-01-17 00:59:59.999,115869595.8344,239436.0,24485449.3,56995151.7676,0.0
16,2022-01-17 01:00:00,2.332,2.452,2.163,2.219,114289288.7,2022-01-18 00:59:59.999,265763269.9908,592925.0,57904465.4,134764868.4228,0.0
17,2022-01-18 01:00:00,2.219,2.245,2.056,2.121,110374557.1,2022-01-19 00:59:59.999,236804044.2324,413640.0,52844081.2,113578199.4807,0.0
18,2022-01-19 01:00:00,2.121,2.143,2.013,2.03,92522186.7,2022-01-20 00:59:59.999,192206020.097,348139.0,44937609.6,93423585.8956,0.0
19,2022-01-20 01:00:00,2.03,2.194,1.951,1.96,91995626.7,2022-01-21 00:59:59.999,192004602.5625,366706.0,45318160.0,94622739.2778,0.0
20,2022-01-21 01:00:00,1.959,2.026,1.64,1.699,203319818.1,2022-01-22 00:59:59.999,373938339.6528,702240.0,100088538.3,184348699.1998,0.0
21,2022-01-22 01:00:00,1.698,1.756,1.396,1.536,257211366.6,2022-01-23 00:59:59.999,400754989.567,651068.0,125317500.3,195268013.1144,0.0
22,2022-01-23 01:00:00,1.537,1.67,1.509,1.617,124415371.7,2022-01-24 00:59:59.999,197308890.4989,348627.0,62651948.5,99356802.7159,0.0
23,2022-01-24 01:00:00,1.617,1.617,1.306,1.506,226249382.0,2022-01-25 00:59:59.999,320777352.3694,539349.0,111306769.6,157456960.3446,0.0
24,2022-01-25 01:00:00,1.506,1.611,1.41,1.559,134168952.6,2022-01-26 00:59:59.999,200816467.3062,384960.0,66075609.6,98920364.9328,0.0
25,2022-01-26 01:00:00,1.558,1.822,1.525,1.59,207512832.0,2022-01-27 00:59:59.999,343969788.0074,662240.0,102255831.8,169143437.0495,0.0
26,2022-01-27 01:00:00,1.589,1.668,1.496,1.589,135671959.5,2022-01-28 00:59:59.999,214492059.1195,415751.0,67550287.4,106780547.0665,0.0
27,2022-01-28 01:00:00,1.589,1.702,1.563,1.673,113781512.2,2022-01-29 00:59:59.999,186260518.7519,382391.0,57170402.6,93610028.5977,0.0
28,2022-01-29 01:00:00,1.673,1.74,1.649,1.696,59414339.5,2022-01-30 00:59:59.999,101047242.7168,240072.0,28546145.8,48567869.5924,0.0
29,2022-01-30 01:00:00,1.697,1.709,1.576,1.604,60973806.8,2022-01-31 00:59:59.999,99978189.4367,213529.0,30100260.8,49407661.4959,0.0
30,2022-01-31 01:00:00,1.604,1.652,1.523,1.641,67978844.0,2022-02-01 00:59:59.999,107807686.4361,227972.0,34521057.5,54775351.7178,0.0
31,2022-02-01 01:00:00,1.642,1.679,1.613,1.647,65117122.0,2022-02-02 00:59:59.999,107209047.1717,250932.0,33452574.4,55065273.2728,0.0
32,2022-02-02 01:00:00,1.647,1.665,1.521,1.538,59423987.6,2022-02-03 00:59:59.999,94785223.3568,226406.0,28628541.8,45686903.3545,0.0
33,2022-02-03 01:00:00,1.539,1.562,1.475,1.556,62800626.4,2022-02-04 00:59:59.999,95206576.1674,208880.0,30305223.1,45955400.5025,0.0
34,2022-02-04 01:00:00,1.556,1.696,1.535,1.694,72339034.2,2022-02-05 00:59:59.999,116747423.8831,259124.0,37251133.0,60130280.1721,0.0
35,2022-02-05 01:00:00,1.694,1.758,1.673,1.711,64562494.1,2022-02-06 00:59:59.999,111044679.6526,271875.0,32697070.9,56238967.8455,0.0
36,2022-02-06 01:00:00,1.711,1.754,1.666,1.738,46183793.8,2022-02-07 00:59:59.999,79126698.5035,191708.0,23309094.3,39968540.2716,0.0
37,2022-02-07 01:00:00,1.738,2.1,1.698,2.018,171047453.1,2022-02-08 00:59:59.999,327696751.0774,791275.0,87442193.2,167627376.4538,0.0
38,2022-02-08 01:00:00,2.018,2.048,1.859,1.941,132565496.2,2022-02-09 00:59:59.999,258391627.7998,551598.0,64630531.4,125955800.6087,0.0
39,2022-02-09 01:00:00,1.942,2.06,1.889,2.037,92733530.6,2022-02-10 00:59:59.999,183681820.1451,368224.0,45595722.1,90301636.6256,0.0
40,2022-02-10 01:00:00,2.037,2.101,1.87,1.896,127157847.1,2022-02-11 00:59:59.999,250743109.1648,540875.0,62904818.8,124180280.0424,0.0
41,2022-02-11 01:00:00,1.895,1.899,1.675,1.716,116727590.6,2022-02-12 00:59:59.999,211277231.4098,367080.0,57068136.2,103434050.7898,0.0
42,2022-02-12 01:00:00,1.715,1.765,1.641,1.701,66680406.3,2022-02-13 00:59:59.999,113239383.8018,226075.0,34136287.4,58010840.6191,0.0
43,2022-02-13 01:00:00,1.702,1.724,1.643,1.659,39312030.0,2022-02-14 00:59:59.999,66443749.3079,130943.0,19019663.8,32167646.7276,0.0
44,2022-02-14 01:00:00,1.659,1.679,1.594,1.656,68720224.6,2022-02-15 00:59:59.999,112205537.6222,209721.0,33752771.6,55148765.0721,0.0
45,2022-02-15 01:00:00,1.656,1.879,1.652,1.871,79165758.4,2022-02-16 00:59:59.999,140546416.1564,309088.0,40838858.1,72447380.9552,0.0
46,2022-02-16 01:00:00,1.871,1.878,1.731,1.836,79187974.4,2022-02-17 00:59:59.999,143526425.8652,305550.0,37427925.8,67881281.9101,0.0
47,2022-02-17 01:00:00,1.836,1.864,1.646,1.661,77223017.1,2022-02-18 00:59:59.999,135097933.0461,326340.0,35750664.0,62562554.8249,0.0
48,2022-02-18 01:00:00,1.661,1.713,1.581,1.593,72127998.5,2022-02-19 00:59:59.999,118592270.091,225736.0,35139373.0,57789759.6943,0.0
49,2022-02-19 01:00:00,1.592,1.643,1.558,1.632,43942448.1,2022-02-20 00:59:59.999,70575805.5566,159313.0,22934055.2,36853373.6159,0.0
50,2022-02-20 01:00:00,1.633,1.636,1.492,1.512,69747934.7,2022-02-21 00:59:59.999,107741186.9308,186872.0,29920789.7,46078869.0706,0.0
51,2022-02-21 01:00:00,1.511,1.615,1.4,1.405,135844993.9,2022-02-22 00:59:59.999,205801397.4814,304334.0,67012350.6,101591214.5109,0.0
52,2022-02-22 01:00:00,1.404,1.475,1.345,1.462,114722815.6,2022-02-23 00:59:59.999,162179882.8648,235769.0,58320266.4,82523105.113,0.0
53,2022-02-23 01:00:00,1.462,1.595,1.432,1.436,117998438.6,2022-02-24 00:59:59.999,179395820.8372,273132.0,57194670.6,86964856.0665,0.0
54,2022-02-24 01:00:00,1.436,1.515,1.245,1.441,272876939.5,2022-02-25 00:59:59.999,367906659.5139,510363.0,136494189.3,184024425.337,0.0
55,2022-02-25 01:00:00,1.44,1.575,1.403,1.551,124723235.9,2022-02-26 00:59:59.999,184584973.9512,280329.0,65156669.8,96470685.8467,0.0
56,2022-02-26 01:00:00,1.55,1.595,1.503,1.516,70500809.8,2022-02-27 00:59:59.999,108699862.0571,165130.0,35586317.7,54885631.3752,0.0
57,2022-02-27 01:00:00,1.517,1.547,1.422,1.453,84362806.0,2022-02-28 00:59:59.999,124895915.2868,200801.0,41633677.0,61683280.8732,0.0
58,2022-02-28 01:00:00,1.453,1.618,1.422,1.614,89337683.7,2022-03-01 00:59:59.999,135244621.7815,251249.0,47001691.4,71182862.1551,0.0
59,2022-03-01 01:00:00,1.613,1.664,1.554,1.621,112875726.8,2022-03-02 00:59:59.999,181565593.3901,302963.0,56721488.8,91288142.6016,0.0
60,2022-03-02 01:00:00,1.621,1.699,1.582,1.637,106926527.0,2022-03-03 00:59:59.999,175620449.2354,307594.0,53788649.8,88412583.6382,0.0
61,2022-03-03 01:00:00,1.636,1.652,1.544,1.586,75342727.8,2022-03-04 00:59:59.999,120342787.4757,198155.0,37413451.7,59785057.7287,0.0
62,2022-03-04 01:00:00,1.585,1.587,1.452,1.478,77638012.4,2022-03-05 00:59:59.999,118152251.5778,201426.0,37516386.9,57120970.3015,0.0
63,2022-03-05 01:00:00,1.477,1.516,1.448,1.508,41939605.6,2022-03-06 00:59:59.999,62302818.6671,107629.0,20423138.4,30357882.1104,0.0
64,2022-03-06 01:00:00,1.508,1.519,1.431,1.435,44816887.7,2022-03-07 00:59:59.999,66014445.713,113735.0,21649809.1,31905686.2409,0.0
65,2022-03-07 01:00:00,1.435,1.496,1.369,1.411,85656899.3,2022-03-08 00:59:59.999,122316853.0312,205694.0,43269000.9,61809961.9177,0.0
66,2022-03-08 01:00:00,1.41,1.475,1.403,1.447,67592015.3,2022-03-09 00:59:59.999,97801065.1481,161319.0,34460313.4,49872045.4073,0.0
67,2022-03-09 01:00:00,1.446,1.545,1.444,1.505,76279564.0,2022-03-10 00:59:59.999,115180647.1103,187631.0,39031978.7,58938645.5456,0.0
68,2022-03-10 01:00:00,1.505,1.511,1.4,1.437,76047008.1,2022-03-11 00:59:59.999,109256272.6365,192962.0,37998259.8,54590155.0537,0.0
69,2022-03-11 01:00:00,1.436,1.473,1.403,1.404,64984054.5,2022-03-12 00:59:59.999,93035431.9854,145362.0,32752266.7,46899663.5643,0.0
70,2022-03-12 01:00:00,1.405,1.435,1.394,1.396,33504349.3,2022-03-13 00:59:59.999,47381803.6254,76970.0,16761917.3,23704154.4305,0.0
71,2022-03-13 01:00:00,1.397,1.421,1.352,1.36,30337041.0,2022-03-14 00:59:59.999,42303197.6572,84571.0,14581580.7,20342829.5022,0.0
72,2022-03-14 01:00:00,1.361,1.394,1.329,1.379,52468420.4,2022-03-15 00:59:59.999,71481919.3487,134769.0,25841537.7,35217559.8024,0.0
73,2022-03-15 01:00:00,1.379,1.41,1.33,1.378,40716252.8,2022-03-16 00:59:59.999,55685294.7183,114810.0,20524736.3,28085705.5146,0.0
74,2022-03-16 01:00:00,1.378,1.471,1.355,1.467,68598098.2,2022-03-17 00:59:59.999,96302335.8127,180772.0,34995277.7,49172919.0434,0.0
75,2022-03-17 01:00:00,1.468,1.499,1.437,1.446,47442509.1,2022-03-18 00:59:59.999,69308064.0111,125926.0,22978262.2,33574338.9411,0.0
76,2022-03-18 01:00:00,1.447,1.51,1.417,1.497,47850822.3,2022-03-19 00:59:59.999,69551652.9262,133593.0,23992567.8,34923672.1862,0.0
77,2022-03-19 01:00:00,1.497,1.542,1.497,1.529,39958797.6,2022-03-20 00:59:59.999,60761493.6104,129563.0,19559164.8,29753894.7684,0.0
78,2022-03-20 01:00:00,1.53,1.537,1.458,1.465,30710783.6,2022-03-21 00:59:59.999,45773851.0884,97352.0,14309205.8,21337889.0828,0.0
79,2022-03-21 01:00:00,1.466,1.498,1.442,1.465,39193447.1,2022-03-22 00:59:59.999,57580052.0502,103702.0,19136385.8,28125026.5174,0.0
80,2022-03-22 01:00:00,1.465,1.534,1.458,1.506,49106145.2,2022-03-23 00:59:59.999,73992373.5187,131261.0,25012345.8,37689848.7995,0.0
81,2022-03-23 01:00:00,1.507,1.559,1.492,1.556,44521965.5,2022-03-24 00:59:59.999,67874143.6481,138352.0,23088345.6,35221779.5133,0.0
82,2022-03-24 01:00:00,1.556,1.637,1.544,1.629,63085734.6,2022-03-25 00:59:59.999,100684756.3115,210920.0,32407739.8,51710625.1573,0.0
83,2022-03-25 01:00:00,1.63,1.664,1.563,1.578,56585178.3,2022-03-26 00:59:59.999,91717943.6236,191719.0,27091351.6,43953177.7021,0.0
84,2022-03-26 01:00:00,1.579,1.616,1.567,1.611,22458476.1,2022-03-27 00:59:59.999,35767475.4433,72648.0,11620084.5,18515647.1838,0.0
85,2022-03-27 01:00:00,1.612,1.695,1.602,1.695,38088458.8,2022-03-28 01:59:59.999,62647759.3517,147266.0,20267535.6,33351835.6869,0.0
86,2022-03-28 02:00:00,1.695,1.745,1.649,1.657,60874912.8,2022-03-29 01:59:59.999,103893773.1644,249355.0,33116052.0,56523945.4994,0.0
87,2022-03-29 02:00:00,1.657,1.737,1.634,1.675,55407333.3,2022-03-30 01:59:59.999,93975549.7553,191342.0,26260634.6,44546767.2415,0.0
88,2022-03-30 02:00:00,1.675,1.727,1.627,1.682,59119929.3,2022-03-31 01:59:59.999,99503275.1437,194421.0,30433149.7,51259633.8045,0.0
89,2022-03-31 02:00:00,1.682,1.75,1.608,1.618,70232470.8,2022-04-01 01:59:59.999,118169847.2491,245390.0,35166162.7,59218583.6755,0.0
90,2022-04-01 02:00:00,1.617,1.712,1.559,1.695,63365270.9,2022-04-02 01:59:59.999,104102060.0079,207367.0,33223705.9,54599644.8833,0.0
91,2022-04-02 02:00:00,1.695,1.729,1.646,1.653,55583003.2,2022-04-03 01:59:59.999,94277846.0615,181492.0,26378320.2,44735649.1795,0.0
92,2022-04-03 02:00:00,1.653,1.713,1.632,1.688,36786552.8,2022-04-04 01:59:59.999,61728276.6938,136241.0,18745211.2,31462646.7194,0.0
93,2022-04-04 02:00:00,1.687,1.689,1.606,1.648,43208078.2,2022-04-05 01:59:59.999,71340229.3073,148960.0,20988650.0,34662747.2375,0.0
94,2022-04-05 02:00:00,1.647,1.676,1.587,1.592,37581796.0,2022-04-06 01:59:59.999,61227667.9351,126787.0,18328592.6,29879985.6325,0.0
95,2022-04-06 02:00:00,1.593,1.593,1.453,1.457,70018240.2,2022-04-07 01:59:59.999,107004048.0287,230473.0,34476855.1,52687318.1648,0.0
96,2022-04-07 02:00:00,1.458,1.52,1.437,1.511,46712069.4,2022-04-08 01:59:59.999,69178264.052,135766.0,22718103.6,33635434.3504,0.0
97,2022-04-08 02:00:00,1.511,1.527,1.423,1.434,41686592.7,2022-04-09 01:59:59.999,62065759.7553,120355.0,19586018.0,29169668.1634,0.0
98,2022-04-09 02:00:00,1.434,1.468,1.426,1.463,21720943.1,2022-04-10 01:59:59.999,31467937.4368,64074.0,11646692.1,16879440.6185,0.0
99,2022-04-10 02:00:00,1.463,1.49,1.419,1.427,19402659.4,2022-04-11 01:59:59.999,28313425.1674,69332.0,9456536.1,13809188.7944,0.0
100,2022-04-11 02:00:00,1.427,1.44,1.313,1.334,51505755.2,2022-04-12 01:59:59.999,70694203.2178,154234.0,25261624.4,34667261.8607,0.0
101,2022-04-12 02:00:00,1.334,1.475,1.326,1.394,64754216.8,2022-04-13 01:59:59.999,90793144.1795,181824.0,32571390.0,45643736.0475,0.0
102,2022-04-13 02:00:00,1.394,1.438,1.365,1.42,42580666.7,2022-04-14 01:59:59.999,60077054.3713,120024.0,21866097.1,30856860.5644,0.0
103,2022-04-14 02:00:00,1.42,1.444,1.352,1.374,36971813.3,2022-04-15 01:59:59.999,51521315.921,101742.0,18106356.8,25248682.071,0.0
104,2022-04-15 02:00:00,1.374,1.399,1.366,1.398,20365967.4,2022-04-16 01:59:59.999,28239956.3968,61179.0,10640599.1,14756680.2167,0.0
105,2022-04-16 02:00:00,1.398,1.403,1.365,1.388,15800872.8,2022-04-17 01:59:59.999,21902116.6498,50852.0,7982522.3,11065872.63,0.0
106,2022-04-17 02:00:00,1.388,1.39,1.332,1.337,20188054.4,2022-04-18 01:59:59.999,27665464.0913,61509.0,9964590.8,13657668.2399,0.0
107,2022-04-18 02:00:00,1.336,1.426,1.293,1.418,62938926.6,2022-04-19 01:59:59.999,85279697.0123,164800.0,31789870.7,43137529.3567,0.0
108,2022-04-19 02:00:00,1.418,1.45,1.393,1.427,45777866.8,2022-04-20 01:59:59.999,65011396.4748,125666.0,22990043.1,32652819.3544,0.0
109,2022-04-20 02:00:00,1.427,1.466,1.396,1.417,50063787.8,2022-04-21 01:59:59.999,71783547.7646,128363.0,24522066.9,35172108.3712,0.0
110,2022-04-21 02:00:00,1.417,1.468,1.358,1.378,52021660.2,2022-04-22 01:59:59.999,74154515.1651,138974.0,25938164.0,36971892.2815,0.0
111,2022-04-22 02:00:00,1.377,1.506,1.371,1.398,130745946.0,2022-04-23 01:59:59.999,189115931.4101,304808.0,64788934.0,93768279.7303,0.0
112,2022-04-23 02:00:00,1.397,1.412,1.343,1.362,42684882.1,2022-04-24 01:59:59.999,58770038.4596,107764.0,19370012.6,26681677.705,0.0
113,2022-04-24 02:00:00,1.363,1.375,1.332,1.343,27580279.1,2022-04-25 01:59:59.999,37286208.49,68763.0,13613459.6,18399700.8779,0.0
114,2022-04-25 02:00:00,1.343,1.356,1.263,1.353,61468472.3,2022-04-26 01:59:59.999,80180660.8861,146221.0,29716464.6,38777664.9364,0.0
115,2022-04-26 02:00:00,1.353,1.362,1.224,1.244,51779339.1,2022-04-27 01:59:59.999,66810539.4127,131555.0,24771570.7,31957596.7814,0.0
116,2022-04-27 02:00:00,1.244,1.292,1.235,1.257,40904675.4,2022-04-28 01:59:59.999,51622614.8362,91003.0,20343985.6,25673897.694,0.0
117,2022-04-28 02:00:00,1.257,1.28,1.226,1.237,45259868.3,2022-04-29 01:59:59.999,56660663.9847,100505.0,22709482.6,28432318.3646,0.0
118,2022-04-29 02:00:00,1.238,1.246,1.127,1.14,73403513.3,2022-04-30 01:59:59.999,86724659.5493,133082.0,36955499.9,43620884.4103,0.0
119,2022-04-30 02:00:00,1.141,1.166,1.011,1.032,67942141.7,2022-05-01 01:59:59.999,74539161.394068,132767.0,33426074.1,36693260.3865,0.0
120,2022-05-01 02:00:00,1.033,1.124,1.014,1.099,83369235.4,2022-05-02 01:59:59.999,89760871.3249,162378.0,42333793.3,45643333.7428,0.0
121,2022-05-02 02:00:00,1.099,1.121,1.036,1.077,73093982.3,2022-05-03 01:59:59.999,79121152.6797,139994.0,37180062.6,40258323.7226,0.0
122,2022-05-03 02:00:00,1.077,1.117,1.054,1.076,53733584.2,2022-05-04 01:59:59.999,58565136.1942,87943.0,27885605.4,30408255.5182,0.0
123,2022-05-04 02:00:00,1.077,1.174,1.07,1.173,77380068.2,2022-05-05 01:59:59.999,86537431.8118,122605.0,39970979.2,44698311.5343,0.0
124,2022-05-05 02:00:00,1.173,1.187,1.029,1.064,86554618.8,2022-05-06 01:59:59.999,95327757.3036,153343.0,41165556.0,45367211.2708,0.0
125,2022-05-06 02:00:00,1.065,1.077,1.011,1.043,88663343.3,2022-05-07 01:59:59.999,92812372.7427,130418.0,42567223.1,44549623.9313,0.0
126,2022-05-07 02:00:00,1.043,1.067,0.992,1.019,66643246.5,2022-05-08 01:59:59.999,69038334.669904,102190.0,32447703.4,33634049.4359,0.0
127,2022-05-08 02:00:00,1.02,1.03,0.96,0.977,61694844.0,2022-05-09 01:59:59.999,60980198.940414,113736.0,28735354.0,28415761.136,0.0
128,2022-05-09 02:00:00,0.977,0.992,0.788,0.81,142192703.4,2022-05-10 01:59:59.999,124714130.677373,224379.0,69950810.4,61287789.746816,0.0
129,2022-05-10 02:00:00,0.81,0.99,0.79,0.889,272210112.0,2022-05-11 01:59:59.999,246387187.9669,373612.0,138146993.9,125161697.8774,0.0
130,2022-05-11 02:00:00,0.889,0.912,0.602,0.675,401657138.8,2022-05-12 01:59:59.999,311074858.843609,590504.0,189505497.0,146579711.5846,0.0
131,2022-05-12 02:00:00,0.676,0.718,0.501,0.6,330454002.9,2022-05-13 01:59:59.999,196071124.370607,424753.0,160165120.4,95064701.5223,0.0
132,2022-05-13 02:00:00,0.601,0.753,0.59,0.667,231738849.1,2022-05-14 01:59:59.999,160157111.4968,272209.0,116670912.1,80589938.5842,0.0
133,2022-05-14 02:00:00,0.667,0.712,0.615,0.686,131101411.8,2022-05-15 01:59:59.999,86686991.5334,156804.0,66356429.0,43877238.8421,0.0
134,2022-05-15 02:00:00,0.685,0.744,0.656,0.742,101688983.5,2022-05-16 01:59:59.999,70178363.7259,129381.0,51479023.7,35553587.608,0.0
135,2022-05-16 02:00:00,0.743,0.743,0.658,0.677,133481571.8,2022-05-17 01:59:59.999,91808945.6781,154335.0,66218703.6,45546979.0674,0.0
136,2022-05-17 02:00:00,0.678,0.736,0.674,0.726,114713520.1,2022-05-18 01:59:59.999,80824456.39,137882.0,57735718.4,40683686.3324,0.0
137,2022-05-18 02:00:00,0.727,0.738,0.623,0.626,100406529.9,2022-05-19 01:59:59.999,67356669.3625,125846.0,49098410.4,32908592.5817,0.0
138,2022-05-19 02:00:00,0.626,0.674,0.609,0.659,107205341.4,2022-05-20 01:59:59.999,68573350.0552,122352.0,53317084.4,34102833.5161,0.0
139,2022-05-20 02:00:00,0.659,0.68,0.617,0.634,76951665.1,2022-05-21 01:59:59.999,49890493.3654,93338.0,38024527.0,24687673.0127,0.0
140,2022-05-21 02:00:00,0.634,0.66,0.621,0.65,35782020.1,2022-05-22 01:59:59.999,22984384.2677,53578.0,17805517.9,11439331.0409,0.0
141,2022-05-22 02:00:00,0.65,0.683,0.64,0.676,45693696.3,2022-05-23 01:59:59.999,30263396.7093,59706.0,23574320.2,15619370.0855,0.0
142,2022-05-23 02:00:00,0.676,0.701,0.635,0.641,87343768.4,2022-05-24 01:59:59.999,59127785.8404,104005.0,43471856.2,29481415.4673,0.0
143,2022-05-24 02:00:00,0.642,0.669,0.611,0.663,75641116.0,2022-05-25 01:59:59.999,48328186.54,87041.0,36555106.1,23371806.1017,0.0
144,2022-05-25 02:00:00,0.664,0.674,0.628,0.646,67784409.4,2022-05-26 01:59:59.999,43923726.2168,78224.0,31184121.2,20216186.1297,0.0
145,2022-05-26 02:00:00,0.645,0.661,0.576,0.598,121100003.7,2022-05-27 01:59:59.999,74551441.0543,129737.0,58188351.1,35853962.9956,0.0
146,2022-05-27 02:00:00,0.598,0.611,0.564,0.574,97233765.3,2022-05-28 01:59:59.999,56892613.8977,114782.0,47978379.2,28087321.22,0.0
147,2022-05-28 02:00:00,0.574,0.597,0.568,0.588,46464580.8,2022-05-29 01:59:59.999,27136842.2494,52602.0,22742277.0,13282990.662,0.0
148,2022-05-29 02:00:00,0.588,0.602,0.574,0.6,45902271.0,2022-05-30 01:59:59.999,27024438.3395,49649.0,22144937.7,13041823.748,0.0
149,2022-05-30 02:00:00,0.599,0.661,0.595,0.658,86675025.6,2022-05-31 01:59:59.999,54923779.9093,95848.0,41162117.3,26090649.0429,0.0
150,2022-05-31 02:00:00,0.657,0.684,0.643,0.663,96486653.0,2022-06-01 01:59:59.999,63868709.5746,114486.0,49665854.6,32886388.7218,0.0
151,2022-06-01 02:00:00,0.662,0.671,0.585,0.6,92155393.9,2022-06-02 01:59:59.999,58036692.6676,102364.0,43707836.7,27506920.8504,0.0
152,2022-06-02 02:00:00,0.6,0.622,0.591,0.62,55084190.6,2022-06-03 01:59:59.999,33294187.4856,65391.0,27563410.9,16665882.7704,0.0
153,2022-06-03 02:00:00,0.62,0.621,0.576,0.589,38172169.4,2022-06-04 01:59:59.999,22653419.3494,52061.0,18340028.5,10885898.0639,0.0
154,2022-06-04 02:00:00,0.589,0.601,0.576,0.596,22906167.9,2022-06-05 01:59:59.999,13534544.8721,35125.0,12219460.3,7220762.5457,0.0
155,2022-06-05 02:00:00,0.596,0.607,0.584,0.598,24801520.7,2022-06-06 01:59:59.999,14745185.0236,33077.0,12943020.1,7701394.0395,0.0
156,2022-06-06 02:00:00,0.598,0.656,0.595,0.633,72763913.4,2022-06-07 01:59:59.999,46291459.065,88415.0,39256053.2,24982436.8316,0.0
157,2022-06-07 02:00:00,0.632,0.634,0.583,0.617,61113363.7,2022-06-08 01:59:59.999,36929254.3587,76962.0,29934181.2,18089986.5956,0.0
158,2022-06-08 02:00:00,0.618,0.633,0.601,0.606,52731186.4,2022-06-09 01:59:59.999,32355851.153,66320.0,25764487.7,15817364.0514,0.0
159,2022-06-09 02:00:00,0.607,0.652,0.602,0.634,47864999.0,2022-06-10 01:59:59.999,30095235.2572,65718.0,23249030.0,14622169.6827,0.0
160,2022-06-10 02:00:00,0.634,0.663,0.59,0.594,84427247.7,2022-06-11 01:59:59.999,52795041.731,102926.0,42201683.6,26428108.8097,0.0
161,2022-06-11 02:00:00,0.594,0.607,0.531,0.54,66207911.0,2022-06-12 01:59:59.999,37383833.643,86128.0,31447384.5,17769408.5529,0.0
162,2022-06-12 02:00:00,0.541,0.547,0.496,0.497,86742685.9,2022-06-13 01:59:59.999,45119047.752376,99373.0,40837440.8,21246169.9282,0.0
163,2022-06-13 02:00:00,0.496,0.504,0.404,0.43,197124489.8,2022-06-14 01:59:59.999,86655354.787753,195527.0,95873381.8,42147037.4128,0.0
164,2022-06-14 02:00:00,0.431,0.454,0.396,0.415,158226148.4,2022-06-15 01:59:59.999,67277439.562099,160756.0,75580693.0,32173840.2493,0.0
165,2022-06-15 02:00:00,0.415,0.441,0.363,0.44,176633425.2,2022-06-16 01:59:59.999,69159792.652746,182684.0,82995162.2,32669508.0244,0.0
166,2022-06-16 02:00:00,0.439,0.446,0.375,0.384,97621973.2,2022-06-17 01:59:59.999,39353203.4737,96223.0,48404625.5,19522698.9852,0.0
167,2022-06-17 02:00:00,0.383,0.409,0.378,0.399,55750718.0,2022-06-18 01:59:59.999,22093052.2978,57913.0,28539581.9,11312114.8311,0.0
168,2022-06-18 02:00:00,0.4,0.408,0.316,0.346,138954523.7,2022-06-19 01:59:59.999,49525769.420384,119658.0,65338715.1,23271740.7096,0.0
169,2022-06-19 02:00:00,0.346,0.385,0.327,0.384,112312742.8,2022-06-20 01:59:59.999,39550390.2744,99575.0,57517243.9,20267240.5848,0.0
170,2022-06-20 02:00:00,0.384,0.411,0.359,0.4,114184332.3,2022-06-21 01:59:59.999,44466812.3621,104544.0,58984990.3,22991487.6863,0.0
171,2022-06-21 02:00:00,0.4,0.455,0.392,0.42,150058307.5,2022-06-22 01:59:59.999,64570144.5278,128693.0,72266989.3,31091502.9875,0.0
172,2022-06-22 02:00:00,0.42,0.472,0.394,0.455,156352169.3,2022-06-23 01:59:59.999,67666970.4848,151358.0,78859264.1,34143344.1963,0.0
173,2022-06-23 02:00:00,0.456,0.574,0.455,0.562,334375172.2,2022-06-24 01:59:59.999,171316930.8414,336961.0,172692053.6,88268540.1986,0.0
174,2022-06-24 02:00:00,0.562,0.631,0.562,0.607,247314217.9,2022-06-25 01:59:59.999,147654377.5611,283826.0,123853830.1,74003593.3618,0.0
175,2022-06-25 02:00:00,0.607,0.627,0.566,0.601,130443259.3,2022-06-26 01:59:59.999,77921716.4726,174410.0,64049291.9,38291373.9573,0.0
176,2022-06-26 02:00:00,0.601,0.627,0.556,0.559,99737778.1,2022-06-27 01:59:59.999,59186344.4163,134298.0,49382222.7,29327602.5133,0.0
177,2022-06-27 02:00:00,0.559,0.597,0.52,0.532,146468480.2,2022-06-28 01:59:59.999,81487665.7357,142966.0,73638975.2,40994404.3946,0.0
178,2022-06-28 02:00:00,0.532,0.575,0.504,0.5107,227581109.8,2022-06-29 01:59:59.999,120823795.51794,259299.0,112036717.9,59454442.87855,0.0
179,2022-06-29 02:00:00,0.5108,0.5465,0.4851,0.4974,372676557.3,2022-06-30 01:59:59.999,192177708.71653,423546.0,184456125.0,95140852.9356,0.0
180,2022-06-30 02:00:00,0.4975,0.4978,0.418,0.4808,412893672.1,2022-07-01 01:59:59.999,187518199.76218,431976.0,205162473.7,93154097.00649,0.0
181,2022-07-01 02:00:00,0.4808,0.4982,0.4496,0.4621,296499618.2,2022-07-02 01:59:59.999,140719600.79108,328379.0,148686339.4,70549965.01971,0.0
182,2022-07-02 02:00:00,0.4621,0.4963,0.4486,0.493,183222500.6,2022-07-03 01:59:59.999,85850458.48002,180390.0,91563323.0,42909116.66424,0.0
183,2022-07-03 02:00:00,0.4931,0.4942,0.4491,0.4621,170900076.3,2022-07-04 01:59:59.999,80454806.79457,200466.0,85517929.3,40267711.22111,0.0
184,2022-07-04 02:00:00,0.4621,0.4953,0.4513,0.4918,166121678.0,2022-07-05 01:59:59.999,78184587.05269,189049.0,83822802.5,39470732.05046,0.0
185,2022-07-05 02:00:00,0.4917,0.5355,0.4857,0.5127,335931980.8,2022-07-06 01:59:59.999,171920866.82535,412806.0,170009772.2,87022890.04288,0.0
186,2022-07-06 02:00:00,0.5127,0.5308,0.4929,0.5257,242883092.8,2022-07-07 01:59:59.999,124897854.23826,303334.0,119640573.9,61538924.80419,0.0
187,2022-07-07 02:00:00,0.5256,0.573,0.5113,0.5628,185981194.0,2022-07-08 01:59:59.999,100966097.79446,249378.0,92324228.6,50108033.2082,0.0
188,2022-07-08 02:00:00,0.563,0.6199,0.5554,0.6059,273623248.2,2022-07-09 01:59:59.999,159227520.28273,432974.0,137913810.6,80245089.26465,0.0
189,2022-07-09 02:00:00,0.6058,0.6119,0.5822,0.5899,100052940.6,2022-07-10 01:59:59.999,59471019.92621,178698.0,49044083.4,29150538.96387,0.0
190,2022-07-10 02:00:00,0.5899,0.5902,0.5526,0.5717,85080378.2,2022-07-11 01:59:59.999,48608939.47257,154374.0,41388144.3,23652199.95135,0.0
191,2022-07-11 02:00:00,0.5717,0.5984,0.5363,0.563,168479902.2,2022-07-12 01:59:59.999,95385324.26201,312769.0,81462759.9,46180690.69085,0.0
192,2022-07-12 02:00:00,0.563,0.5934,0.5345,0.5362,183829595.0,2022-07-13 01:59:59.999,104807125.86082,342561.0,92139510.2,52561041.17255,0.0
193,2022-07-13 02:00:00,0.5362,0.6454,0.5203,0.6389,254696666.1,2022-07-14 01:59:59.999,144699512.72263,444235.0,126338901.8,71873682.00468,0.0
194,2022-07-14 02:00:00,0.6391,0.719,0.6129,0.7096,371814316.7,2022-07-15 01:59:59.999,243456273.48287,709188.0,189292657.6,124081231.52945,0.0
195,2022-07-15 02:00:00,0.7096,0.735,0.677,0.7037,231240627.9,2022-07-16 01:59:59.999,162301427.67107,453950.0,111295983.4,78152174.82603,0.0
196,2022-07-16 02:00:00,0.7034,0.7443,0.6825,0.7292,129325811.6,2022-07-17 01:59:59.999,92480110.23415,249207.0,64411603.9,46098525.20898,0.0
197,2022-07-17 02:00:00,0.7292,0.79,0.7187,0.7529,155085808.8,2022-07-18 01:59:59.999,118077971.39904,315931.0,77514414.4,59012044.4038,0.0
198,2022-07-18 02:00:00,0.7529,0.9849,0.745,0.9583,385575448.9,2022-07-19 01:59:59.999,345839133.03676,883684.0,196662770.9,176406317.75366,0.0
199,2022-07-19 02:00:00,0.9587,0.98,0.8832,0.9255,259104558.4,2022-07-20 01:59:59.999,238807081.12739,627631.0,126943653.9,117095263.25846,0.0
200,2022-07-20 02:00:00,0.9254,0.9534,0.8108,0.8318,238403566.3,2022-07-21 01:59:59.999,212017695.41889,552301.0,115602009.3,102832659.66977,0.0
201,2022-07-21 02:00:00,0.8318,0.9289,0.7966,0.9057,242710579.0,2022-07-22 01:59:59.999,210937746.819,538109.0,120513980.9,104853638.64148,0.0
202,2022-07-22 02:00:00,0.9057,0.935,0.845,0.8508,161751526.1,2022-07-23 01:59:59.999,144230596.90405,394096.0,79085601.2,70595523.45884,0.0
203,2022-07-23 02:00:00,0.8507,0.8891,0.814,0.8712,100257262.1,2022-07-24 01:59:59.999,85093060.63921,241681.0,48621583.9,41273755.3023,0.0
204,2022-07-24 02:00:00,0.8712,0.9092,0.8459,0.8795,102480809.3,2022-07-25 01:59:59.999,89912586.23383,249876.0,51313768.1,45023022.93742,0.0
205,2022-07-25 02:00:00,0.8794,0.8849,0.7677,0.7703,145057895.3,2022-07-26 01:59:59.999,119903483.45084,330730.0,72092445.3,59597965.55162,0.0
206,2022-07-26 02:00:00,0.7703,0.7849,0.7221,0.7833,154988735.0,2022-07-27 01:59:59.999,116698567.22685,327371.0,77333820.9,58222558.79848,0.0
207,2022-07-27 02:00:00,0.7833,0.8987,0.762,0.8968,199984258.7,2022-07-28 01:59:59.999,165866260.96866,455367.0,103381484.6,85719647.651,0.0
208,2022-07-28 02:00:00,0.8966,0.975,0.8448,0.9339,236707802.1,2022-07-29 01:59:59.999,214645558.55582,543258.0,116714712.7,105916524.86024,0.0
209,2022-07-29 02:00:00,0.934,0.9931,0.9045,0.9387,183513393.1,2022-07-30 01:59:59.999,174367921.46818,464552.0,91585665.3,87068391.34761,0.0
210,2022-07-30 02:00:00,0.9388,0.9838,0.9133,0.9309,106413447.5,2022-07-31 01:59:59.999,100833072.77511,275994.0,53266000.5,50484963.17297,0.0
211,2022-07-31 02:00:00,0.931,1.0197,0.9107,0.9279,139366466.4,2022-08-01 01:59:59.999,133495719.11202,362912.0,69234309.9,66365061.38294,0.0
212,2022-08-01 02:00:00,0.9277,0.9468,0.8777,0.8914,102473447.0,2022-08-02 01:59:59.999,93332676.55915,265266.0,50921688.0,46396441.59771,0.0
213,2022-08-02 02:00:00,0.8914,0.9064,0.848,0.8768,107527361.2,2022-08-03 01:59:59.999,94019856.63419,269258.0,51880718.2,45397170.7199,0.0
214,2022-08-03 02:00:00,0.8767,0.926,0.8564,0.8883,76434171.5,2022-08-04 01:59:59.999,68742559.84679,225139.0,37748828.6,33957910.38285,0.0
215,2022-08-04 02:00:00,0.8883,0.9121,0.8753,0.8915,56731489.7,2022-08-05 01:59:59.999,50662343.20831,177767.0,26935717.1,24053684.62293,0.0
216,2022-08-05 02:00:00,0.8915,0.9379,0.889,0.928,70273119.4,2022-08-06 01:59:59.999,64398405.74391,202894.0,35253754.1,32316576.37975,0.0
217,2022-08-06 02:00:00,0.9278,0.9417,0.9024,0.9076,43833487.9,2022-08-07 01:59:59.999,40507609.21789,128460.0,20834408.8,19266942.27817,0.0
218,2022-08-07 02:00:00,0.9078,0.925,0.8923,0.907,33628213.0,2022-08-08 01:59:59.999,30604731.17666,97152.0,16286062.8,14821649.11655,0.0
219,2022-08-08 02:00:00,0.907,0.9519,0.9047,0.9218,71561793.0,2022-08-09 01:59:59.999,66594130.53479,187416.0,36747095.6,34196282.64688,0.0
220,2022-08-09 02:00:00,0.9219,0.9311,0.8688,0.8908,54242401.2,2022-08-10 01:59:59.999,48864331.11455,146832.0,26063350.0,23499437.69351,0.0
221,2022-08-10 02:00:00,0.8908,0.941,0.8706,0.9381,72354681.1,2022-08-11 01:59:59.999,66248369.54975,206751.0,37542019.2,34397210.2797,0.0
222,2022-08-11 02:00:00,0.9382,0.9562,0.9154,0.9211,61842165.8,2022-08-12 01:59:59.999,57990414.38113,189581.0,31451971.4,29501029.71051,0.0
223,2022-08-12 02:00:00,0.921,0.9352,0.9056,0.9344,37271224.2,2022-08-13 01:59:59.999,34333855.82704,115088.0,17438482.4,16073640.35554,0.0
224,2022-08-13 02:00:00,0.9345,1.0342,0.9291,1.0256,141368074.5,2022-08-14 01:59:59.999,140972717.14597,396064.0,73256934.9,73040204.17019,0.0
225,2022-08-14 02:00:00,1.0256,1.0545,0.9856,1.0005,78877164.7,2022-08-15 01:59:59.999,80430512.12108,282602.0,38664251.6,39442997.79612,0.0
226,2022-08-15 02:00:00,1.0004,1.0343,0.9315,0.9505,83213360.7,2022-08-16 01:59:59.999,80951849.18403,252055.0,42471053.5,41332226.76471,0.0
227,2022-08-16 02:00:00,0.9505,0.9681,0.9239,0.9343,57048653.0,2022-08-17 01:59:59.999,53926224.99189,168512.0,27410604.4,25915342.84511,0.0
228,2022-08-17 02:00:00,0.9344,0.9642,0.8771,0.8848,77598129.4,2022-08-18 01:59:59.999,71142548.08048,225096.0,36682528.5,33597946.77754,0.0
229,2022-08-18 02:00:00,0.8848,0.9101,0.8545,0.857,68345203.7,2022-08-19 01:59:59.999,60800111.71691,174054.0,35190212.7,31304699.86,0.0
230,2022-08-19 02:00:00,0.8571,0.8581,0.7634,0.7695,137111673.1,2022-08-20 01:59:59.999,109513746.6255,347556.0,66641372.8,53238952.73052,0.0
231,2022-08-20 02:00:00,0.7696,0.8169,0.7582,0.7863,84249101.2,2022-08-21 01:59:59.999,66504388.3069,215501.0,41355262.1,32653267.27918,0.0
232,2022-08-21 02:00:00,0.7862,0.83,0.7784,0.8205,64321326.0,2022-08-22 01:59:59.999,51783650.46859,169093.0,33219133.8,26751338.21228,0.0
233,2022-08-22 02:00:00,0.8206,0.8229,0.7685,0.8099,67647891.8,2022-08-23 01:59:59.999,53671558.01167,193056.0,32978897.2,26168616.73382,0.0
234,2022-08-23 02:00:00,0.81,0.8369,0.7912,0.8322,62552984.7,2022-08-24 01:59:59.999,51090466.5037,163612.0,32819124.3,26813011.96511,0.0
235,2022-08-24 02:00:00,0.8322,0.84,0.8022,0.8136,52393901.7,2022-08-25 01:59:59.999,42949526.77086,144850.0,25848466.2,21190932.95699,0.0
236,2022-08-25 02:00:00,0.8136,0.8323,0.8048,0.8183,43571146.1,2022-08-26 01:59:59.999,35684531.51941,129902.0,20370424.4,16689074.00628,0.0
237,2022-08-26 02:00:00,0.8182,0.8471,0.7535,0.7651,119906082.3,2022-08-27 01:59:59.999,96001351.42714,281406.0,58661775.0,46954991.67899,0.0
238,2022-08-27 02:00:00,0.765,0.815,0.7556,0.8049,88047062.7,2022-08-28 01:59:59.999,69473746.98244,219475.0,44638646.6,35215132.78737,0.0
239,2022-08-28 02:00:00,0.8049,0.834,0.7771,0.7824,76338584.1,2022-08-29 01:59:59.999,62018176.19172,200269.0,37627727.0,30559023.35771,0.0
240,2022-08-29 02:00:00,0.7827,0.8211,0.7617,0.8168,102998979.9,2022-08-30 01:59:59.999,81763154.68603,253410.0,48681732.7,38599191.58344,0.0
241,2022-08-30 02:00:00,0.8165,0.8441,0.7827,0.8153,85386455.6,2022-08-31 01:59:59.999,69640191.08685,204794.0,43733889.7,35681588.36105,0.0
242,2022-08-31 02:00:00,0.8153,0.8567,0.8153,0.8323,80353318.7,2022-09-01 01:59:59.999,66928748.85478,214619.0,42434665.4,35337595.64522,0.0
243,2022-09-01 02:00:00,0.8322,0.8956,0.8218,0.8844,108922083.8,2022-09-02 01:59:59.999,92848142.79035,269589.0,55467217.3,47326002.10346,0.0
244,2022-09-02 02:00:00,0.8844,0.9136,0.8627,0.8719,91872437.5,2022-09-03 01:59:59.999,81541758.70542,225002.0,45593720.5,40466356.55676,0.0
245,2022-09-03 02:00:00,0.872,0.8903,0.8665,0.889,42944128.2,2022-09-04 01:59:59.999,37707804.64416,111468.0,20256756.3,17787633.86465,0.0
246,2022-09-04 02:00:00,0.8889,0.8989,0.8718,0.8951,38935337.9,2022-09-05 01:59:59.999,34451560.19908,109200.0,19747122.5,17474854.45933,0.0
247,2022-09-05 02:00:00,0.895,0.9034,0.862,0.8819,44151340.3,2022-09-06 01:59:59.999,38781040.01225,109307.0,21415320.6,18810597.2355,0.0
248,2022-09-06 02:00:00,0.882,0.924,0.8112,0.8157,118115918.3,2022-09-07 01:59:59.999,102927279.72122,253106.0,58092824.4,50654342.14682,0.0
249,2022-09-07 02:00:00,0.8156,0.8513,0.7913,0.8404,74934469.5,2022-09-08 01:59:59.999,61253641.83122,168654.0,36734468.8,30033458.0709,0.0
250,2022-09-08 02:00:00,0.8405,0.8499,0.8157,0.8448,55903954.3,2022-09-09 01:59:59.999,46657445.60446,136224.0,27628254.0,23063312.28451,0.0
251,2022-09-09 02:00:00,0.8449,0.901,0.8421,0.8905,71296589.8,2022-09-10 01:59:59.999,62738367.78249,175307.0,36061155.0,31726655.315,0.0
252,2022-09-10 02:00:00,0.8905,0.912,0.8779,0.906,58175444.0,2022-09-11 01:59:59.999,51994210.08095,151895.0,29575900.5,26436160.34164,0.0
253,2022-09-11 02:00:00,0.9057,0.9179,0.8757,0.8934,36101767.7,2022-09-12 01:59:59.999,32341304.47381,103177.0,18219563.8,16329748.89225,0.0
254,2022-09-12 02:00:00,0.8934,0.9404,0.8717,0.9301,102118481.7,2022-09-13 01:59:59.999,93200538.44075,271807.0,52053632.9,47491403.49623,0.0
255,2022-09-13 02:00:00,0.9301,0.9436,0.8389,0.8461,120684228.2,2022-09-14 01:59:59.999,107593345.62798,305391.0,60595270.7,54067640.57377,0.0
256,2022-09-14 02:00:00,0.846,0.8682,0.8302,0.8645,59338753.1,2022-09-15 01:59:59.999,50573516.80836,149172.0,28846586.8,24582616.85117,0.0
257,2022-09-15 02:00:00,0.8646,0.8761,0.8175,0.8251,72521132.7,2022-09-16 01:59:59.999,61277913.72155,186030.0,36301039.7,30672596.97453,0.0
258,2022-09-16 02:00:00,0.8252,0.8313,0.7873,0.8069,52889683.6,2022-09-17 01:59:59.999,42776715.43352,142528.0,26695955.0,21594388.38406,0.0
259,2022-09-17 02:00:00,0.8068,0.8311,0.8049,0.8279,27039758.3,2022-09-18 01:59:59.999,22105313.19655,66821.0,12831834.1,10492694.27839,0.0
260,2022-09-18 02:00:00,0.828,0.8367,0.75,0.7533,64802222.7,2022-09-19 01:59:59.999,51932252.56498,145785.0,30334802.0,24295611.72547,0.0
261,2022-09-19 02:00:00,0.7533,0.7754,0.7248,0.7655,73085404.0,2022-09-20 01:59:59.999,54821951.52659,179668.0,35556547.6,26653485.99955,0.0
262,2022-09-20 02:00:00,0.7653,0.7692,0.73,0.7333,48949348.2,2022-09-21 01:59:59.999,36651726.31034,109759.0,23937384.9,17923152.97857,0.0
263,2022-09-21 02:00:00,0.7333,0.778,0.6901,0.7007,95101361.4,2022-09-22 01:59:59.999,69705588.86644,218083.0,47305254.3,34686660.18394,0.0
264,2022-09-22 02:00:00,0.7006,0.7628,0.7003,0.7521,70671776.6,2022-09-23 01:59:59.999,52268747.86924,146806.0,35784843.5,26483786.54961,0.0
265,2022-09-23 02:00:00,0.7523,0.7855,0.7228,0.7784,84151419.4,2022-09-24 01:59:59.999,63177624.97537,173950.0,41718496.5,31336156.90686,0.0
266,2022-09-24 02:00:00,0.7784,0.7824,0.75,0.7527,42348151.6,2022-09-25 01:59:59.999,32588484.5922,92391.0,20728374.9,15950780.12148,0.0
267,2022-09-25 02:00:00,0.7528,0.7671,0.731,0.7397,37385050.3,2022-09-26 01:59:59.999,28122616.59885,82484.0,18771084.4,14122445.20901,0.0
268,2022-09-26 02:00:00,0.7395,0.7616,0.7262,0.7557,66516406.6,2022-09-27 01:59:59.999,49571658.45858,140893.0,33195156.0,24741297.97749,0.0
269,2022-09-27 02:00:00,0.7557,0.7937,0.7261,0.7389,99429969.0,2022-09-28 01:59:59.999,76024934.68091,181056.0,49559198.8,37836012.73073,0.0
270,2022-09-28 02:00:00,0.739,0.7549,0.712,0.7473,55942554.1,2022-09-29 01:59:59.999,41115362.67441,117617.0,27116867.4,19937792.39415,0.0
271,2022-09-29 02:00:00,0.7473,0.7648,0.7311,0.7631,59553845.5,2022-09-30 01:59:59.999,44545926.96782,110870.0,28662161.3,21442820.00171,0.0
272,2022-09-30 02:00:00,0.7635,0.7897,0.7605,0.7778,74769580.5,2022-10-01 01:59:59.999,57971958.08167,142495.0,36871302.4,28592717.28624,0.0
273,2022-10-01 02:00:00,0.7781,0.7813,0.7593,0.767,25219685.5,2022-10-02 01:59:59.999,19442983.89553,53974.0,11494550.0,8862082.69043,0.0
274,2022-10-02 02:00:00,0.7669,0.7838,0.7611,0.7631,36168037.1,2022-10-03 01:59:59.999,27919950.85221,70344.0,17358916.6,13400951.05207,0.0
275,2022-10-03 02:00:00,0.7632,0.8073,0.7544,0.8002,64369980.3,2022-10-04 01:59:59.999,50463164.61171,117450.0,32531446.8,25502661.92986,0.0
276,2022-10-04 02:00:00,0.8002,0.8437,0.7999,0.8351,69927621.7,2022-10-05 01:59:59.999,57871672.90308,130581.0,36946174.7,30585841.27049,0.0
277,2022-10-05 02:00:00,0.8351,0.8607,0.8209,0.8512,71309080.5,2022-10-06 01:59:59.999,59855646.51876,132095.0,35659481.9,29933215.52097,0.0
278,2022-10-06 02:00:00,0.8512,0.8596,0.8303,0.8336,56063871.0,2022-10-07 01:59:59.999,47326051.97601,101241.0,27972891.7,23610731.18,0.0
279,2022-10-07 02:00:00,0.8335,0.8482,0.8186,0.8315,43204613.6,2022-10-08 01:59:59.999,36126776.05471,88529.0,22089308.3,18473959.6919,0.0
280,2022-10-08 02:00:00,0.8314,0.835,0.8081,0.8144,22349110.0,2022-10-09 01:59:59.999,18336713.47901,47179.0,10690499.9,8772179.34438,0.0
281,2022-10-09 02:00:00,0.8144,0.8299,0.808,0.8255,22036160.2,2022-10-10 01:59:59.999,18092252.52006,43695.0,10892594.7,8941656.21952,0.0
282,2022-10-10 02:00:00,0.8255,0.8431,0.8116,0.8136,52677506.3,2022-10-11 01:59:59.999,43767935.13103,98118.0,27057905.5,22489985.41504,0.0
283,2022-10-11 02:00:00,0.8136,0.8136,0.7845,0.7909,47553455.4,2022-10-12 01:59:59.999,38034777.67489,93930.0,23594702.2,18871907.43251,0.0
284,2022-10-12 02:00:00,0.7909,0.8018,0.7819,0.7829,25450425.7,2022-10-13 01:59:59.999,20160912.25043,59487.0,12578354.7,9964751.38866,0.0
285,2022-10-13 02:00:00,0.7827,0.7875,0.7156,0.775,70217913.9,2022-10-14 01:59:59.999,52764022.02755,168725.0,34011542.0,25555938.5556,0.0
286,2022-10-14 02:00:00,0.7748,0.8228,0.7747,0.7933,56700990.9,2022-10-15 01:59:59.999,45514763.05958,138600.0,28764185.4,23087463.12235,0.0
287,2022-10-15 02:00:00,0.7933,0.81,0.7859,0.7892,27921576.1,2022-10-16 01:59:59.999,22271252.08863,80660.0,13296315.8,10608672.15334,0.0
288,2022-10-16 02:00:00,0.7892,0.8099,0.7881,0.7984,21642765.8,2022-10-17 01:59:59.999,17273966.70842,60394.0,11282071.7,9004281.98599,0.0
289,2022-10-17 02:00:00,0.7983,0.85,0.7958,0.8482,49566523.7,2022-10-18 01:59:59.999,41055443.32148,125170.0,25192956.4,20878144.01655,0.0
290,2022-10-18 02:00:00,0.8483,0.8814,0.8357,0.8642,98636927.7,2022-10-19 01:59:59.999,84786951.97127,221246.0,50623168.3,43474503.81203,0.0
291,2022-10-19 02:00:00,0.864,0.8812,0.8398,0.8445,69116601.3,2022-10-20 01:59:59.999,59716273.42669,178729.0,34211424.7,29556106.59722,0.0
292,2022-10-20 02:00:00,0.8445,0.8483,0.8054,0.8094,71430587.0,2022-10-21 01:59:59.999,59315490.42902,170248.0,35262943.8,29249294.41504,0.0
293,2022-10-21 02:00:00,0.8094,0.8336,0.7747,0.832,74134213.3,2022-10-22 01:59:59.999,59664873.0068,165226.0,35310699.9,28403396.85809,0.0
294,2022-10-22 02:00:00,0.8321,0.8407,0.8127,0.8319,37710089.0,2022-10-23 01:59:59.999,31214389.25404,77096.0,17887648.4,14805607.14057,0.0
295,2022-10-23 02:00:00,0.8319,0.9047,0.8204,0.8986,69369080.0,2022-10-24 01:59:59.999,59403999.41001,147240.0,36626353.6,31389801.38705,0.0
296,2022-10-24 02:00:00,0.8986,0.9088,0.8719,0.8931,92087558.5,2022-10-25 01:59:59.999,82089448.80911,212540.0,46804200.4,41718760.23884,0.0
297,2022-10-25 02:00:00,0.8932,0.9487,0.8747,0.9176,98785228.7,2022-10-26 01:59:59.999,89878448.57472,249750.0,50635187.6,46067992.80258,0.0
298,2022-10-26 02:00:00,0.9176,0.968,0.9176,0.9373,104834000.1,2022-10-27 01:59:59.999,98876903.22136,229922.0,53073435.1,50053457.9947,0.0
299,2022-10-27 02:00:00,0.9372,0.948,0.8936,0.9036,97730707.3,2022-10-28 01:59:59.999,90484632.0595,213259.0,49920591.6,46227451.47661,0.0
300,2022-10-28 02:00:00,0.9036,0.9469,0.8942,0.9444,69963617.8,2022-10-29 01:59:59.999,64301555.616,154968.0,35873801.1,32964994.81138,0.0
301,2022-10-29 02:00:00,0.9443,0.9593,0.9257,0.9336,65433748.5,2022-10-30 01:59:59.999,61531901.88421,148630.0,33829938.5,31811284.55892,0.0
302,2022-10-30 02:00:00,0.9335,0.9488,0.8986,0.9084,64416028.0,2022-10-31 00:59:59.999,59478237.58939,145441.0,30465627.9,28117794.65631,0.0
303,2022-10-31 01:00:00,0.9084,0.9298,0.8931,0.9026,59360219.5,2022-11-01 00:59:59.999,54011618.4496,133600.0,29980626.8,27275392.52023,0.0
304,2022-11-01 01:00:00,0.9026,0.9094,0.8724,0.8739,47627967.5,2022-11-02 00:59:59.999,42535770.50381,116156.0,23475639.4,20980448.81795,0.0
305,2022-11-02 01:00:00,0.8739,0.8915,0.837,0.8734,110965532.1,2022-11-03 00:59:59.999,95616698.73952,266551.0,54865206.1,47264635.48791,0.0
306,2022-11-03 01:00:00,0.8733,0.9843,0.8684,0.9512,174644970.2,2022-11-04 00:59:59.999,165610833.17746,425593.0,86982541.8,82418677.88167,0.0
307,2022-11-04 01:00:00,0.9512,1.199,0.9505,1.1692,300277375.5,2022-11-05 00:59:59.999,333583998.29469,1053988.0,152717012.3,169518566.84869,0.0
308,2022-11-05 01:00:00,1.1691,1.3071,1.1531,1.1846,189393717.4,2022-11-06 00:59:59.999,229520531.60225,604349.0,95002561.0,115232007.49623,0.0
309,2022-11-06 01:00:00,1.1849,1.215,1.1326,1.135,108660119.2,2022-11-07 00:59:59.999,126637668.85627,338156.0,53273491.3,62114161.16534,0.0
310,2022-11-07 01:00:00,1.1348,1.291,1.1291,1.2574,240665299.2,2022-11-08 00:59:59.999,294128622.1443,749780.0,117790053.2,143856192.13611,0.0
311,2022-11-08 01:00:00,1.2574,1.275,0.9,1.044,429018153.6,2022-11-09 00:59:59.999,476943590.18661,1332502.0,211303263.9,235279483.19184,0.0
312,2022-11-09 01:00:00,1.0442,1.0708,0.7624,0.8165,380019927.5,2022-11-10 00:59:59.999,344263814.56267,1127566.0,182815348.2,165831396.38404,0.0
313,2022-11-10 01:00:00,0.8165,1.1621,0.8004,1.1245,439582528.4,2022-11-11 00:59:59.999,441008190.0146,1270612.0,219876750.7,220373165.21524,0.0
314,2022-11-11 01:00:00,1.1245,1.1608,0.9663,1.0643,252229352.6,2022-11-12 00:59:59.999,266262995.78373,773998.0,124653754.2,131620246.26084,0.0
315,2022-11-12 01:00:00,1.0645,1.068,0.9263,0.9396,168096609.6,2022-11-13 00:59:59.999,163354807.87907,557169.0,83254876.9,80935752.82778,0.0
316,2022-11-13 01:00:00,0.9396,0.9686,0.8648,0.8894,123531551.9,2022-11-14 00:59:59.999,112373833.89994,424702.0,60602816.6,55140995.52211,0.0
317,2022-11-14 01:00:00,0.8894,0.9631,0.8318,0.9177,229867545.8,2022-11-15 00:59:59.999,209006671.9448,681630.0,110686823.9,100731309.83181,0.0
318,2022-11-15 01:00:00,0.9177,0.9735,0.9067,0.9417,138509381.4,2022-11-16 00:59:59.999,130636205.43733,413893.0,72204436.5,68106087.47786,0.0
319,2022-11-16 01:00:00,0.9418,0.9565,0.8788,0.8981,101978756.0,2022-11-17 00:59:59.999,92817749.67376,293974.0,54382143.0,49467317.15508,0.0
320,2022-11-17 01:00:00,0.8981,0.9123,0.8626,0.8743,101835293.2,2022-11-18 00:59:59.999,89998051.19366,252240.0,50854505.9,44921855.0439,0.0
321,2022-11-18 01:00:00,0.8743,0.8997,0.8682,0.8795,67124443.7,2022-11-19 00:59:59.999,59437822.78536,166500.0,34774117.7,30785723.57775,0.0
322,2022-11-19 01:00:00,0.8795,0.8834,0.8497,0.8762,48707549.2,2022-11-20 00:59:59.999,42177338.56298,119656.0,23296638.9,20172706.04648,0.0
323,2022-11-20 01:00:00,0.8761,0.8817,0.799,0.8069,103107522.1,2022-11-21 00:59:59.999,86193444.43571,228006.0,48796025.8,40799602.01976,0.0
324,2022-11-21 01:00:00,0.8069,0.821,0.764,0.796,160051447.3,2022-11-22 00:59:59.999,127219052.33744,362044.0,80051510.7,63624958.77086,0.0
325,2022-11-22 01:00:00,0.7961,0.8668,0.7784,0.8513,175588937.2,2022-11-23 00:59:59.999,145661370.73012,376967.0,89007306.2,73872243.20403,0.0
326,2022-11-23 01:00:00,0.8514,0.8732,0.8363,0.8614,110245680.9,2022-11-24 00:59:59.999,94330703.9727,244970.0,55949777.2,47867291.41088,0.0
327,2022-11-24 01:00:00,0.8614,0.8914,0.8421,0.8489,83489471.7,2022-11-25 00:59:59.999,71933486.97543,185013.0,41191023.4,35506441.12264,0.0
328,2022-11-25 01:00:00,0.8489,0.8496,0.8196,0.8442,51619516.3,2022-11-26 00:59:59.999,43218765.79239,127325.0,25110932.5,21027729.29828,0.0
329,2022-11-26 01:00:00,0.8442,0.8718,0.8385,0.8464,50094639.3,2022-11-27 00:59:59.999,42924500.52187,125729.0,25219989.1,21612683.63112,0.0
330,2022-11-27 01:00:00,0.8464,0.8662,0.8406,0.844,40179484.6,2022-11-28 00:59:59.999,34378233.13948,94835.0,19752324.2,16897915.8336,0.0
331,2022-11-28 01:00:00,0.8438,0.8491,0.8042,0.8213,67820385.3,2022-11-29 00:59:59.999,55704715.11197,158116.0,32580361.4,26757869.24221,0.0
332,2022-11-29 01:00:00,0.8212,0.8469,0.8133,0.8384,46886705.5,2022-11-30 00:59:59.999,39158223.70357,116164.0,24432413.9,20405483.80741,0.0
333,2022-11-30 01:00:00,0.8385,0.9444,0.837,0.933,105463856.6,2022-12-01 00:59:59.999,93468625.63814,249032.0,53600372.4,47531877.10047,0.0
334,2022-12-01 01:00:00,0.933,0.9452,0.9057,0.9089,95499520.3,2022-12-02 00:59:59.999,88168489.0016,234985.0,47092340.1,43486228.32763,0.0
335,2022-12-02 01:00:00,0.9089,0.949,0.8977,0.9488,75021481.8,2022-12-03 00:59:59.999,69007443.53004,160435.0,37382284.0,34387112.63692,0.0
336,2022-12-03 01:00:00,0.9485,0.9502,0.8997,0.9029,46360672.4,2022-12-04 00:59:59.999,42822462.85727,103572.0,21261314.7,19635149.18435,0.0
337,2022-12-04 01:00:00,0.9031,0.9233,0.9011,0.9212,32103473.7,2022-12-05 00:59:59.999,29356707.64993,74187.0,15832946.9,14479358.8352,0.0
338,2022-12-05 01:00:00,0.9211,0.9452,0.8998,0.9116,70042641.7,2022-12-06 00:59:59.999,64542421.86749,142462.0,36238029.3,33364250.25827,0.0
339,2022-12-06 01:00:00,0.9117,0.9212,0.894,0.9176,50335479.4,2022-12-07 00:59:59.999,45816001.18293,98233.0,24824364.8,22597984.48574,0.0
340,2022-12-07 01:00:00,0.9178,0.9199,0.8708,0.8973,73597178.6,2022-12-08 00:59:59.999,65421084.6981,140761.0,34520323.1,30682661.91052,0.0
341,2022-12-08 01:00:00,0.8973,0.9315,0.8874,0.9276,56439864.5,2022-12-09 00:59:59.999,51263906.98583,117995.0,28585769.4,25968198.67478,0.0
342,2022-12-09 01:00:00,0.9276,0.9347,0.9081,0.9097,46265511.1,2022-12-10 00:59:59.999,42629091.53356,94917.0,22719960.0,20935596.92191,0.0
343,2022-12-10 01:00:00,0.9098,0.9167,0.9004,0.9082,28182643.9,2022-12-11 00:59:59.999,25564028.28951,56963.0,15018897.6,13621189.95082,0.0
344,2022-12-11 01:00:00,0.9082,0.915,0.8888,0.8922,25372990.4,2022-12-12 00:59:59.999,22939861.87814,56067.0,12029867.8,10877602.72118,0.0
345,2022-12-12 01:00:00,0.8921,0.9128,0.87,0.9107,53203041.9,2022-12-13 00:59:59.999,47274002.32296,107075.0,26404467.3,23473479.05671,0.0
346,2022-12-13 01:00:00,0.9107,0.9419,0.8789,0.9244,102623490.4,2022-12-14 00:59:59.999,93676118.41158,196244.0,49341930.4,45045948.56841,0.0
347,2022-12-14 01:00:00,0.9244,0.9383,0.8936,0.9026,72757384.5,2022-12-15 00:59:59.999,66826851.56437,137799.0,34956138.3,32121582.24101,0.0
348,2022-12-15 01:00:00,0.9029,0.9062,0.8721,0.8787,50583863.6,2022-12-16 00:59:59.999,45010226.88415,98715.0,23620283.2,21005694.09242,0.0
349,2022-12-16 01:00:00,0.8787,0.891,0.7813,0.7953,101403720.7,2022-12-17 00:59:59.999,84944651.10726,205947.0,47089450.1,39488276.34976,0.0
350,2022-12-17 01:00:00,0.7953,0.8188,0.7816,0.8156,59801878.4,2022-12-18 00:59:59.999,48035418.84564,109204.0,28523361.4,22910811.19494,0.0
351,2022-12-18 01:00:00,0.8156,0.8264,0.8026,0.8126,35962632.2,2022-12-19 00:59:59.999,29278435.66487,66379.0,17562771.4,14298401.51897,0.0
352,2022-12-19 01:00:00,0.8127,0.8218,0.757,0.7737,82625037.1,2022-12-20 00:59:59.999,65210500.02081,151058.0,42474766.6,33549593.8113,0.0
353,2022-12-20 01:00:00,0.7736,0.8088,0.7678,0.8012,75702229.4,2022-12-21 00:59:59.999,60226813.83826,124900.0,40673078.2,32357357.15594,0.0
354,2022-12-21 01:00:00,0.8012,0.8036,0.7857,0.7938,37724415.8,2022-12-22 00:59:59.999,29938651.61776,65627.0,18521330.2,14696522.2134,0.0
355,2022-12-22 01:00:00,0.7939,0.7976,0.7698,0.7966,47522907.2,2022-12-23 00:59:59.999,37389458.4831,77652.0,23617613.6,18582168.41496,0.0
356,2022-12-23 01:00:00,0.7966,0.8072,0.7906,0.7991,37371721.9,2022-12-24 00:59:59.999,29879025.8964,70475.0,18547183.6,14827672.35293,0.0
357,2022-12-24 01:00:00,0.7992,0.8011,0.793,0.7958,16152930.6,2022-12-25 00:59:59.999,12878966.91154,32994.0,7572414.3,6037574.74593,0.0
358,2022-12-25 01:00:00,0.7956,0.7991,0.7853,0.795,21488619.9,2022-12-26 00:59:59.999,17021958.3634,40931.0,10388317.1,8229074.67818,0.0
359,2022-12-26 01:00:00,0.7952,0.8168,0.7936,0.8154,27562698.7,2022-12-27 00:59:59.999,22150194.31359,52842.0,13989556.1,11244757.72016,0.0
360,2022-12-27 01:00:00,0.8154,0.8196,0.7973,0.8063,36924059.6,2022-12-28 00:59:59.999,29914021.35104,67763.0,17825325.1,14441392.89235,0.0
361,2022-12-28 01:00:00,0.8064,0.8085,0.775,0.7827,50667384.9,2022-12-29 00:59:59.999,39901871.86158,92184.0,25121137.2,19782087.06242,0.0
362,2022-12-29 01:00:00,0.7827,0.7867,0.7688,0.7769,38877378.9,2022-12-30 00:59:59.999,30284115.7237,68394.0,19212670.2,14964791.07656,0.0
363,2022-12-30 01:00:00,0.7769,0.7811,0.7472,0.7612,48066470.6,2022-12-31 00:59:59.999,36526193.79245,83654.0,23225697.3,17650241.59705,0.0
