,OpenTime,SOL-USD_Open,SOL-USD_High,SOL-USD_Low,SOL-USD_Close,SOL-USD_volume,CloseTime,SOL-QuoteAssetVolume,SOL-NumberOfTrades,SOL-TBBAV,SOL-TBQAV,SOL-ignore
0,2022-01-01 01:00:00,170.01,179.2,169.93,179.06,634599.39,2022-01-02 00:59:59.999,110585214.9165,179793.0,328250.16,57202310.0153,0.0
1,2022-01-02 01:00:00,179.06,179.53,174.31,176.35,620087.38,2022-01-03 00:59:59.999,109509310.7134,176256.0,313106.42,55294227.8368,0.0
2,2022-01-03 01:00:00,176.34,176.49,166.59,170.15,1031316.43,2022-01-04 00:59:59.999,177240351.9702,250131.0,537423.71,92331450.1178,0.0
3,2022-01-04 01:00:00,170.14,173.93,166.47,167.72,1041332.63,2022-01-05 00:59:59.999,176538222.7298,264666.0,507127.47,86029904.4601,0.0
4,2022-01-05 01:00:00,167.74,171.32,144.92,154.52,1659848.17,2022-01-06 00:59:59.999,266979906.6384,460130.0,775826.33,125014421.9546,0.0
5,2022-01-06 01:00:00,154.48,154.8,145.98,150.26,1575071.3,2022-01-07 00:59:59.999,236312050.3837,400706.0,783017.39,117506026.0991,0.0
6,2022-01-07 01:00:00,150.28,150.72,133.08,136.45,2719397.3,2022-01-08 00:59:59.999,380212392.3515,624203.0,1356742.09,189682437.9784,0.0
7,2022-01-08 01:00:00,136.43,148.11,133.0,142.14,2695415.51,2022-01-09 00:59:59.999,380841698.6352,596637.0,1333341.19,188360420.1605,0.0
8,2022-01-09 01:00:00,142.1,145.71,137.83,140.82,1435153.15,2022-01-10 00:59:59.999,203808588.2502,314235.0,708108.49,100610867.7993,0.0
9,2022-01-10 01:00:00,140.82,143.86,130.0,135.86,1894512.51,2022-01-11 00:59:59.999,257484771.7658,419461.0,941801.48,127988772.7465,0.0
10,2022-01-11 01:00:00,135.84,143.5,133.58,140.2,1328579.57,2022-01-12 00:59:59.999,184178762.8854,294874.0,655238.34,90779635.5015,0.0
11,2022-01-12 01:00:00,140.19,153.39,138.22,151.51,1946788.76,2022-01-13 00:59:59.999,284704608.1415,453450.0,1014395.7,148380253.9105,0.0
12,2022-01-13 01:00:00,151.5,157.8,145.41,146.14,1984121.59,2022-01-14 00:59:59.999,300358586.1974,471549.0,1004170.43,151995901.2656,0.0
13,2022-01-14 01:00:00,146.13,150.56,141.84,146.17,1428145.3,2022-01-15 00:59:59.999,209190212.3234,339770.0,702561.97,102878722.2901,0.0
14,2022-01-15 01:00:00,146.18,149.49,143.9,147.64,865014.75,2022-01-16 00:59:59.999,126821898.9623,205770.0,422395.84,61920893.6036,0.0
15,2022-01-16 01:00:00,147.61,151.96,146.09,147.98,964270.14,2022-01-17 00:59:59.999,143408413.9133,236998.0,475923.2,70802594.7926,0.0
16,2022-01-17 01:00:00,147.98,148.29,137.02,139.8,1297654.14,2022-01-18 00:59:59.999,184551841.5054,283258.0,619994.54,88125965.5198,0.0
17,2022-01-18 01:00:00,139.81,142.77,134.39,141.22,1254337.17,2022-01-19 00:59:59.999,173470525.6841,264708.0,612173.99,84700670.1825,0.0
18,2022-01-19 01:00:00,141.32,142.7,132.77,135.25,1175171.39,2022-01-20 00:59:59.999,160857229.2032,264765.0,579951.57,79386769.6174,0.0
19,2022-01-20 01:00:00,135.23,143.83,126.01,127.54,1464593.98,2022-01-21 00:59:59.999,200702305.013,345417.0,731310.23,100360744.2544,0.0
20,2022-01-21 01:00:00,127.54,128.73,106.11,112.27,4523020.69,2022-01-22 00:59:59.999,544063534.4105,939567.0,2184275.76,262870033.2335,0.0
21,2022-01-22 01:00:00,112.24,114.89,87.73,94.54,6455608.98,2022-01-23 00:59:59.999,635108263.4286,1002353.0,3143606.01,308952787.2915,0.0
22,2022-01-23 01:00:00,94.57,104.82,93.25,99.78,3561751.04,2022-01-24 00:59:59.999,351997642.8836,592647.0,1815827.0,179513410.6114,0.0
23,2022-01-24 01:00:00,99.74,99.83,80.83,91.93,6990036.71,2022-01-25 00:59:59.999,615205074.608,1012868.0,3409943.38,299702337.3551,0.0
24,2022-01-25 01:00:00,91.94,99.95,87.41,94.67,3482711.32,2022-01-26 00:59:59.999,324014683.736,566575.0,1745302.72,162439606.6728,0.0
25,2022-01-26 01:00:00,94.65,104.43,89.19,92.12,4501340.69,2022-01-27 00:59:59.999,434996978.6907,713943.0,2255753.0,217969271.5669,0.0
26,2022-01-27 01:00:00,92.11,94.6,85.71,89.51,3530017.76,2022-01-28 00:59:59.999,317470432.0929,538274.0,1835683.58,165086278.1446,0.0
27,2022-01-28 01:00:00,89.51,93.55,87.21,91.34,2647317.17,2022-01-29 00:59:59.999,240233251.6856,388770.0,1362062.51,123682706.7554,0.0
28,2022-01-29 01:00:00,91.35,98.93,90.5,96.13,2050891.76,2022-01-30 00:59:59.999,194994553.8294,331238.0,1077225.35,102415973.0633,0.0
29,2022-01-30 01:00:00,96.15,97.6,91.38,93.29,1258037.51,2022-01-31 00:59:59.999,118979094.2397,221424.0,617532.34,58405719.6844,0.0
30,2022-01-31 01:00:00,93.26,101.4,89.18,99.49,2414101.55,2022-02-01 00:59:59.999,229303857.837,373958.0,1257071.83,119365613.7857,0.0
31,2022-02-01 01:00:00,99.5,113.66,99.02,110.02,4190507.65,2022-02-02 00:59:59.999,451677238.5892,732735.0,2181320.44,235027830.3006,0.0
32,2022-02-02 01:00:00,109.99,112.35,96.99,101.88,4863358.1,2022-02-03 00:59:59.999,514972931.5411,757019.0,2472488.32,261826718.2503,0.0
33,2022-02-03 01:00:00,101.91,103.13,94.0,101.77,3886563.56,2022-02-04 00:59:59.999,380416658.2175,597409.0,2008174.48,196631906.8434,0.0
34,2022-02-04 01:00:00,101.83,112.81,100.28,112.62,4186388.28,2022-02-05 00:59:59.999,446505812.5773,668682.0,2157936.43,230203845.832,0.0
35,2022-02-05 01:00:00,112.63,118.6,110.22,113.75,2649019.14,2022-02-06 00:59:59.999,302738096.0985,507784.0,1335840.5,152742158.9009,0.0
36,2022-02-06 01:00:00,113.74,116.06,111.09,115.28,1561795.12,2022-02-07 00:59:59.999,177818919.2675,299806.0,789970.5,89972768.0186,0.0
37,2022-02-07 01:00:00,115.26,121.93,112.69,117.55,2730695.8,2022-02-08 00:59:59.999,323264554.6453,547477.0,1407980.1,166687995.1665,0.0
38,2022-02-08 01:00:00,117.57,120.36,109.66,113.45,2811497.5,2022-02-09 00:59:59.999,321854907.0326,525305.0,1374047.33,157341837.5028,0.0
39,2022-02-09 01:00:00,113.44,117.08,109.4,113.93,2114411.38,2022-02-10 00:59:59.999,240051448.3335,366554.0,1062788.31,120689587.7392,0.0
40,2022-02-10 01:00:00,113.96,115.38,105.68,106.17,2781581.77,2022-02-11 00:59:59.999,308218719.2783,502177.0,1374188.86,152383952.065,0.0
41,2022-02-11 01:00:00,106.18,108.14,95.14,96.53,2537227.68,2022-02-12 00:59:59.999,261118404.0618,450793.0,1266683.23,130430706.9168,0.0
42,2022-02-12 01:00:00,96.53,99.79,92.8,95.96,1803930.67,2022-02-13 00:59:59.999,173107556.4531,316001.0,904645.51,86851077.7579,0.0
43,2022-02-13 01:00:00,95.98,97.36,91.35,92.85,1216083.38,2022-02-14 00:59:59.999,115326539.3591,209303.0,631473.42,59929161.7421,0.0
44,2022-02-14 01:00:00,92.85,97.99,90.72,96.37,1792721.3,2022-02-15 00:59:59.999,169748618.5019,307476.0,917531.49,86918621.9431,0.0
45,2022-02-15 01:00:00,96.39,105.77,96.38,105.52,2362223.45,2022-02-16 00:59:59.999,240632353.7154,372791.0,1215093.32,123809188.4814,0.0
46,2022-02-16 01:00:00,105.52,105.6,98.27,101.86,2123159.11,2022-02-17 00:59:59.999,215708905.3656,326351.0,1074793.49,109218196.3038,0.0
47,2022-02-17 01:00:00,101.85,102.82,92.33,93.52,2001081.3,2022-02-18 00:59:59.999,194565671.9256,307937.0,965733.26,93944705.8172,0.0
48,2022-02-18 01:00:00,93.55,96.37,89.31,89.86,2010076.65,2022-02-19 00:59:59.999,186100175.1081,299519.0,969097.49,89702125.8502,0.0
49,2022-02-19 01:00:00,89.86,92.75,88.6,91.27,1285578.14,2022-02-20 00:59:59.999,116505357.5701,205722.0,635054.2,57583342.8636,0.0
50,2022-02-20 01:00:00,91.27,94.5,85.56,90.72,2559473.54,2022-02-21 00:59:59.999,229568085.4621,403374.0,1258935.71,113062278.7783,0.0
51,2022-02-21 01:00:00,90.7,96.14,82.62,82.96,4063082.8,2022-02-22 00:59:59.999,365437826.7867,573189.0,2026196.08,182268037.278,0.0
52,2022-02-22 01:00:00,82.95,87.56,81.06,86.38,2835554.36,2022-02-23 00:59:59.999,238850054.3276,361422.0,1449002.18,122094300.6183,0.0
53,2022-02-23 01:00:00,86.39,93.4,84.38,84.59,3193694.1,2022-02-24 00:59:59.999,284825279.1137,446087.0,1581179.05,141085328.7901,0.0
54,2022-02-24 01:00:00,84.58,93.9,75.35,89.36,7497540.08,2022-02-25 00:59:59.999,625458651.9577,1032742.0,3780420.76,316003413.5444,0.0
55,2022-02-25 01:00:00,89.35,95.0,86.86,92.71,3691896.58,2022-02-26 00:59:59.999,332795301.0672,532273.0,1857528.5,167507861.0706,0.0
56,2022-02-26 01:00:00,92.73,95.49,89.23,90.23,2279602.17,2022-02-27 00:59:59.999,209017446.4943,347752.0,1113558.58,102126486.5063,0.0
57,2022-02-27 01:00:00,90.25,92.19,84.08,85.63,2593533.97,2022-02-28 00:59:59.999,228781062.1315,396197.0,1257121.49,110943166.7723,0.0
58,2022-02-28 01:00:00,85.61,103.0,84.17,99.68,4212075.57,2022-03-01 00:59:59.999,392961670.0973,666863.0,2137538.42,199549660.3266,0.0
59,2022-03-01 01:00:00,99.67,102.03,94.21,98.66,3665336.76,2022-03-02 00:59:59.999,359368373.9761,572030.0,1837769.13,180263667.6186,0.0
60,2022-03-02 01:00:00,98.65,106.43,96.76,100.68,4306326.64,2022-03-03 00:59:59.999,441097205.6531,689840.0,2185961.51,224014825.8598,0.0
61,2022-03-03 01:00:00,100.69,101.7,94.0,95.62,2595560.67,2022-03-04 00:59:59.999,253940370.881,374852.0,1325251.55,129711142.3493,0.0
62,2022-03-04 01:00:00,95.63,95.94,87.0,88.32,2854970.19,2022-03-05 00:59:59.999,260751773.1297,364380.0,1413353.12,129131372.1983,0.0
63,2022-03-05 01:00:00,88.33,91.22,86.0,89.63,1495553.5,2022-03-06 00:59:59.999,132577728.3357,202202.0,766442.51,67975724.2272,0.0
64,2022-03-06 01:00:00,89.61,89.96,84.09,84.57,1828270.57,2022-03-07 00:59:59.999,158938647.3889,212997.0,919565.61,79961202.2557,0.0
65,2022-03-07 01:00:00,84.58,86.71,79.92,81.66,3230989.34,2022-03-08 00:59:59.999,268367077.2916,363488.0,1581807.88,131457031.8629,0.0
66,2022-03-08 01:00:00,81.65,85.04,81.3,82.32,2604534.79,2022-03-09 00:59:59.999,216640314.7061,268988.0,1288756.53,107247531.8765,0.0
67,2022-03-09 01:00:00,82.32,89.92,81.9,88.06,3355218.73,2022-03-10 00:59:59.999,293276442.5009,336022.0,1656118.93,144779609.5643,0.0
68,2022-03-10 01:00:00,88.06,88.57,80.63,82.87,2828491.21,2022-03-11 00:59:59.999,235307930.7831,288708.0,1379156.11,114671021.1684,0.0
69,2022-03-11 01:00:00,82.86,84.29,80.07,80.67,2528334.85,2022-03-12 00:59:59.999,206921492.6402,232541.0,1183428.02,96900077.1748,0.0
70,2022-03-12 01:00:00,80.67,82.75,80.57,81.38,1362268.13,2022-03-13 00:59:59.999,111234273.6544,128794.0,641797.89,52415337.2535,0.0
71,2022-03-13 01:00:00,81.4,83.34,77.65,78.73,2009434.97,2022-03-14 00:59:59.999,162105572.6583,198659.0,912856.48,73590054.9793,0.0
72,2022-03-14 01:00:00,78.72,82.29,78.0,81.22,2079919.39,2022-03-15 00:59:59.999,167010301.5519,209032.0,964467.08,77446948.2656,0.0
73,2022-03-15 01:00:00,81.23,85.99,78.72,82.84,2123603.37,2022-03-16 00:59:59.999,173536935.3186,249623.0,992773.73,81168252.8572,0.0
74,2022-03-16 01:00:00,82.84,87.98,81.53,87.77,2638790.33,2022-03-17 00:59:59.999,222116241.7732,313840.0,1318936.75,111066415.0867,0.0
75,2022-03-17 01:00:00,87.77,91.0,86.58,87.8,2616451.8,2022-03-18 00:59:59.999,232117458.5886,286766.0,1229076.55,109055930.2839,0.0
76,2022-03-18 01:00:00,87.8,92.28,84.41,89.8,2935949.01,2022-03-19 00:59:59.999,257737465.0237,283557.0,1385763.65,121609225.0639,0.0
77,2022-03-19 01:00:00,89.81,94.55,89.25,92.31,2058348.96,2022-03-20 00:59:59.999,189155993.9181,262632.0,1062341.41,97622352.9093,0.0
78,2022-03-20 01:00:00,92.31,92.55,87.82,88.62,1500458.29,2022-03-21 00:59:59.999,135160820.5356,169914.0,697997.16,62857380.4215,0.0
79,2022-03-21 01:00:00,88.62,91.28,86.74,88.59,1985082.57,2022-03-22 00:59:59.999,176751354.7868,203260.0,1012928.19,90221048.3162,0.0
80,2022-03-22 01:00:00,88.58,93.98,88.0,90.43,2611345.56,2022-03-23 00:59:59.999,239094582.9373,271852.0,1304268.17,119404119.9535,0.0
81,2022-03-23 01:00:00,90.44,96.36,89.19,94.89,2854825.2,2022-03-24 00:59:59.999,265825349.012,297282.0,1493500.13,139165028.5957,0.0
82,2022-03-24 01:00:00,94.88,103.7,93.26,102.32,4777008.51,2022-03-25 00:59:59.999,474517921.1292,577470.0,2501927.04,248453993.2903,0.0
83,2022-03-25 01:00:00,102.32,104.86,96.95,98.6,3360440.57,2022-03-26 00:59:59.999,341404558.2387,437293.0,1656758.79,168444166.4866,0.0
84,2022-03-26 01:00:00,98.6,103.4,97.63,101.73,1906343.44,2022-03-27 00:59:59.999,192503281.4375,259494.0,967949.31,97722561.219,0.0
85,2022-03-27 01:00:00,101.73,107.46,98.77,107.04,2351080.64,2022-03-28 01:59:59.999,242015312.5972,345634.0,1235334.26,127285453.9821,0.0
86,2022-03-28 02:00:00,107.04,113.87,105.22,105.75,4146023.22,2022-03-29 01:59:59.999,454984710.5219,653182.0,2087436.28,229173458.1359,0.0
87,2022-03-29 02:00:00,105.75,115.7,105.49,111.62,3727259.92,2022-03-30 01:59:59.999,416037180.6463,590421.0,1847845.03,206246798.99,0.0
88,2022-03-30 02:00:00,111.62,125.26,107.11,120.82,5250424.16,2022-03-31 01:59:59.999,615094936.7057,827629.0,2742472.31,321357459.9801,0.0
89,2022-03-31 02:00:00,120.82,129.5,119.95,122.77,5143974.9,2022-04-01 01:59:59.999,640563903.8799,858853.0,2627728.56,327348923.1376,0.0
90,2022-04-01 02:00:00,122.79,138.4,117.39,134.52,5505077.63,2022-04-02 01:59:59.999,704191459.0215,995872.0,2891319.96,370222275.479,0.0
91,2022-04-02 02:00:00,134.53,143.51,131.47,132.49,4193984.2,2022-04-03 01:59:59.999,575683426.3868,758063.0,2058206.92,282604887.3326,0.0
92,2022-04-03 02:00:00,132.48,141.11,130.52,136.9,2964507.05,2022-04-04 01:59:59.999,405018764.7833,540376.0,1504656.67,205685994.1096,0.0
93,2022-04-04 02:00:00,136.9,138.29,125.82,132.14,3456901.43,2022-04-05 01:59:59.999,457752604.0445,582791.0,1707581.22,226157940.1181,0.0
94,2022-04-05 02:00:00,132.14,136.63,126.07,126.87,2833885.54,2022-04-06 01:59:59.999,374058737.7225,542422.0,1422223.85,187819028.3813,0.0
95,2022-04-06 02:00:00,126.88,127.4,112.1,112.95,4266870.2,2022-04-07 01:59:59.999,512273613.6953,740311.0,2025250.65,243339132.4636,0.0
96,2022-04-07 02:00:00,112.94,120.0,110.88,118.48,3326346.75,2022-04-08 01:59:59.999,383156868.6751,581932.0,1697571.62,195657501.6623,0.0
97,2022-04-08 02:00:00,118.47,122.42,108.1,109.92,3328966.49,2022-04-09 01:59:59.999,387721449.4475,550158.0,1660636.63,193727254.3235,0.0
98,2022-04-09 02:00:00,109.92,113.69,108.28,112.96,1376896.77,2022-04-10 01:59:59.999,152114680.8922,246823.0,701537.3,77520932.5896,0.0
99,2022-04-10 02:00:00,112.97,116.09,109.71,111.07,1560720.04,2022-04-11 01:59:59.999,175614158.7559,282125.0,742815.64,83659173.1667,0.0
100,2022-04-11 02:00:00,111.06,111.94,98.1,99.67,3332133.13,2022-04-12 01:59:59.999,348238454.5094,491379.0,1606765.25,167966343.0612,0.0
101,2022-04-12 02:00:00,99.64,109.36,98.31,103.22,3527634.19,2022-04-13 01:59:59.999,366259936.4194,526763.0,1779367.32,184779552.3283,0.0
102,2022-04-13 02:00:00,103.21,106.04,100.09,104.94,2204306.4,2022-04-14 01:59:59.999,228562636.8247,352611.0,1125144.84,116670986.6819,0.0
103,2022-04-14 02:00:00,104.92,107.72,98.77,100.77,2711073.76,2022-04-15 01:59:59.999,279743555.6211,359790.0,1348458.15,139153541.9474,0.0
104,2022-04-15 02:00:00,100.77,102.91,99.55,101.31,1384490.37,2022-04-16 01:59:59.999,140391145.6665,216894.0,727000.64,73734270.96,0.0
105,2022-04-16 02:00:00,101.38,103.5,100.71,102.06,1006216.36,2022-04-17 01:59:59.999,102584953.5336,135628.0,558878.01,56993476.2314,0.0
106,2022-04-17 02:00:00,102.06,105.44,99.62,100.15,1509800.04,2022-04-18 01:59:59.999,155271562.7464,236697.0,772241.9,79460031.6664,0.0
107,2022-04-18 02:00:00,100.15,102.65,94.62,102.33,2751434.83,2022-04-19 01:59:59.999,271730806.7518,416771.0,1370507.25,135461983.4726,0.0
108,2022-04-19 02:00:00,102.37,109.0,101.02,108.51,2675360.43,2022-04-20 01:59:59.999,280654686.0573,372804.0,1410872.15,148134214.4888,0.0
109,2022-04-20 02:00:00,108.51,110.9,104.25,105.59,2768156.81,2022-04-21 01:59:59.999,297974331.0006,403021.0,1384535.47,149089810.7735,0.0
110,2022-04-21 02:00:00,105.58,110.0,99.86,101.78,2671646.36,2022-04-22 01:59:59.999,284134458.7273,369724.0,1355715.68,144386566.3418,0.0
111,2022-04-22 02:00:00,101.78,103.55,99.19,100.55,1777613.85,2022-04-23 01:59:59.999,180380786.8659,279122.0,917521.5,93138052.6849,0.0
112,2022-04-23 02:00:00,100.55,102.9,98.31,100.63,1081628.14,2022-04-24 01:59:59.999,109466876.3668,196300.0,554294.34,56117467.7048,0.0
113,2022-04-24 02:00:00,100.63,102.31,98.55,99.23,1064136.15,2022-04-25 01:59:59.999,106954414.4213,192110.0,540730.32,54379378.9122,0.0
114,2022-04-25 02:00:00,99.22,101.59,94.32,100.99,2317293.8,2022-04-26 01:59:59.999,226174939.4707,373292.0,1207712.66,117951560.4474,0.0
115,2022-04-26 02:00:00,100.98,101.98,94.61,95.7,1897735.14,2022-04-27 01:59:59.999,187010168.6056,291464.0,919928.81,90746432.2019,0.0
116,2022-04-27 02:00:00,95.7,100.79,94.89,98.36,1833742.63,2022-04-28 01:59:59.999,180105223.6554,282775.0,947330.15,93034632.1618,0.0
117,2022-04-28 02:00:00,98.35,100.55,96.33,98.24,1849394.04,2022-04-29 01:59:59.999,182594839.5316,300097.0,934412.18,92271948.7664,0.0
118,2022-04-29 02:00:00,98.23,98.68,92.35,93.96,1736234.87,2022-04-30 01:59:59.999,166246202.3275,255409.0,851561.14,81540496.1863,0.0
119,2022-04-30 02:00:00,93.96,94.95,81.91,84.63,1829537.27,2022-05-01 01:59:59.999,164168373.5793,275849.0,885089.41,79444869.4264,0.0
120,2022-05-01 02:00:00,84.63,93.12,84.15,89.68,2353897.93,2022-05-02 01:59:59.999,207825708.0776,366730.0,1148304.55,101427232.9507,0.0
121,2022-05-02 02:00:00,89.67,90.89,85.1,87.5,1915805.97,2022-05-03 01:59:59.999,168665929.5505,283822.0,1007216.44,88738072.361,0.0
122,2022-05-03 02:00:00,87.49,88.81,84.66,85.86,1562366.45,2022-05-04 01:59:59.999,135931235.1297,200047.0,817450.09,71135573.8851,0.0
123,2022-05-04 02:00:00,85.86,93.06,85.47,92.77,2246070.16,2022-05-05 01:59:59.999,198783148.9305,282723.0,1220227.05,107978749.4093,0.0
124,2022-05-05 02:00:00,92.77,95.25,81.32,84.52,3311421.92,2022-05-06 01:59:59.999,290368666.4692,434945.0,1664117.47,146116282.9534,0.0
125,2022-05-06 02:00:00,84.52,84.84,79.98,81.68,2607225.81,2022-05-07 01:59:59.999,213954688.34,343170.0,1375844.03,112943733.6942,0.0
126,2022-05-07 02:00:00,81.67,82.33,77.03,78.86,1906773.25,2022-05-08 01:59:59.999,153609731.6619,220157.0,986292.57,79507805.7126,0.0
127,2022-05-08 02:00:00,78.86,79.41,73.69,75.38,2736836.4,2022-05-09 01:59:59.999,210452506.8299,310522.0,1408749.66,108330759.7197,0.0
128,2022-05-09 02:00:00,75.39,77.21,61.7,62.16,5846036.682,2022-05-10 01:59:59.999,404836586.308331,714133.0,2920652.327,202387146.97775,0.0
129,2022-05-10 02:00:00,62.16,74.03,60.13,66.9,7855041.331,2022-05-11 01:59:59.999,533633557.199898,994845.0,3947633.24,268321186.5237,0.0
130,2022-05-11 02:00:00,66.9,68.44,43.17,50.9,11626123.021,2022-05-12 01:59:59.999,655895713.542589,1460193.0,5649152.28,319526365.07951,0.0
131,2022-05-12 02:00:00,50.9,54.29,37.37,44.64,13635820.465,2022-05-13 01:59:59.999,615675880.93754,1539677.0,6752034.03,305291098.5914,0.0
132,2022-05-13 02:00:00,44.64,56.99,43.83,48.92,8718594.5,2022-05-14 01:59:59.999,445956256.0485,892190.0,4418335.19,226247557.656,0.0
133,2022-05-14 02:00:00,48.93,53.91,45.81,52.43,5099487.21,2022-05-15 01:59:59.999,253571501.88,618557.0,2563154.6,127550033.9987,0.0
134,2022-05-15 02:00:00,52.43,59.31,49.63,58.83,3885558.77,2022-05-16 01:59:59.999,208778706.7702,477977.0,1983125.0,106620295.5341,0.0
135,2022-05-16 02:00:00,58.83,58.83,51.89,53.79,5418221.63,2022-05-17 01:59:59.999,295070394.3347,627274.0,2688395.31,146538363.4246,0.0
136,2022-05-17 02:00:00,53.8,58.22,53.04,57.02,4346066.59,2022-05-18 01:59:59.999,242391527.4977,531717.0,2104357.35,117396352.5847,0.0
137,2022-05-18 02:00:00,57.01,57.85,49.38,49.93,4470848.03,2022-05-19 01:59:59.999,235605712.6601,517406.0,2075483.88,109121055.2898,0.0
138,2022-05-19 02:00:00,49.93,54.09,48.2,52.2,4794335.94,2022-05-20 01:59:59.999,246302390.7366,513106.0,2409066.2,123781920.4502,0.0
139,2022-05-20 02:00:00,52.2,53.62,47.81,49.43,4811635.67,2022-05-21 01:59:59.999,245429377.9878,499246.0,2360367.21,120404388.9083,0.0
140,2022-05-21 02:00:00,49.42,51.21,48.43,50.31,1969104.94,2022-05-22 01:59:59.999,98299753.259,222550.0,1028256.66,51344267.3972,0.0
141,2022-05-22 02:00:00,50.3,53.2,49.69,52.48,2723718.45,2022-05-23 01:59:59.999,140435263.8116,254086.0,1368446.48,70547777.6607,0.0
142,2022-05-23 02:00:00,52.48,54.68,48.61,49.17,4201654.88,2022-05-24 01:59:59.999,219973233.886,434398.0,2070590.5,108475444.1931,0.0
143,2022-05-24 02:00:00,49.17,50.85,47.1,49.67,3645448.65,2022-05-25 01:59:59.999,179621230.7128,303032.0,1922334.26,94750753.9196,0.0
144,2022-05-25 02:00:00,49.67,50.55,47.57,47.98,3294918.76,2022-05-26 01:59:59.999,160613552.1388,248168.0,1623340.11,79144187.6989,0.0
145,2022-05-26 02:00:00,47.97,48.66,41.69,43.44,7025986.74,2022-05-27 01:59:59.999,314922743.5919,474015.0,3359291.62,150573122.7439,0.0
146,2022-05-27 02:00:00,43.44,43.95,39.93,41.17,7547814.8,2022-05-28 01:59:59.999,315086453.0078,510421.0,3654355.59,152617780.113,0.0
147,2022-05-28 02:00:00,41.18,45.08,40.33,44.25,4317517.06,2022-05-29 01:59:59.999,183339589.409,307558.0,2217878.72,94265083.3996,0.0
148,2022-05-29 02:00:00,44.24,45.67,41.79,44.98,4628871.1,2022-05-30 01:59:59.999,202572097.5885,299730.0,2286989.42,100186292.2866,0.0
149,2022-05-30 02:00:00,44.98,48.39,44.27,47.22,5476313.14,2022-05-31 01:59:59.999,253574633.2647,349733.0,2803984.13,129876725.2018,0.0
150,2022-05-31 02:00:00,47.22,48.24,44.56,45.77,4479536.73,2022-06-01 01:59:59.999,207640573.6838,309278.0,2127982.03,98674635.4257,0.0
151,2022-06-01 02:00:00,45.78,46.12,39.51,40.11,4778696.94,2022-06-02 01:59:59.999,205803279.5537,336469.0,2321143.66,99989842.0396,0.0
152,2022-06-02 02:00:00,40.11,41.65,38.13,40.85,5153870.27,2022-06-03 01:59:59.999,206604815.9131,360847.0,2686932.09,107735279.1838,0.0
153,2022-06-03 02:00:00,40.86,41.54,37.63,38.28,4437324.64,2022-06-04 01:59:59.999,172766731.5807,344798.0,2100892.67,81893764.5822,0.0
154,2022-06-04 02:00:00,38.28,39.5,35.71,39.0,3736176.79,2022-06-05 01:59:59.999,139577288.6715,265233.0,1898179.52,70956100.8964,0.0
155,2022-06-05 02:00:00,39.02,40.22,37.85,38.52,3618511.38,2022-06-06 01:59:59.999,141881168.631,243413.0,1756086.74,68904461.1256,0.0
156,2022-06-06 02:00:00,38.53,44.87,38.33,42.39,6823258.3,2022-06-07 01:59:59.999,290291015.6326,488023.0,3410303.32,144912338.5087,0.0
157,2022-06-07 02:00:00,42.39,42.8,37.12,39.31,7677286.83,2022-06-08 01:59:59.999,302649368.6022,523590.0,3884413.95,152954376.948,0.0
158,2022-06-08 02:00:00,39.32,40.96,38.28,38.83,3988154.3,2022-06-09 01:59:59.999,156635684.2698,283280.0,2012253.89,79064629.8077,0.0
159,2022-06-09 02:00:00,38.83,41.97,38.44,39.96,4587327.75,2022-06-10 01:59:59.999,185342283.8484,285547.0,2186660.8,88273397.4489,0.0
160,2022-06-10 02:00:00,39.96,40.9,36.8,37.17,4364643.34,2022-06-11 01:59:59.999,168826417.9157,313613.0,2165683.57,83896463.4823,0.0
161,2022-06-11 02:00:00,37.17,37.93,33.17,33.93,4638154.317,2022-06-12 01:59:59.999,164203312.634082,300132.0,2293782.57,81214373.7579,0.0
162,2022-06-12 02:00:00,33.94,34.5,30.56,30.61,6810748.104,2022-06-13 01:59:59.999,222245784.905825,400837.0,3329549.13,108692236.98294,0.0
163,2022-06-13 02:00:00,30.6,31.11,26.05,28.6,13336972.466,2022-06-14 01:59:59.999,372532264.645125,802782.0,6520919.69,182336265.8086,0.0
164,2022-06-14 02:00:00,28.59,32.32,25.86,29.59,11437619.27,2022-06-15 01:59:59.999,335148563.73442,671181.0,5712051.47,167627703.046,0.0
165,2022-06-15 02:00:00,29.59,34.86,26.79,34.76,12673444.09,2022-06-16 01:59:59.999,376046180.3309,806141.0,6299581.94,187204432.0969,0.0
166,2022-06-16 02:00:00,34.75,36.0,29.52,30.12,10418712.66,2022-06-17 01:59:59.999,335024040.421,605517.0,5210995.29,167584261.3739,0.0
167,2022-06-17 02:00:00,30.12,32.19,29.26,30.71,6274370.5,2022-06-18 01:59:59.999,195306060.2521,359804.0,3117542.33,97092456.1104,0.0
168,2022-06-18 02:00:00,30.72,32.06,27.15,32.02,9330644.34,2022-06-19 01:59:59.999,275582397.1253,555711.0,4481659.34,132469798.385,0.0
169,2022-06-19 02:00:00,32.01,35.4,28.68,34.19,9253122.78,2022-06-20 01:59:59.999,294048592.2679,592879.0,4564396.0,145353097.5734,0.0
170,2022-06-20 02:00:00,34.19,36.9,31.73,35.24,8218146.8,2022-06-21 01:59:59.999,281820809.8979,564975.0,4105638.47,140943448.8575,0.0
171,2022-06-21 02:00:00,35.25,39.19,34.2,36.42,7429098.76,2022-06-22 01:59:59.999,275003273.0888,524268.0,3705269.01,137254055.6303,0.0
172,2022-06-22 02:00:00,36.42,36.87,33.65,34.12,6494707.01,2022-06-23 01:59:59.999,227729988.5166,407107.0,3259381.95,114343205.9208,0.0
173,2022-06-23 02:00:00,34.13,38.65,33.91,38.15,7002610.45,2022-06-24 01:59:59.999,257121431.1557,443012.0,3602472.49,132276229.5538,0.0
174,2022-06-24 02:00:00,38.15,42.92,37.67,41.91,6583046.23,2022-06-25 01:59:59.999,263461013.4666,463015.0,3266628.64,130693448.5864,0.0
175,2022-06-25 02:00:00,41.91,42.64,39.73,42.22,4294211.07,2022-06-26 01:59:59.999,177460350.6068,334804.0,2090890.07,86415136.3452,0.0
176,2022-06-26 02:00:00,42.22,42.49,39.14,39.39,4024143.84,2022-06-27 01:59:59.999,164663443.9117,308030.0,1885381.29,77188468.5997,0.0
177,2022-06-27 02:00:00,39.39,41.25,37.9,38.52,4172937.4,2022-06-28 01:59:59.999,164427982.2266,289594.0,2035849.08,80247519.6567,0.0
178,2022-06-28 02:00:00,38.5,39.9,35.02,35.35,5581335.85,2022-06-29 01:59:59.999,209748465.2987,361164.0,2750704.2,103481792.1872,0.0
179,2022-06-29 02:00:00,35.34,36.12,33.1,34.05,5755278.44,2022-06-30 01:59:59.999,199587272.3007,362853.0,2854587.08,99023547.0242,0.0
180,2022-06-30 02:00:00,34.06,34.2,30.92,33.76,5337105.46,2022-07-01 01:59:59.999,171919474.3534,344452.0,2679028.5,86322445.5432,0.0
181,2022-07-01 02:00:00,33.76,35.4,31.82,32.84,6155756.76,2022-07-02 01:59:59.999,204979216.4937,368256.0,2978243.67,99231819.3172,0.0
182,2022-07-02 02:00:00,32.85,34.14,31.87,33.36,2740500.19,2022-07-03 01:59:59.999,90108872.2628,183520.0,1360450.68,44764081.7036,0.0
183,2022-07-03 02:00:00,33.36,33.77,32.14,33.39,2394572.39,2022-07-04 01:59:59.999,78904888.1308,154731.0,1189039.63,39209139.2784,0.0
184,2022-07-04 02:00:00,33.4,36.94,32.45,36.71,4064615.13,2022-07-05 01:59:59.999,140036013.5678,246563.0,2059932.84,70983921.0215,0.0
185,2022-07-05 02:00:00,36.71,36.99,33.03,35.4,6098472.04,2022-07-06 01:59:59.999,213296068.6633,352757.0,2941943.03,102867920.287,0.0
186,2022-07-06 02:00:00,35.41,37.65,34.8,37.04,5298552.9,2022-07-07 01:59:59.999,190911989.1768,333851.0,2579302.86,93001746.0564,0.0
187,2022-07-07 02:00:00,37.04,39.29,36.39,38.46,4091777.28,2022-07-08 01:59:59.999,154787628.7583,262606.0,2020439.66,76457135.8246,0.0
188,2022-07-08 02:00:00,38.46,39.72,36.46,38.12,5277992.76,2022-07-09 01:59:59.999,200786736.7789,354548.0,2745120.4,104521147.0954,0.0
189,2022-07-09 02:00:00,38.12,38.95,37.77,38.06,2088073.86,2022-07-10 01:59:59.999,80090467.8886,145253.0,1033158.37,39643187.0352,0.0
190,2022-07-10 02:00:00,38.06,38.14,36.26,36.71,2181587.6,2022-07-11 01:59:59.999,80772185.7284,148125.0,1082289.56,40063939.7126,0.0
191,2022-07-11 02:00:00,36.71,36.73,33.24,33.42,2927967.37,2022-07-12 01:59:59.999,102666563.3043,204049.0,1387777.29,48699082.0445,0.0
192,2022-07-12 02:00:00,33.42,34.61,32.6,32.68,3202970.4,2022-07-13 01:59:59.999,107886665.716,204957.0,1596769.5,53809820.5119,0.0
193,2022-07-13 02:00:00,32.69,35.08,31.82,34.94,4798032.13,2022-07-14 01:59:59.999,159907054.0099,275893.0,2380869.71,79382021.2595,0.0
194,2022-07-14 02:00:00,34.94,37.31,33.58,37.15,5214767.02,2022-07-15 01:59:59.999,183611446.5667,275359.0,2663220.3,93813233.0855,0.0
195,2022-07-15 02:00:00,37.14,39.1,36.49,37.36,4440629.04,2022-07-16 01:59:59.999,167467008.2313,281361.0,2166717.26,81763464.196,0.0
196,2022-07-16 02:00:00,37.36,40.41,36.35,39.58,3945225.2,2022-07-17 01:59:59.999,152184601.3786,259342.0,2010017.92,77636093.4432,0.0
197,2022-07-17 02:00:00,39.59,41.09,38.29,38.62,3795951.41,2022-07-18 01:59:59.999,150590859.7178,253441.0,1952168.69,77493203.1389,0.0
198,2022-07-18 02:00:00,38.61,44.07,38.55,43.52,6300282.95,2022-07-19 01:59:59.999,261136738.344,446880.0,3226523.54,133789592.6976,0.0
199,2022-07-19 02:00:00,43.52,47.36,42.54,44.87,7876651.82,2022-07-20 01:59:59.999,355431156.7672,674599.0,3975229.96,179362547.5782,0.0
200,2022-07-20 02:00:00,44.87,46.3,41.24,42.04,6380441.74,2022-07-21 01:59:59.999,282469604.681,477417.0,3162290.15,140148406.1786,0.0
201,2022-07-21 02:00:00,42.03,44.24,39.64,43.11,6134099.29,2022-07-22 01:59:59.999,256606729.2511,428346.0,3109667.2,130164754.9132,0.0
202,2022-07-22 02:00:00,43.1,44.33,40.03,40.54,4495729.55,2022-07-23 01:59:59.999,190642884.6141,328365.0,2210134.82,93787089.3167,0.0
203,2022-07-23 02:00:00,40.54,41.91,38.6,39.97,3421971.49,2022-07-24 01:59:59.999,137541597.5661,249647.0,1661145.37,66809047.752,0.0
204,2022-07-24 02:00:00,39.97,42.1,39.47,40.93,3327219.47,2022-07-25 01:59:59.999,135780064.9887,227835.0,1682849.04,68687367.9574,0.0
205,2022-07-25 02:00:00,40.93,41.09,36.56,36.65,4237919.99,2022-07-26 01:59:59.999,163307551.8679,308984.0,2041957.85,78707760.6066,0.0
206,2022-07-26 02:00:00,36.66,36.84,34.67,36.25,4496178.57,2022-07-27 01:59:59.999,160614557.475,324317.0,2166360.25,77380053.8908,0.0
207,2022-07-27 02:00:00,36.26,40.55,35.68,40.23,5860676.17,2022-07-28 01:59:59.999,223453249.4009,388367.0,3107731.01,118583598.2902,0.0
208,2022-07-28 02:00:00,40.23,44.15,39.03,42.91,6754342.15,2022-07-29 01:59:59.999,276873228.499,450997.0,3459303.0,141823091.5528,0.0
209,2022-07-29 02:00:00,42.92,44.42,41.13,41.91,4949319.15,2022-07-30 01:59:59.999,210837990.9007,385431.0,2378964.72,101337392.4563,0.0
210,2022-07-30 02:00:00,41.92,46.65,41.41,43.84,5388479.3,2022-07-31 01:59:59.999,237288804.5691,403313.0,2643134.79,116261528.9747,0.0
211,2022-07-31 02:00:00,43.84,45.21,42.22,42.35,3287571.37,2022-08-01 01:59:59.999,143781304.3512,264416.0,1636293.21,71611451.8176,0.0
212,2022-08-01 02:00:00,42.34,43.26,40.57,41.65,3302835.44,2022-08-02 01:59:59.999,139083404.4631,238614.0,1631574.65,68745604.6255,0.0
213,2022-08-02 02:00:00,41.65,42.45,39.5,39.79,3598240.96,2022-08-03 01:59:59.999,147271230.043,283917.0,1802559.69,73850160.9741,0.0
214,2022-08-03 02:00:00,39.78,40.99,37.43,38.54,8391441.54,2022-08-04 01:59:59.999,328867086.3493,566505.0,4203507.52,164695440.1467,0.0
215,2022-08-04 02:00:00,38.54,39.85,37.96,38.83,4151096.9,2022-08-05 01:59:59.999,161519760.4173,260009.0,2092883.9,81436188.3987,0.0
216,2022-08-05 02:00:00,38.83,41.33,38.71,40.55,3510687.91,2022-08-06 01:59:59.999,140932183.6564,264360.0,1802582.66,72360194.2933,0.0
217,2022-08-06 02:00:00,40.55,40.89,39.85,40.07,1600652.0,2022-08-07 01:59:59.999,64746156.3028,128622.0,778857.28,31514352.4143,0.0
218,2022-08-07 02:00:00,40.07,41.57,39.21,40.6,1745897.7,2022-08-08 01:59:59.999,70500121.0893,135772.0,909272.46,36731121.9977,0.0
219,2022-08-08 02:00:00,40.6,43.71,40.55,42.18,3823749.6,2022-08-09 01:59:59.999,162376505.9103,258577.0,1928977.54,81888459.7309,0.0
220,2022-08-09 02:00:00,42.17,42.76,39.73,40.33,2832475.74,2022-08-10 01:59:59.999,116602997.6823,205619.0,1405355.85,57855480.7876,0.0
221,2022-08-10 02:00:00,40.34,42.87,39.15,42.47,4467794.94,2022-08-11 01:59:59.999,183638736.4122,302235.0,2284159.93,93873999.7168,0.0
222,2022-08-11 02:00:00,42.47,45.32,42.34,42.77,5808859.44,2022-08-12 01:59:59.999,255477156.2086,383537.0,2966785.15,130522739.4763,0.0
223,2022-08-12 02:00:00,42.78,45.49,42.12,45.48,3376989.68,2022-08-13 01:59:59.999,147076807.7503,236989.0,1719528.02,74994857.8106,0.0
224,2022-08-13 02:00:00,45.49,48.38,45.27,46.6,4706648.94,2022-08-14 01:59:59.999,221163601.1316,385375.0,2405867.97,112996645.0383,0.0
225,2022-08-14 02:00:00,46.59,48.06,44.46,44.87,3476179.16,2022-08-15 01:59:59.999,160581257.1123,283531.0,1628593.98,75308992.4382,0.0
226,2022-08-15 02:00:00,44.86,47.24,42.75,43.72,4145114.74,2022-08-16 01:59:59.999,184631369.5405,309527.0,2061754.33,91908185.5865,0.0
227,2022-08-16 02:00:00,43.72,44.31,42.53,43.08,3604735.73,2022-08-17 01:59:59.999,156167066.4442,238186.0,1812847.47,78561415.0315,0.0
228,2022-08-17 02:00:00,43.08,44.75,40.18,40.54,4207333.0,2022-08-18 01:59:59.999,177306555.0919,318727.0,2041141.96,86047873.212,0.0
229,2022-08-18 02:00:00,40.54,41.67,39.31,39.52,2839363.98,2022-08-19 01:59:59.999,115649126.7058,214606.0,1415150.6,57675826.7554,0.0
230,2022-08-19 02:00:00,39.51,39.59,35.25,35.81,6209609.03,2022-08-20 01:59:59.999,229665906.5356,433183.0,3075009.83,113741183.6371,0.0
231,2022-08-20 02:00:00,35.82,37.27,34.21,35.28,3873077.48,2022-08-21 01:59:59.999,139348419.6454,249750.0,1967510.71,70766770.2209,0.0
232,2022-08-21 02:00:00,35.28,37.09,34.51,36.47,3184917.72,2022-08-22 01:59:59.999,114371070.7415,198816.0,1616504.18,58063237.2735,0.0
233,2022-08-22 02:00:00,36.48,36.56,33.73,35.41,3740448.14,2022-08-23 01:59:59.999,130553965.0561,258622.0,1897703.05,66237194.853,0.0
234,2022-08-23 02:00:00,35.42,36.11,34.24,35.68,2736678.36,2022-08-24 01:59:59.999,96791702.1244,193865.0,1366758.94,48343159.6856,0.0
235,2022-08-24 02:00:00,35.69,36.4,34.31,34.89,2588768.41,2022-08-25 01:59:59.999,91505106.8965,181718.0,1274553.09,45042069.5648,0.0
236,2022-08-25 02:00:00,34.9,36.49,34.87,35.27,2472099.5,2022-08-26 01:59:59.999,88431667.9552,162625.0,1221186.6,43687922.9933,0.0
237,2022-08-26 02:00:00,35.26,35.79,31.36,31.72,5268727.97,2022-08-27 01:59:59.999,178600552.0664,318521.0,2592740.53,87974523.1886,0.0
238,2022-08-27 02:00:00,31.72,32.25,30.86,31.53,3025394.15,2022-08-28 01:59:59.999,95536331.7927,193663.0,1516165.49,47883309.7678,0.0
239,2022-08-28 02:00:00,31.53,32.21,30.19,30.44,2245087.33,2022-08-29 01:59:59.999,70747826.5421,145442.0,1093280.93,34469515.0075,0.0
240,2022-08-29 02:00:00,30.43,32.64,30.0,32.42,3758900.71,2022-08-30 01:59:59.999,117286548.9862,219480.0,1949650.28,60828606.183,0.0
241,2022-08-30 02:00:00,32.42,33.16,30.64,31.47,3466845.37,2022-08-31 01:59:59.999,110580073.7036,216107.0,1698099.28,54201251.9078,0.0
242,2022-08-31 02:00:00,31.47,32.95,31.18,31.5,2705795.29,2022-09-01 01:59:59.999,87063572.749,194947.0,1348280.23,43397636.1365,0.0
243,2022-09-01 02:00:00,31.49,31.79,30.44,31.61,2304167.56,2022-09-02 01:59:59.999,71765182.3355,154540.0,1151920.81,35900280.7666,0.0
244,2022-09-02 02:00:00,31.61,32.38,30.76,31.23,2327194.21,2022-09-03 01:59:59.999,73632569.0037,145103.0,1159973.87,36716622.4282,0.0
245,2022-09-03 02:00:00,31.23,31.29,30.8,31.12,773414.2,2022-09-04 01:59:59.999,24037613.0527,56763.0,382336.82,11885333.7772,0.0
246,2022-09-04 02:00:00,31.11,32.2,31.02,32.16,1302960.75,2022-09-05 01:59:59.999,41253531.369,87195.0,653632.51,20700972.4959,0.0
247,2022-09-05 02:00:00,32.17,32.5,31.15,32.18,1545295.72,2022-09-06 01:59:59.999,49170515.5549,104195.0,793522.1,25251158.6323,0.0
248,2022-09-06 02:00:00,32.17,33.9,30.44,30.88,4663061.68,2022-09-07 01:59:59.999,150579456.2478,289160.0,2295512.57,74228427.6004,0.0
249,2022-09-07 02:00:00,30.88,32.94,30.31,32.69,2516005.51,2022-09-08 01:59:59.999,79529365.9434,148862.0,1305768.57,41282560.5944,0.0
250,2022-09-08 02:00:00,32.7,33.98,31.97,33.61,3062370.54,2022-09-09 01:59:59.999,100808683.4772,197100.0,1614192.79,53159926.0993,0.0
251,2022-09-09 02:00:00,33.62,35.96,33.59,34.67,3748304.0,2022-09-10 01:59:59.999,131064314.68,248404.0,1948001.54,68071310.1329,0.0
252,2022-09-10 02:00:00,34.68,35.41,34.27,35.03,1977630.96,2022-09-11 01:59:59.999,68775341.7172,128469.0,969917.45,33735344.5741,0.0
253,2022-09-11 02:00:00,35.04,36.0,34.04,34.99,1999936.19,2022-09-12 01:59:59.999,70012318.6021,134812.0,1022964.13,35824478.4707,0.0
254,2022-09-12 02:00:00,34.99,38.39,34.4,37.44,5186842.63,2022-09-13 01:59:59.999,191408166.7532,392300.0,2636363.98,97292767.4227,0.0
255,2022-09-13 02:00:00,37.44,39.01,32.93,33.0,6401715.44,2022-09-14 01:59:59.999,232055941.6584,423841.0,3180721.84,115514440.0028,0.0
256,2022-09-14 02:00:00,33.0,34.35,32.67,34.12,3170484.22,2022-09-15 01:59:59.999,105993547.5424,194025.0,1584068.23,52973284.5216,0.0
257,2022-09-15 02:00:00,34.12,34.84,32.42,33.07,3696318.23,2022-09-16 01:59:59.999,124035458.2519,220136.0,1746314.74,58609274.4033,0.0
258,2022-09-16 02:00:00,33.08,33.26,31.5,32.25,2180222.56,2022-09-17 01:59:59.999,70677122.3721,138674.0,1104804.76,35806309.2677,0.0
259,2022-09-17 02:00:00,32.25,33.89,32.23,33.68,1414903.11,2022-09-18 01:59:59.999,46775450.87,86672.0,773519.11,25578000.7844,0.0
260,2022-09-18 02:00:00,33.69,33.99,30.86,31.1,2299068.39,2022-09-19 01:59:59.999,74834816.7651,147594.0,1114273.08,36298625.8123,0.0
261,2022-09-19 02:00:00,31.1,33.08,30.5,32.62,3503472.34,2022-09-20 01:59:59.999,110989466.1614,214301.0,1742105.28,55209809.0601,0.0
262,2022-09-20 02:00:00,32.63,32.88,31.29,31.41,2558791.65,2022-09-21 01:59:59.999,82122176.3544,154602.0,1241272.53,39854286.1826,0.0
263,2022-09-21 02:00:00,31.42,33.48,30.01,30.65,4545539.08,2022-09-22 01:59:59.999,144523070.5697,276197.0,2245315.99,71477383.5204,0.0
264,2022-09-22 02:00:00,30.65,32.87,30.59,32.43,2975325.9,2022-09-23 01:59:59.999,94798520.6756,163673.0,1515627.02,48289761.6676,0.0
265,2022-09-23 02:00:00,32.43,33.98,31.2,33.66,3481076.73,2022-09-24 01:59:59.999,112813259.8629,209616.0,1785166.26,57862265.0439,0.0
266,2022-09-24 02:00:00,33.67,34.79,33.14,33.38,3102314.35,2022-09-25 01:59:59.999,105295309.9683,207926.0,1584561.77,53805424.6611,0.0
267,2022-09-25 02:00:00,33.39,34.05,31.87,32.34,1838509.33,2022-09-26 01:59:59.999,60952435.2227,125301.0,886269.42,29392799.3949,0.0
268,2022-09-26 02:00:00,32.33,33.95,31.87,33.88,3284142.93,2022-09-27 01:59:59.999,108235930.2297,194936.0,1627673.68,53675489.0475,0.0
269,2022-09-27 02:00:00,33.89,35.41,32.08,32.69,4411114.63,2022-09-28 01:59:59.999,149901959.8887,260817.0,2193260.98,74561247.5136,0.0
270,2022-09-28 02:00:00,32.68,33.81,31.65,33.22,3091106.5,2022-09-29 01:59:59.999,101111027.1956,177327.0,1510131.44,49426408.0673,0.0
271,2022-09-29 02:00:00,33.23,34.42,32.65,33.93,2735381.21,2022-09-30 01:59:59.999,92013851.0166,189694.0,1382524.2,46524281.9476,0.0
272,2022-09-30 02:00:00,33.94,35.22,32.62,33.25,4264290.42,2022-10-01 01:59:59.999,145450985.037,228264.0,2083144.42,71053820.5072,0.0
273,2022-10-01 02:00:00,33.25,33.25,32.34,32.44,1458835.24,2022-10-02 01:59:59.999,47925215.8558,93100.0,672020.56,22081195.8835,0.0
274,2022-10-02 02:00:00,32.44,33.0,31.9,32.06,1472849.24,2022-10-03 01:59:59.999,47873022.1239,93186.0,696038.0,22631700.7159,0.0
275,2022-10-03 02:00:00,32.06,33.27,31.73,32.89,1890470.2,2022-10-04 01:59:59.999,61796987.1633,111007.0,924911.63,30242524.2506,0.0
276,2022-10-04 02:00:00,32.9,34.4,32.84,34.09,1949740.88,2022-10-05 01:59:59.999,65903648.5851,116520.0,998097.48,33735297.2827,0.0
277,2022-10-05 02:00:00,34.1,34.37,33.18,34.04,1777550.81,2022-10-06 01:59:59.999,60090464.2879,109550.0,864659.9,29240133.4387,0.0
278,2022-10-06 02:00:00,34.04,34.5,33.23,33.36,1799751.22,2022-10-07 01:59:59.999,61090995.6879,105214.0,880246.36,29890706.4531,0.0
279,2022-10-07 02:00:00,33.35,33.76,32.43,32.98,1963117.82,2022-10-08 01:59:59.999,64927457.4639,106563.0,993148.84,32864313.0009,0.0
280,2022-10-08 02:00:00,32.98,33.08,32.35,32.58,785559.59,2022-10-09 01:59:59.999,25764335.1662,49592.0,383001.84,12564569.1155,0.0
281,2022-10-09 02:00:00,32.57,33.14,32.44,32.92,883235.74,2022-10-10 01:59:59.999,28997559.5829,58651.0,451824.51,14834304.1363,0.0
282,2022-10-10 02:00:00,32.92,33.46,31.88,31.96,1554680.4,2022-10-11 01:59:59.999,50718925.4625,101777.0,719478.65,23492227.134,0.0
283,2022-10-11 02:00:00,31.95,31.96,30.42,30.8,1923666.97,2022-10-12 01:59:59.999,60351311.8529,118251.0,916343.83,28762874.8538,0.0
284,2022-10-12 02:00:00,30.8,31.55,30.67,31.16,1048211.96,2022-10-13 01:59:59.999,32646321.7327,73092.0,527110.92,16420566.4349,0.0
285,2022-10-13 02:00:00,31.15,31.21,27.87,30.49,4402648.71,2022-10-14 01:59:59.999,129678785.4251,274408.0,2166820.71,63809689.7479,0.0
286,2022-10-14 02:00:00,30.48,31.98,29.62,30.0,2384103.67,2022-10-15 01:59:59.999,73979072.9324,140749.0,1165131.37,36165687.8788,0.0
287,2022-10-15 02:00:00,30.0,30.2,29.42,29.59,1009243.59,2022-10-16 01:59:59.999,30157685.2855,61858.0,499666.23,14936620.3108,0.0
288,2022-10-16 02:00:00,29.59,30.53,29.56,30.17,934949.4,2022-10-17 01:59:59.999,28064981.6304,59358.0,505982.05,15192840.5583,0.0
289,2022-10-17 02:00:00,30.16,31.29,29.84,31.21,1694429.96,2022-10-18 01:59:59.999,51999174.8099,100248.0,843993.88,25911384.9202,0.0
290,2022-10-18 02:00:00,31.22,31.48,29.73,30.15,1966281.14,2022-10-19 01:59:59.999,60139490.4005,101641.0,955141.94,29219861.0528,0.0
291,2022-10-19 02:00:00,30.14,30.26,28.61,28.86,1713727.76,2022-10-20 01:59:59.999,50923897.9696,92584.0,832481.4,24752558.77,0.0
292,2022-10-20 02:00:00,28.86,29.47,27.98,28.01,2379315.87,2022-10-21 01:59:59.999,68526396.5981,115990.0,1184807.72,34145188.5936,0.0
293,2022-10-21 02:00:00,28.01,28.28,26.84,28.1,3208878.96,2022-10-22 01:59:59.999,88781181.5634,151689.0,1586652.66,43920617.9781,0.0
294,2022-10-22 02:00:00,28.1,28.22,27.48,28.01,1333382.63,2022-10-23 01:59:59.999,37199974.65,63573.0,669201.15,18677360.8867,0.0
295,2022-10-23 02:00:00,28.01,29.44,27.73,29.28,2150824.0,2022-10-24 01:59:59.999,61344404.57,109242.0,1093493.0,31234501.214,0.0
296,2022-10-24 02:00:00,29.28,29.5,28.16,28.3,2525864.52,2022-10-25 01:59:59.999,72407568.2489,109684.0,1210060.14,34677606.5318,0.0
297,2022-10-25 02:00:00,28.31,32.31,28.05,30.86,4389638.87,2022-10-26 01:59:59.999,133430123.8296,242605.0,2372186.5,72016320.2862,0.0
298,2022-10-26 02:00:00,30.87,32.17,30.63,31.29,3909684.74,2022-10-27 01:59:59.999,122340982.6768,192811.0,2040428.38,63865254.7303,0.0
299,2022-10-27 02:00:00,31.29,32.36,30.41,30.58,3608322.35,2022-10-28 01:59:59.999,113361840.8967,196068.0,1793904.03,56415784.914,0.0
300,2022-10-28 02:00:00,30.6,32.54,30.11,32.07,3017472.57,2022-10-29 01:59:59.999,94457060.5072,175075.0,1594836.04,49974933.2697,0.0
301,2022-10-29 02:00:00,32.06,33.84,31.85,32.87,3316674.09,2022-10-30 01:59:59.999,109586845.3865,199836.0,1744031.92,57619899.0533,0.0
302,2022-10-30 02:00:00,32.87,33.54,31.93,32.94,1962511.76,2022-10-31 00:59:59.999,64151562.7928,130251.0,983962.25,32183985.5978,0.0
303,2022-10-31 01:00:00,32.93,34.39,32.2,32.56,3082485.07,2022-11-01 00:59:59.999,102302329.1078,217549.0,1558058.39,51751042.9176,0.0
304,2022-11-01 01:00:00,32.57,33.39,32.15,32.2,2015730.52,2022-11-02 00:59:59.999,65891304.4398,120950.0,966622.11,31607446.8828,0.0
305,2022-11-02 01:00:00,32.2,32.95,30.24,30.8,3423829.13,2022-11-03 00:59:59.999,107898622.3516,222708.0,1636780.59,51661040.524,0.0
306,2022-11-03 01:00:00,30.81,32.25,30.61,30.85,2302866.46,2022-11-04 00:59:59.999,72414161.3203,140610.0,1195255.56,37587596.656,0.0
307,2022-11-04 01:00:00,30.86,34.2,30.66,33.74,4106770.6,2022-11-05 00:59:59.999,134935951.6667,257544.0,2161905.66,71073845.7571,0.0
308,2022-11-05 01:00:00,33.73,38.79,33.66,36.9,7466083.52,2022-11-06 00:59:59.999,272433712.0872,523661.0,3799493.34,138500166.4288,0.0
309,2022-11-06 01:00:00,36.9,37.06,32.31,32.62,4722074.05,2022-11-07 00:59:59.999,164782709.5099,323910.0,2251526.61,78743892.9296,0.0
310,2022-11-07 01:00:00,32.61,33.13,28.0,29.62,9810937.64,2022-11-08 00:59:59.999,308389485.1667,563325.0,4541818.13,142984954.2906,0.0
311,2022-11-08 01:00:00,29.62,31.72,19.8,24.38,28156844.019,2022-11-09 00:59:59.999,745105277.800207,1899661.0,13705974.967,362492727.92945,0.0
312,2022-11-09 01:00:00,24.38,24.38,12.37,14.08,34965021.076,2022-11-10 00:59:59.999,604959490.742503,2408465.0,17084721.084,295279080.24413,0.0
313,2022-11-10 01:00:00,14.08,18.87,13.14,17.66,31278279.25,2022-11-11 00:59:59.999,494275918.8863,1907480.0,15939793.48,252133227.0316,0.0
314,2022-11-11 01:00:00,17.65,18.31,15.1,16.45,16952323.15,2022-11-12 00:59:59.999,283397692.0683,937752.0,8827977.71,147568132.1606,0.0
315,2022-11-12 01:00:00,16.46,16.53,14.47,14.58,6958266.14,2022-11-13 00:59:59.999,106603740.9743,352695.0,3257717.53,49876149.3438,0.0
316,2022-11-13 01:00:00,14.58,14.74,13.02,13.18,7632404.82,2022-11-14 00:59:59.999,106360669.2869,376380.0,3762991.62,52477795.0732,0.0
317,2022-11-14 01:00:00,13.18,15.01,12.07,14.0,12412181.95,2022-11-15 00:59:59.999,171237609.7191,591758.0,6262002.08,86577144.4824,0.0
318,2022-11-15 01:00:00,14.0,15.1,13.82,14.32,7666656.34,2022-11-16 00:59:59.999,110580868.7186,337257.0,3952908.49,57018114.7175,0.0
319,2022-11-16 01:00:00,14.32,14.64,13.64,14.27,4117412.48,2022-11-17 00:59:59.999,58349495.4387,191387.0,1991644.14,28223368.6814,0.0
320,2022-11-17 01:00:00,14.27,14.5,12.93,13.65,6589277.99,2022-11-18 00:59:59.999,90166530.5767,282425.0,3107501.81,42540237.7563,0.0
321,2022-11-18 01:00:00,13.65,13.89,13.0,13.27,2949495.18,2022-11-19 00:59:59.999,39653187.5079,138052.0,1463846.4,19675093.9096,0.0
322,2022-11-19 01:00:00,13.28,13.28,12.58,12.84,2920148.22,2022-11-20 00:59:59.999,37459974.3927,113305.0,1440954.67,18483800.5249,0.0
323,2022-11-20 01:00:00,12.84,13.58,12.1,12.27,4790066.03,2022-11-21 00:59:59.999,61291532.9701,177887.0,2254834.24,28911714.1009,0.0
324,2022-11-21 01:00:00,12.26,12.29,11.27,11.83,4921177.259,2022-11-22 00:59:59.999,58064656.239262,209806.0,2339861.33,27606863.9681,0.0
325,2022-11-22 01:00:00,11.83,12.5,10.94,12.44,5495351.55,2022-11-23 00:59:59.999,64284791.2958,200003.0,2780629.72,32573280.923,0.0
326,2022-11-23 01:00:00,12.43,14.5,12.4,14.36,7872882.42,2022-11-24 00:59:59.999,105011604.6065,304412.0,3962407.58,52865287.5512,0.0
327,2022-11-24 01:00:00,14.36,14.96,13.84,14.59,4725295.69,2022-11-25 00:59:59.999,68013704.6707,204547.0,2364160.57,34036653.9139,0.0
328,2022-11-25 01:00:00,14.6,14.61,13.91,14.03,2819515.28,2022-11-26 00:59:59.999,39918747.0179,118289.0,1248811.02,17690660.4371,0.0
329,2022-11-26 01:00:00,14.03,14.98,13.97,14.17,2911827.78,2022-11-27 00:59:59.999,42001304.9539,126762.0,1459908.28,21078616.7117,0.0
330,2022-11-27 01:00:00,14.17,14.45,14.05,14.12,2063327.08,2022-11-28 00:59:59.999,29472967.3289,81599.0,983336.3,14054435.0508,0.0
331,2022-11-28 01:00:00,14.11,14.17,12.78,13.32,4718682.44,2022-11-29 00:59:59.999,63044912.9796,186525.0,2218459.92,29605695.7701,0.0
332,2022-11-29 01:00:00,13.33,13.96,13.14,13.34,2605636.41,2022-11-30 00:59:59.999,35266841.3659,109799.0,1292599.02,17496338.0806,0.0
333,2022-11-30 01:00:00,13.35,14.32,13.21,14.16,3599962.88,2022-12-01 00:59:59.999,49268922.7456,141333.0,1729956.48,23707377.633,0.0
334,2022-12-01 01:00:00,14.17,14.19,13.4,13.51,2567835.92,2022-12-02 00:59:59.999,35283701.8709,102314.0,1175692.41,16157522.896,0.0
335,2022-12-02 01:00:00,13.51,13.84,13.33,13.71,2865008.71,2022-12-03 00:59:59.999,38880254.2555,104197.0,1343111.22,18234708.6782,0.0
336,2022-12-03 01:00:00,13.71,13.77,13.2,13.29,1958859.38,2022-12-04 00:59:59.999,26510419.9808,65671.0,904596.17,12253443.4963,0.0
337,2022-12-04 01:00:00,13.29,13.75,13.27,13.71,1778118.75,2022-12-05 00:59:59.999,24011576.8554,65320.0,826512.81,11164704.8243,0.0
338,2022-12-05 01:00:00,13.71,14.17,13.58,13.82,3962489.89,2022-12-06 00:59:59.999,55137018.0152,124321.0,1951925.69,27165596.0676,0.0
339,2022-12-06 01:00:00,13.82,14.38,13.81,14.3,3280084.71,2022-12-07 00:59:59.999,46177390.4947,101962.0,1671763.55,23555981.6823,0.0
340,2022-12-07 01:00:00,14.3,14.34,13.39,13.49,2647330.66,2022-12-08 00:59:59.999,36316567.7892,83203.0,1187974.2,16297933.5121,0.0
341,2022-12-08 01:00:00,13.49,13.77,13.27,13.69,2218371.02,2022-12-09 00:59:59.999,29973338.0257,71886.0,992557.95,13416471.6885,0.0
342,2022-12-09 01:00:00,13.69,14.02,13.51,13.59,2597941.96,2022-12-10 00:59:59.999,35741987.3066,79323.0,1220387.01,16799670.8402,0.0
343,2022-12-10 01:00:00,13.58,13.73,13.54,13.58,950118.11,2022-12-11 00:59:59.999,12943087.0124,38836.0,412114.64,5615740.1025,0.0
344,2022-12-11 01:00:00,13.58,13.8,13.39,13.42,1210234.56,2022-12-12 00:59:59.999,16488172.7352,44964.0,524503.99,7147715.1327,0.0
345,2022-12-12 01:00:00,13.42,13.5,12.82,13.31,2644017.08,2022-12-13 00:59:59.999,34795876.6935,79659.0,1314582.48,17286858.5214,0.0
346,2022-12-13 01:00:00,13.31,14.15,12.76,13.89,3963954.49,2022-12-14 00:59:59.999,53647953.5915,123225.0,1869488.02,25343332.4004,0.0
347,2022-12-14 01:00:00,13.9,14.96,13.81,14.12,5084591.13,2022-12-15 00:59:59.999,73011670.0454,147840.0,2510136.77,36078743.1688,0.0
348,2022-12-15 01:00:00,14.12,14.52,13.86,14.04,2711381.25,2022-12-16 00:59:59.999,38233174.5311,94100.0,1229428.67,17350296.0866,0.0
349,2022-12-16 01:00:00,14.05,14.17,12.0,12.25,4522833.23,2022-12-17 00:59:59.999,59074303.446,143114.0,2139772.57,27925193.7409,0.0
350,2022-12-17 01:00:00,12.25,12.6,11.92,12.51,2465880.45,2022-12-18 00:59:59.999,30275875.4776,85988.0,1248441.24,15342439.3012,0.0
351,2022-12-18 01:00:00,12.5,12.6,12.25,12.38,1358593.49,2022-12-19 00:59:59.999,16889762.1124,48429.0,636868.0,7918324.3942,0.0
352,2022-12-19 01:00:00,12.38,12.59,11.66,11.94,2385052.59,2022-12-20 00:59:59.999,29005256.2365,84083.0,1150942.69,13998509.122,0.0
353,2022-12-20 01:00:00,11.94,12.49,11.84,12.26,1699256.37,2022-12-21 00:59:59.999,20852720.2713,72708.0,792215.12,9721732.457,0.0
354,2022-12-21 01:00:00,12.26,12.29,11.9,12.14,1549774.66,2022-12-22 00:59:59.999,18693850.6327,57613.0,700803.38,8456655.2063,0.0
355,2022-12-22 01:00:00,12.14,12.19,11.67,11.82,1805407.09,2022-12-23 00:59:59.999,21542776.7838,62242.0,825514.72,9849438.8353,0.0
356,2022-12-23 01:00:00,11.81,12.11,11.72,11.78,1647382.32,2022-12-24 00:59:59.999,19580748.0832,51969.0,811861.54,9650128.1346,0.0
357,2022-12-24 01:00:00,11.79,11.79,11.07,11.45,2286878.14,2022-12-25 00:59:59.999,26033045.1144,80202.0,1083346.83,12336561.6617,0.0
358,2022-12-25 01:00:00,11.45,11.56,11.24,11.38,916417.64,2022-12-26 00:59:59.999,10444203.1737,36795.0,430389.11,4905480.497,0.0
359,2022-12-26 01:00:00,11.39,11.49,11.06,11.32,1613225.82,2022-12-27 00:59:59.999,18177914.3844,48977.0,753446.63,8490918.7602,0.0
360,2022-12-27 01:00:00,11.33,11.44,10.71,11.09,3052197.59,2022-12-28 00:59:59.999,33580524.4483,84884.0,1428022.83,15721386.5215,0.0
361,2022-12-28 01:00:00,11.1,11.12,9.39,9.76,7362205.181,2022-12-29 00:59:59.999,73951659.2539,190189.0,3430705.41,34438978.0912,0.0
362,2022-12-29 01:00:00,9.76,10.89,8.0,9.64,12093989.53,2022-12-30 00:59:59.999,110705885.85642,276670.0,5793787.27,53079362.2566,0.0
363,2022-12-30 01:00:00,9.64,10.26,9.0,9.9,12587079.51,2022-12-31 00:59:59.999,121032784.4865,296354.0,6062115.36,58359983.1982,0.0
