,OpenTime,TRX-USD_Open,TRX-USD_High,TRX-USD_Low,TRX-USD_Close,TRX-USD_volume,CloseTime,TRX-QuoteAssetVolume,TRX-NumberOfTrades,TRX-TBBAV,TRX-TBQAV,TRX-ignore
0,2022-01-01 01:00:00,0.07536,0.07683,0.07524,0.0766,1637828312.1,2022-01-02 00:59:59.999,124708558.358644,109812.0,836259288.7,63677124.394428,0.0
1,2022-01-02 01:00:00,0.07661,0.07834,0.07599,0.07762,1734586731.6,2022-01-03 00:59:59.999,133643026.510842,129152.0,894314452.9,68907181.744747,0.0
2,2022-01-03 01:00:00,0.07761,0.07824,0.07625,0.07705,1758327144.8,2022-01-04 00:59:59.999,135985970.721469,158879.0,880827114.3,68122121.624383,0.0
3,2022-01-04 01:00:00,0.07705,0.07809,0.07575,0.07592,1800024542.7,2022-01-05 00:59:59.999,138326451.893713,167194.0,900115535.0,69166986.930321,0.0
4,2022-01-05 01:00:00,0.07593,0.07745,0.0691,0.07112,1832769713.7,2022-01-06 00:59:59.999,138644815.720749,241331.0,918056995.8,69533623.987684,0.0
5,2022-01-06 01:00:00,0.07113,0.07149,0.06925,0.07106,3244970701.9,2022-01-07 00:59:59.999,228643706.744183,199231.0,1590425644.1,112041145.533823,0.0
6,2022-01-07 01:00:00,0.07107,0.07119,0.06652,0.0682,2353241534.0,2022-01-08 00:59:59.999,161298470.155776,239364.0,1219945176.3,83631061.393066,0.0
7,2022-01-08 01:00:00,0.06821,0.06918,0.06402,0.06539,1122002395.6,2022-01-09 00:59:59.999,75492240.457532,184939.0,561844420.3,37808263.036261,0.0
8,2022-01-09 01:00:00,0.06539,0.06724,0.0649,0.06611,1342231000.4,2022-01-10 00:59:59.999,88734862.338877,134872.0,707371733.3,46766766.449269,0.0
9,2022-01-10 01:00:00,0.06611,0.06692,0.06111,0.06342,1875401682.1,2022-01-11 00:59:59.999,121379245.719136,209426.0,959727596.3,62164396.143929,0.0
10,2022-01-11 01:00:00,0.06343,0.06566,0.0629,0.06493,1584213482.2,2022-01-12 00:59:59.999,101556345.53877,156479.0,835535780.9,53567483.246084,0.0
11,2022-01-12 01:00:00,0.06493,0.06834,0.06491,0.06806,1471410395.9,2022-01-13 00:59:59.999,98329749.415094,161895.0,761016174.1,50837221.171251,0.0
12,2022-01-13 01:00:00,0.06807,0.06856,0.06593,0.0662,1830087974.3,2022-01-14 00:59:59.999,123628548.341964,160274.0,929340725.6,62775613.970858,0.0
13,2022-01-14 01:00:00,0.06621,0.0685,0.06587,0.06765,1749245168.9,2022-01-15 00:59:59.999,117497731.036495,162310.0,879895304.9,59112023.429061,0.0
14,2022-01-15 01:00:00,0.06765,0.06934,0.067,0.06842,1014298584.7,2022-01-16 00:59:59.999,69082536.281932,129322.0,512918523.2,34935970.98808,0.0
15,2022-01-16 01:00:00,0.06841,0.07039,0.06829,0.06988,1278605074.3,2022-01-17 00:59:59.999,89023028.038211,146613.0,652319140.0,45419683.333509,0.0
16,2022-01-17 01:00:00,0.06988,0.07244,0.06889,0.07085,2264462911.8,2022-01-18 00:59:59.999,159661127.223001,237441.0,1146712701.0,80861865.528519,0.0
17,2022-01-18 01:00:00,0.07085,0.07138,0.06743,0.06846,1820431991.1,2022-01-19 00:59:59.999,125053869.225636,180631.0,926337652.0,63626651.596401,0.0
18,2022-01-19 01:00:00,0.06846,0.06964,0.06612,0.06915,2280024794.2,2022-01-20 00:59:59.999,155793806.87647,180848.0,1140723367.9,77950411.096037,0.0
19,2022-01-20 01:00:00,0.06915,0.07206,0.06744,0.06773,1735106694.6,2022-01-21 00:59:59.999,120843955.718616,200965.0,873322162.8,60826149.331735,0.0
20,2022-01-21 01:00:00,0.06771,0.06863,0.05971,0.06103,2597725957.6,2022-01-22 00:59:59.999,169885970.497411,288655.0,1299831218.7,85002318.127978,0.0
21,2022-01-22 01:00:00,0.06103,0.06201,0.05265,0.0568,3142285867.5,2022-01-23 00:59:59.999,179801289.113178,339456.0,1587765431.1,90857492.997054,0.0
22,2022-01-23 01:00:00,0.05679,0.05854,0.05535,0.05752,1739505171.4,2022-01-24 00:59:59.999,99472712.07927,220119.0,900299759.5,51483372.896561,0.0
23,2022-01-24 01:00:00,0.0575,0.05755,0.05101,0.05506,2711696074.2,2022-01-25 00:59:59.999,145700648.090693,329182.0,1387142256.8,74541511.60909,0.0
24,2022-01-25 01:00:00,0.05504,0.05616,0.05429,0.05588,1740384902.0,2022-01-26 00:59:59.999,96011838.313351,186084.0,889381771.6,49062571.280234,0.0
25,2022-01-26 01:00:00,0.05589,0.05905,0.05534,0.0562,1656601994.6,2022-01-27 00:59:59.999,94351917.926973,221468.0,842537653.7,47999335.793708,0.0
26,2022-01-27 01:00:00,0.05619,0.05716,0.05442,0.05649,1392669179.5,2022-01-28 00:59:59.999,77798105.375182,163317.0,685584735.3,38313913.830187,0.0
27,2022-01-28 01:00:00,0.05649,0.05767,0.0558,0.05757,1210381796.8,2022-01-29 00:59:59.999,68614852.474274,138598.0,630848123.2,35766695.447611,0.0
28,2022-01-29 01:00:00,0.05757,0.06039,0.05711,0.06034,1117040029.2,2022-01-30 00:59:59.999,65600598.855076,130590.0,577857527.7,33930492.432549,0.0
29,2022-01-30 01:00:00,0.06035,0.06054,0.05821,0.05863,1080261077.5,2022-01-31 00:59:59.999,64527175.677464,129712.0,540858350.5,32304110.261894,0.0
30,2022-01-31 01:00:00,0.05862,0.05938,0.05665,0.05906,1089882869.6,2022-02-01 00:59:59.999,63177256.704937,130666.0,553437723.3,32090785.929974,0.0
31,2022-02-01 01:00:00,0.05909,0.06025,0.05882,0.05979,1103088489.0,2022-02-02 00:59:59.999,65716323.00759,120347.0,570353410.1,33975525.99665,0.0
32,2022-02-02 01:00:00,0.05979,0.06154,0.05843,0.05847,1391192801.4,2022-02-03 00:59:59.999,83761599.129127,146396.0,704659617.9,42454695.549712,0.0
33,2022-02-03 01:00:00,0.05847,0.05987,0.05826,0.05981,1122173232.4,2022-02-04 00:59:59.999,66196504.924425,111787.0,585107372.1,34518630.215307,0.0
34,2022-02-04 01:00:00,0.05981,0.06458,0.05961,0.06441,1518651621.7,2022-02-05 00:59:59.999,94990073.27754,210338.0,799433851.6,50008370.507367,0.0
35,2022-02-05 01:00:00,0.06442,0.06621,0.06354,0.06467,1282234491.0,2022-02-06 00:59:59.999,83259560.9081,174191.0,653830258.0,42456834.489549,0.0
36,2022-02-06 01:00:00,0.06467,0.06634,0.06433,0.06617,986081488.8,2022-02-07 00:59:59.999,64420718.035902,125296.0,513167838.9,33529344.657451,0.0
37,2022-02-07 01:00:00,0.06616,0.06933,0.06523,0.06852,1614783612.6,2022-02-08 00:59:59.999,108949996.655595,197227.0,832482623.3,56179843.407198,0.0
38,2022-02-08 01:00:00,0.06852,0.07024,0.06677,0.06806,1901816275.5,2022-02-09 00:59:59.999,129952813.202254,209208.0,932065475.1,63707624.323617,0.0
39,2022-02-09 01:00:00,0.06808,0.07004,0.06735,0.06991,1299493837.8,2022-02-10 00:59:59.999,89499960.205868,155434.0,659411611.9,45418532.044756,0.0
40,2022-02-10 01:00:00,0.06991,0.07165,0.06837,0.0685,1631532092.6,2022-02-11 00:59:59.999,114262550.024635,234140.0,843675588.7,59093897.785476,0.0
41,2022-02-11 01:00:00,0.0685,0.0685,0.06337,0.06399,1666467885.8,2022-02-12 00:59:59.999,110359837.319291,191809.0,819123926.6,54241618.93855,0.0
42,2022-02-12 01:00:00,0.06399,0.06507,0.06216,0.06352,1439122189.3,2022-02-13 00:59:59.999,91799751.976345,148460.0,726916316.3,46378061.443047,0.0
43,2022-02-13 01:00:00,0.06352,0.06503,0.06316,0.06427,1383448320.2,2022-02-14 00:59:59.999,88798306.553538,107317.0,716942028.0,46018179.747802,0.0
44,2022-02-14 01:00:00,0.06427,0.06543,0.06328,0.06442,1274185471.1,2022-02-15 00:59:59.999,81758599.437391,132140.0,636963175.2,40886783.902101,0.0
45,2022-02-15 01:00:00,0.06441,0.067,0.06437,0.06685,1352162335.2,2022-02-16 00:59:59.999,89395432.180903,143596.0,724006414.1,47857189.310197,0.0
46,2022-02-16 01:00:00,0.06686,0.06693,0.0655,0.0664,1080430061.4,2022-02-17 00:59:59.999,71625161.452086,123656.0,557830186.8,36986005.339848,0.0
47,2022-02-17 01:00:00,0.06641,0.06712,0.06206,0.06249,1482815072.2,2022-02-18 00:59:59.999,96226993.800542,160628.0,746149631.7,48447098.926546,0.0
48,2022-02-18 01:00:00,0.06249,0.06411,0.06208,0.06306,1492712895.5,2022-02-19 00:59:59.999,94301518.433061,140857.0,745659680.9,47102743.341852,0.0
49,2022-02-19 01:00:00,0.06306,0.06439,0.06288,0.06348,1243122522.0,2022-02-20 00:59:59.999,79321509.805645,123216.0,653292523.8,41690993.397705,0.0
50,2022-02-20 01:00:00,0.06348,0.06356,0.06103,0.06199,1624256236.5,2022-02-21 00:59:59.999,100717538.811949,131630.0,828994537.6,51406574.359162,0.0
51,2022-02-21 01:00:00,0.06199,0.06369,0.05928,0.05954,2174590565.6,2022-02-22 00:59:59.999,135216563.691138,185459.0,1083826213.7,67422769.165727,0.0
52,2022-02-22 01:00:00,0.05954,0.06276,0.0591,0.06265,2012415605.7,2022-02-23 00:59:59.999,122548450.982354,177447.0,1025585095.9,62470446.034485,0.0
53,2022-02-23 01:00:00,0.06264,0.06388,0.0607,0.06081,1644851328.2,2022-02-24 00:59:59.999,103281966.799898,154918.0,857255587.4,53840049.393501,0.0
54,2022-02-24 01:00:00,0.0608,0.06192,0.05612,0.0611,2680142979.8,2022-02-25 00:59:59.999,157472347.41119,292686.0,1323492840.9,77797372.941911,0.0
55,2022-02-25 01:00:00,0.06109,0.06281,0.0554,0.05943,3173392364.9,2022-02-26 00:59:59.999,188298087.4109,333397.0,1598841196.3,94925468.378419,0.0
56,2022-02-26 01:00:00,0.05944,0.06161,0.05872,0.05961,1928230861.4,2022-02-27 00:59:59.999,115626017.962871,213048.0,986219606.3,59135537.731665,0.0
57,2022-02-27 01:00:00,0.05961,0.06077,0.05738,0.05807,1480352652.2,2022-02-28 00:59:59.999,87910770.749261,171354.0,711540474.4,42266345.084776,0.0
58,2022-02-28 01:00:00,0.05808,0.06277,0.05743,0.06176,1492800339.8,2022-03-01 00:59:59.999,88491882.120947,182795.0,798199903.7,47337184.970344,0.0
59,2022-03-01 01:00:00,0.06176,0.06283,0.06101,0.06219,1410581955.6,2022-03-02 00:59:59.999,87216541.250764,168959.0,706706612.0,43702324.843353,0.0
60,2022-03-02 01:00:00,0.0622,0.06292,0.06079,0.06153,1364084861.3,2022-03-03 00:59:59.999,84455442.776802,148278.0,682309936.4,42254797.983655,0.0
61,2022-03-03 01:00:00,0.06153,0.06162,0.05912,0.05995,1170863043.4,2022-03-04 00:59:59.999,70751659.371733,126521.0,592032480.0,35780994.205767,0.0
62,2022-03-04 01:00:00,0.05996,0.06021,0.0575,0.05829,1404191923.5,2022-03-05 00:59:59.999,82572116.352596,139652.0,708285481.6,41650659.320054,0.0
63,2022-03-05 01:00:00,0.05829,0.06091,0.05771,0.06037,1004176906.2,2022-03-06 00:59:59.999,59455661.051453,115707.0,509408206.2,30157345.446238,0.0
64,2022-03-06 01:00:00,0.06037,0.06089,0.05868,0.05889,1009504199.5,2022-03-07 00:59:59.999,60511035.248514,107766.0,495877300.1,29732625.910004,0.0
65,2022-03-07 01:00:00,0.05889,0.06061,0.05782,0.05859,1126941770.3,2022-03-08 00:59:59.999,66565506.490927,120326.0,569962149.1,33677131.064743,0.0
66,2022-03-08 01:00:00,0.05859,0.06111,0.05846,0.06054,1400398681.0,2022-03-09 00:59:59.999,84456401.276803,134956.0,698655169.4,42137589.256171,0.0
67,2022-03-09 01:00:00,0.06054,0.06263,0.06035,0.0608,1518100539.2,2022-03-10 00:59:59.999,93347725.230038,163556.0,795887326.6,48938152.865464,0.0
68,2022-03-10 01:00:00,0.0608,0.06085,0.05785,0.05989,1732867238.9,2022-03-11 00:59:59.999,102306324.389959,154046.0,892525704.0,52696014.744198,0.0
69,2022-03-11 01:00:00,0.05989,0.06089,0.05897,0.06022,1355529610.2,2022-03-12 00:59:59.999,81326256.365651,124185.0,701304879.1,42076493.87801,0.0
70,2022-03-12 01:00:00,0.06022,0.06073,0.05956,0.05967,801323675.4,2022-03-13 00:59:59.999,48055157.214316,83708.0,408175243.1,24477279.947059,0.0
71,2022-03-13 01:00:00,0.05967,0.06028,0.05892,0.05931,801855246.4,2022-03-14 00:59:59.999,47937099.739645,84846.0,414373363.3,24772658.563378,0.0
72,2022-03-14 01:00:00,0.0593,0.06043,0.0589,0.06007,1061489473.6,2022-03-15 00:59:59.999,63615125.000494,94826.0,559738376.9,33547333.383195,0.0
73,2022-03-15 01:00:00,0.06007,0.06066,0.05956,0.0605,995932338.3,2022-03-16 00:59:59.999,59869942.402578,102708.0,532028081.6,31984042.511561,0.0
74,2022-03-16 01:00:00,0.0605,0.06154,0.05941,0.06107,1377940873.5,2022-03-17 00:59:59.999,83323753.050576,130336.0,717942061.7,43414826.403335,0.0
75,2022-03-17 01:00:00,0.06107,0.06112,0.06056,0.06071,808225631.6,2022-03-18 00:59:59.999,49174233.77828,86114.0,409795895.8,24932353.451777,0.0
76,2022-03-18 01:00:00,0.06072,0.06183,0.06005,0.06162,905420804.1,2022-03-19 00:59:59.999,54892146.185754,94800.0,469585266.3,28469186.65576,0.0
77,2022-03-19 01:00:00,0.06162,0.06216,0.06124,0.06191,909850420.4,2022-03-20 00:59:59.999,56145521.498415,93977.0,467886128.7,28874554.977628,0.0
78,2022-03-20 01:00:00,0.06191,0.06246,0.06083,0.06156,1559785143.5,2022-03-21 00:59:59.999,96049079.557187,136724.0,775892948.3,47783946.575092,0.0
79,2022-03-21 01:00:00,0.06155,0.06186,0.06075,0.06177,1558435732.3,2022-03-22 00:59:59.999,95740938.744802,132717.0,794203338.1,48792093.995785,0.0
80,2022-03-22 01:00:00,0.06177,0.06394,0.06161,0.06344,1638397049.5,2022-03-23 00:59:59.999,103229551.548202,168743.0,859641008.9,54163619.291642,0.0
81,2022-03-23 01:00:00,0.06343,0.06488,0.06317,0.06431,1330267567.3,2022-03-24 00:59:59.999,85160261.79557,163556.0,687604975.2,44021323.937655,0.0
82,2022-03-24 01:00:00,0.06432,0.06594,0.06376,0.06564,1493162200.0,2022-03-25 00:59:59.999,96838691.234981,186411.0,776557688.1,50364474.066454,0.0
83,2022-03-25 01:00:00,0.06564,0.06664,0.06385,0.06437,1467402618.8,2022-03-26 00:59:59.999,96070500.891397,196041.0,743063741.2,48656962.892625,0.0
84,2022-03-26 01:00:00,0.06436,0.06639,0.06381,0.06632,1699386263.4,2022-03-27 00:59:59.999,110054719.672604,182754.0,878687741.6,56909622.901691,0.0
85,2022-03-27 01:00:00,0.06631,0.06956,0.06583,0.06899,2083247985.4,2022-03-28 01:59:59.999,140685564.803535,267032.0,1085280852.4,73296716.263412,0.0
86,2022-03-28 02:00:00,0.06899,0.07197,0.06851,0.0691,1856463228.4,2022-03-29 01:59:59.999,130603057.830817,270496.0,963145251.4,67764364.553725,0.0
87,2022-03-29 02:00:00,0.06912,0.07248,0.06832,0.06936,1453951645.5,2022-03-30 01:59:59.999,102801218.775881,232870.0,741410880.2,52434922.400176,0.0
88,2022-03-30 02:00:00,0.06937,0.07444,0.06745,0.07334,2557063068.7,2022-03-31 01:59:59.999,183066547.59187,380823.0,1315852680.2,94210868.655817,0.0
89,2022-03-31 02:00:00,0.07334,0.07956,0.07325,0.07388,3186223698.7,2022-04-01 01:59:59.999,241642359.235578,536799.0,1630267760.2,123646593.323702,0.0
90,2022-04-01 02:00:00,0.07388,0.07511,0.0692,0.07494,1612294324.2,2022-04-02 01:59:59.999,117982289.907264,264000.0,822166868.1,60194675.070328,0.0
91,2022-04-02 02:00:00,0.07495,0.07644,0.07279,0.07322,1287534518.5,2022-04-03 01:59:59.999,96460247.037326,211590.0,685479325.3,51399044.651371,0.0
92,2022-04-03 02:00:00,0.07323,0.07371,0.07208,0.07312,783037232.3,2022-04-04 01:59:59.999,57039132.224083,146594.0,427077343.2,31114001.454156,0.0
93,2022-04-04 02:00:00,0.07311,0.07313,0.06881,0.0707,1129118661.6,2022-04-05 01:59:59.999,80169059.757073,184067.0,563069526.9,39985937.51109,0.0
94,2022-04-05 02:00:00,0.0707,0.07181,0.06918,0.06928,1039780864.1,2022-04-06 01:59:59.999,73400546.246722,161259.0,529461897.2,37393339.733841,0.0
95,2022-04-06 02:00:00,0.06928,0.06936,0.06299,0.06308,1452627239.7,2022-04-07 01:59:59.999,95916860.473345,230930.0,684607426.0,45251419.386251,0.0
96,2022-04-07 02:00:00,0.06307,0.06479,0.06264,0.06431,1226144490.6,2022-04-08 01:59:59.999,78231853.424307,170326.0,624863327.0,39876385.424262,0.0
97,2022-04-08 02:00:00,0.0643,0.06521,0.06213,0.06259,1083541914.8,2022-04-09 01:59:59.999,69080422.779371,161335.0,526865629.7,33606755.104759,0.0
98,2022-04-09 02:00:00,0.06259,0.06405,0.06221,0.06394,991389626.2,2022-04-10 01:59:59.999,62568049.850765,144294.0,515350969.2,32529364.458436,0.0
99,2022-04-10 02:00:00,0.06394,0.06429,0.06218,0.06238,920182764.9,2022-04-11 01:59:59.999,58350784.95697,140599.0,458315119.6,29066302.042833,0.0
100,2022-04-11 02:00:00,0.06236,0.06255,0.05774,0.05823,1239891995.1,2022-04-12 01:59:59.999,74405109.365028,182205.0,590548278.6,35445149.689275,0.0
101,2022-04-12 02:00:00,0.05824,0.06042,0.0579,0.05991,1076307124.6,2022-04-13 01:59:59.999,63789330.27562,160682.0,560580807.7,33221770.233081,0.0
102,2022-04-13 02:00:00,0.0599,0.06153,0.05935,0.0615,915244608.8,2022-04-14 01:59:59.999,55319636.727382,141750.0,469481205.0,28383121.059677,0.0
103,2022-04-14 02:00:00,0.0615,0.06216,0.05938,0.06013,1072890655.8,2022-04-15 01:59:59.999,65312604.667691,142243.0,540300518.7,32906976.642288,0.0
104,2022-04-15 02:00:00,0.06014,0.06241,0.05985,0.06181,940617959.7,2022-04-16 01:59:59.999,57649029.856972,131105.0,475369178.2,29121283.167083,0.0
105,2022-04-16 02:00:00,0.06182,0.06225,0.06094,0.06186,724223249.2,2022-04-17 01:59:59.999,44744579.428014,114158.0,368272920.8,22755884.447415,0.0
106,2022-04-17 02:00:00,0.06186,0.06289,0.0598,0.06009,892400970.8,2022-04-18 01:59:59.999,55186133.019956,130021.0,434805548.1,26902795.445468,0.0
107,2022-04-18 02:00:00,0.06008,0.06167,0.05886,0.06148,1328404692.8,2022-04-19 01:59:59.999,80014511.575275,158632.0,659269157.7,39728602.78384,0.0
108,2022-04-19 02:00:00,0.06147,0.06362,0.06111,0.0631,1199904239.0,2022-04-20 01:59:59.999,74623039.430949,160604.0,624913579.5,38866980.452087,0.0
109,2022-04-20 02:00:00,0.06311,0.06345,0.06181,0.06261,1187994943.2,2022-04-21 01:59:59.999,74612850.500083,159835.0,608796077.3,38240461.45228,0.0
110,2022-04-21 02:00:00,0.06261,0.075,0.06243,0.07112,6294268623.8,2022-04-22 01:59:59.999,444424571.057116,912863.0,3196652437.4,225649534.458218,0.0
111,2022-04-22 02:00:00,0.07112,0.07246,0.06637,0.06661,3203527503.6,2022-04-23 01:59:59.999,219016525.155878,440723.0,1566081942.9,107102926.344287,0.0
112,2022-04-23 02:00:00,0.0666,0.0693,0.06649,0.06761,1477379914.2,2022-04-24 01:59:59.999,100442836.424837,271457.0,748946580.1,50919004.794805,0.0
113,2022-04-24 02:00:00,0.06762,0.06792,0.0646,0.06567,1101010255.8,2022-04-25 01:59:59.999,72739051.705435,172121.0,520147244.9,34354031.547623,0.0
114,2022-04-25 02:00:00,0.06567,0.06581,0.06174,0.06531,1341560314.3,2022-04-26 01:59:59.999,85141082.778075,217889.0,673937412.4,42790955.581037,0.0
115,2022-04-26 02:00:00,0.06531,0.06566,0.06158,0.0619,1114740594.2,2022-04-27 01:59:59.999,71115806.215429,182349.0,552631550.5,35267614.417682,0.0
116,2022-04-27 02:00:00,0.0619,0.06372,0.0617,0.06318,1001719735.6,2022-04-28 01:59:59.999,62910748.160148,170547.0,514247266.0,32300206.690756,0.0
117,2022-04-28 02:00:00,0.06318,0.0641,0.0625,0.06372,1000760430.4,2022-04-29 01:59:59.999,63485897.206455,185831.0,517305386.7,32824089.473715,0.0
118,2022-04-29 02:00:00,0.06372,0.07003,0.06272,0.06368,2815178038.8,2022-04-30 01:59:59.999,186467340.889753,378596.0,1438095373.6,95250246.234602,0.0
119,2022-04-30 02:00:00,0.06368,0.06525,0.06188,0.06262,1817042212.8,2022-05-01 01:59:59.999,115514201.386351,235292.0,909373579.7,57831641.487192,0.0
120,2022-05-01 02:00:00,0.06262,0.07171,0.06163,0.07079,3438166744.2,2022-05-02 01:59:59.999,230299576.791111,437175.0,1795992976.2,120344279.979198,0.0
121,2022-05-02 02:00:00,0.07078,0.07365,0.06455,0.06894,3245131312.8,2022-05-03 01:59:59.999,224800612.628194,457592.0,1652916765.4,114519713.672376,0.0
122,2022-05-03 02:00:00,0.06895,0.07522,0.06813,0.07261,3492334219.7,2022-05-04 01:59:59.999,250100899.439235,501477.0,1775176130.1,127151419.879163,0.0
123,2022-05-04 02:00:00,0.07261,0.087,0.06994,0.08629,5498845727.2,2022-05-05 01:59:59.999,427547746.054505,1037670.0,2846137901.0,221486334.25525,0.0
124,2022-05-05 02:00:00,0.0863,0.08987,0.07158,0.07451,5525059352.4,2022-05-06 01:59:59.999,448357096.981094,1017335.0,2819130463.9,228703322.65772,0.0
125,2022-05-06 02:00:00,0.0745,0.08843,0.07268,0.08629,6171321353.6,2022-05-07 01:59:59.999,499426382.89668,932587.0,3208293353.9,259473168.56068,0.0
126,2022-05-07 02:00:00,0.08629,0.0888,0.07975,0.08351,5138517562.5,2022-05-08 01:59:59.999,432804365.528818,882006.0,2572014963.4,216708861.613408,0.0
127,2022-05-08 02:00:00,0.08352,0.09279,0.08025,0.08794,5046105564.6,2022-05-09 01:59:59.999,430348883.27477,904617.0,2543788630.0,217022342.876189,0.0
128,2022-05-09 02:00:00,0.08796,0.08816,0.07204,0.07272,6627462667.4,2022-05-10 01:59:59.999,525542408.534762,1032839.0,3241430825.6,257186222.699469,0.0
129,2022-05-10 02:00:00,0.07272,0.08254,0.07143,0.07691,4991322416.4,2022-05-11 01:59:59.999,390611126.226071,788378.0,2576450958.2,201799430.771812,0.0
130,2022-05-11 02:00:00,0.07692,0.085,0.063,0.07496,8370955647.8,2022-05-12 01:59:59.999,609679726.167444,1269420.0,4071148795.5,297024655.319503,0.0
131,2022-05-12 02:00:00,0.07495,0.08124,0.06559,0.06729,5395873532.9,2022-05-13 01:59:59.999,394193808.129337,838638.0,2594767864.5,189904153.598307,0.0
132,2022-05-13 02:00:00,0.0673,0.0765,0.06656,0.07426,2808372373.1,2022-05-14 01:59:59.999,204912823.804309,481918.0,1497847892.9,109294721.482152,0.0
133,2022-05-14 02:00:00,0.07426,0.07611,0.07069,0.07243,1635927756.8,2022-05-15 01:59:59.999,119937709.564866,266552.0,855388075.7,62747612.81928,0.0
134,2022-05-15 02:00:00,0.07243,0.0727,0.06774,0.0724,1402520002.1,2022-05-16 01:59:59.999,98106956.771135,227024.0,732534649.3,51234917.103536,0.0
135,2022-05-16 02:00:00,0.07241,0.07245,0.06716,0.06917,1292851047.4,2022-05-17 01:59:59.999,89645991.320028,197424.0,656249312.8,45487636.436181,0.0
136,2022-05-17 02:00:00,0.06917,0.074,0.06891,0.07225,1150179105.8,2022-05-18 01:59:59.999,81602066.59773,186067.0,615707601.3,43677032.704298,0.0
137,2022-05-18 02:00:00,0.07225,0.07286,0.06944,0.071,1036749143.0,2022-05-19 01:59:59.999,73824605.765753,180370.0,544621870.2,38794230.601831,0.0
138,2022-05-19 02:00:00,0.07101,0.075,0.07009,0.07357,1112323147.1,2022-05-20 01:59:59.999,81149875.028721,189799.0,586953617.6,42832772.477548,0.0
139,2022-05-20 02:00:00,0.07358,0.07509,0.06997,0.07124,1140316688.5,2022-05-21 01:59:59.999,83240286.722986,187626.0,596230756.8,43564375.552149,0.0
140,2022-05-21 02:00:00,0.07124,0.07581,0.07044,0.07404,778339094.4,2022-05-22 01:59:59.999,57022012.983593,136783.0,422621271.7,30947826.529988,0.0
141,2022-05-22 02:00:00,0.07403,0.07864,0.07362,0.07815,794508416.6,2022-05-23 01:59:59.999,60398476.502898,156988.0,445022128.6,33826276.124253,0.0
142,2022-05-23 02:00:00,0.07814,0.08263,0.07579,0.07616,1739029855.3,2022-05-24 01:59:59.999,137072160.994728,306682.0,866467445.8,68301476.453042,0.0
143,2022-05-24 02:00:00,0.07618,0.08313,0.07593,0.08064,2130235212.3,2022-05-25 01:59:59.999,171029374.554859,376435.0,1076233042.1,86365933.791908,0.0
144,2022-05-25 02:00:00,0.08064,0.08836,0.07981,0.0847,1645020316.9,2022-05-26 01:59:59.999,136272182.501533,319419.0,852400880.5,70650386.742826,0.0
145,2022-05-26 02:00:00,0.0847,0.08656,0.07881,0.08223,2965533838.9,2022-05-27 01:59:59.999,245607591.120249,507456.0,1421787828.1,117795568.824333,0.0
146,2022-05-27 02:00:00,0.08224,0.08402,0.07835,0.08083,2092463683.8,2022-05-28 01:59:59.999,168891737.73741,368246.0,1023994468.3,82671754.532805,0.0
147,2022-05-28 02:00:00,0.08083,0.08273,0.07899,0.08118,915885334.4,2022-05-29 01:59:59.999,74226144.595497,191423.0,461923379.4,37443644.373099,0.0
148,2022-05-29 02:00:00,0.08117,0.08233,0.07813,0.08055,836187351.9,2022-05-30 01:59:59.999,67403911.607915,175248.0,419365445.7,33818451.213118,0.0
149,2022-05-30 02:00:00,0.08054,0.0844,0.08016,0.08325,1214901677.1,2022-05-31 01:59:59.999,100506045.401129,227408.0,651371846.2,53900730.564691,0.0
150,2022-05-31 02:00:00,0.08324,0.08453,0.07933,0.08441,1489663603.0,2022-06-01 01:59:59.999,121109687.354579,252868.0,771189213.4,62698191.700686,0.0
151,2022-06-01 02:00:00,0.08441,0.09222,0.08209,0.08356,3151794233.7,2022-06-02 01:59:59.999,274793907.900782,589620.0,1635422231.5,142706957.784321,0.0
152,2022-06-02 02:00:00,0.08356,0.0857,0.0811,0.08432,1529250436.3,2022-06-03 01:59:59.999,127351665.77864,278971.0,752802248.2,62748805.073086,0.0
153,2022-06-03 02:00:00,0.08432,0.08645,0.08034,0.0811,1149189440.4,2022-06-04 01:59:59.999,95049868.382263,215376.0,553926647.4,45845363.192632,0.0
154,2022-06-04 02:00:00,0.08112,0.08134,0.07627,0.08043,1476276604.6,2022-06-05 01:59:59.999,116665192.95391,237480.0,766924085.9,60617187.373639,0.0
155,2022-06-05 02:00:00,0.08043,0.08265,0.07918,0.08151,674949351.8,2022-06-06 01:59:59.999,54657390.951808,124692.0,348726422.3,28240962.003096,0.0
156,2022-06-06 02:00:00,0.08151,0.08486,0.08109,0.08161,903182552.7,2022-06-07 01:59:59.999,74972936.400609,187709.0,466099275.1,38711574.593389,0.0
157,2022-06-07 02:00:00,0.0816,0.08311,0.07887,0.08186,1122439214.3,2022-06-08 01:59:59.999,90812528.27835,195533.0,578820143.3,46841458.700519,0.0
158,2022-06-08 02:00:00,0.08186,0.08266,0.07958,0.08062,822334791.2,2022-06-09 01:59:59.999,66493809.044366,152765.0,413905617.7,33469303.548797,0.0
159,2022-06-09 02:00:00,0.08062,0.08196,0.08006,0.08102,572935739.9,2022-06-10 01:59:59.999,46448037.412142,103855.0,299346825.9,24270279.637601,0.0
160,2022-06-10 02:00:00,0.08101,0.08161,0.07883,0.07893,806983631.2,2022-06-11 01:59:59.999,64757372.610213,131924.0,413228746.5,33169853.442204,0.0
161,2022-06-11 02:00:00,0.07893,0.08035,0.07469,0.0762,1042816900.9,2022-06-12 01:59:59.999,80766325.71453,179081.0,525277381.6,40707223.177129,0.0
162,2022-06-12 02:00:00,0.07621,0.07885,0.07411,0.07618,1553234434.2,2022-06-13 01:59:59.999,118723111.57638,231867.0,831170309.0,63568022.216302,0.0
163,2022-06-13 02:00:00,0.07617,0.07674,0.0606,0.06387,5877608440.4,2022-06-14 01:59:59.999,384325362.804872,808858.0,2921041487.6,191014588.808209,0.0
164,2022-06-14 02:00:00,0.06386,0.06488,0.05223,0.05559,5413746170.8,2022-06-15 01:59:59.999,315920450.274817,746931.0,2596277255.5,151545636.81059,0.0
165,2022-06-15 02:00:00,0.0556,0.064,0.04664,0.06302,8499088551.4,2022-06-16 01:59:59.999,461706798.562386,1189317.0,4373872914.2,237795635.247807,0.0
166,2022-06-16 02:00:00,0.06302,0.06577,0.0583,0.05923,2764331231.6,2022-06-17 01:59:59.999,169162516.845473,376836.0,1339447650.5,82047747.620901,0.0
167,2022-06-17 02:00:00,0.05924,0.06333,0.05869,0.05989,1779763012.8,2022-06-18 01:59:59.999,107808246.03141,242786.0,922939625.6,55929109.516016,0.0
168,2022-06-18 02:00:00,0.0599,0.06386,0.05707,0.06089,2550576099.0,2022-06-19 01:59:59.999,153497013.592228,365272.0,1324728940.7,79768272.737146,0.0
169,2022-06-19 02:00:00,0.06088,0.06298,0.05851,0.06132,1926957261.5,2022-06-20 01:59:59.999,117137523.078777,296850.0,989083520.1,60169245.813262,0.0
170,2022-06-20 02:00:00,0.06132,0.0622,0.05946,0.06115,1159427437.7,2022-06-21 01:59:59.999,70468133.231685,184454.0,601578578.9,36581525.141843,0.0
171,2022-06-21 02:00:00,0.06114,0.06686,0.06096,0.0649,1389203721.2,2022-06-22 01:59:59.999,89156229.069987,271858.0,749318078.5,48099750.476319,0.0
172,2022-06-22 02:00:00,0.06492,0.06581,0.06298,0.0631,866297508.1,2022-06-23 01:59:59.999,55692873.245041,151494.0,416674995.8,26806419.997005,0.0
173,2022-06-23 02:00:00,0.0631,0.06464,0.06181,0.0638,753541050.1,2022-06-24 01:59:59.999,47757217.884739,152683.0,394386926.7,25003796.23284,0.0
174,2022-06-24 02:00:00,0.06379,0.06673,0.06359,0.06584,807600205.1,2022-06-25 01:59:59.999,52557716.767375,166412.0,432061748.0,28122141.681319,0.0
175,2022-06-25 02:00:00,0.06585,0.06634,0.06362,0.0648,511708770.7,2022-06-26 01:59:59.999,33269284.849402,118424.0,267445519.4,17390572.83208,0.0
176,2022-06-26 02:00:00,0.0648,0.06589,0.06402,0.06504,521220595.7,2022-06-27 01:59:59.999,33858079.939805,110291.0,271654281.3,17647845.67075,0.0
177,2022-06-27 02:00:00,0.06503,0.07046,0.0649,0.06703,1274750340.0,2022-06-28 01:59:59.999,86909969.111687,234579.0,653777761.4,44576865.17073,0.0
178,2022-06-28 02:00:00,0.06703,0.06833,0.06518,0.06591,1165858010.9,2022-06-29 01:59:59.999,77994221.008529,195258.0,526649980.7,35245322.275887,0.0
179,2022-06-29 02:00:00,0.06591,0.06663,0.06407,0.06492,753763109.1,2022-06-30 01:59:59.999,49238255.477781,132498.0,366427995.2,23944318.800077,0.0
180,2022-06-30 02:00:00,0.06492,0.06598,0.06192,0.06481,1017188583.2,2022-07-01 01:59:59.999,64881618.880662,156491.0,507053538.0,32352283.259152,0.0
181,2022-07-01 02:00:00,0.06481,0.06675,0.06415,0.06512,975193971.1,2022-07-02 01:59:59.999,63558550.663187,162677.0,490432999.7,31975490.106106,0.0
182,2022-07-02 02:00:00,0.06511,0.06549,0.06433,0.06475,414634750.8,2022-07-03 01:59:59.999,26945489.553747,86764.0,212335867.6,13802922.561662,0.0
183,2022-07-03 02:00:00,0.06475,0.06646,0.0625,0.06628,693832099.7,2022-07-04 01:59:59.999,44558650.554759,128135.0,344639937.0,22160369.746829,0.0
184,2022-07-04 02:00:00,0.06629,0.06769,0.06547,0.06733,703363294.0,2022-07-05 01:59:59.999,46859094.795055,146406.0,369627081.3,24631288.914683,0.0
185,2022-07-05 02:00:00,0.06733,0.06978,0.06657,0.06814,795637845.9,2022-07-06 01:59:59.999,54012688.639233,150434.0,420861866.8,28588733.8234,0.0
186,2022-07-06 02:00:00,0.06815,0.06863,0.06673,0.06755,580267106.1,2022-07-07 01:59:59.999,39266751.724944,112181.0,306372348.9,20734904.275548,0.0
187,2022-07-07 02:00:00,0.06756,0.06887,0.06615,0.06862,610737345.7,2022-07-08 01:59:59.999,41254672.52539,125670.0,308197470.9,20829015.806553,0.0
188,2022-07-08 02:00:00,0.06862,0.06982,0.06764,0.06902,669951091.7,2022-07-09 01:59:59.999,46095394.237829,133303.0,344954751.5,23733997.067362,0.0
189,2022-07-09 02:00:00,0.06901,0.07153,0.06894,0.0698,486037198.8,2022-07-10 01:59:59.999,34188475.375879,110973.0,262480778.5,18465833.077827,0.0
190,2022-07-10 02:00:00,0.0698,0.07009,0.06722,0.06763,469939685.9,2022-07-11 01:59:59.999,32113314.11055,86521.0,233900314.2,15982572.97594,0.0
191,2022-07-11 02:00:00,0.06764,0.06775,0.06451,0.06475,568957000.6,2022-07-12 01:59:59.999,37553791.912436,114876.0,277250811.4,18306200.293057,0.0
192,2022-07-12 02:00:00,0.06475,0.06577,0.06441,0.06461,547014780.9,2022-07-13 01:59:59.999,35595718.857309,101742.0,274635630.1,17873697.907876,0.0
193,2022-07-13 02:00:00,0.0646,0.06649,0.06365,0.06624,823561098.4,2022-07-14 01:59:59.999,53527167.697591,142998.0,414233613.9,26929953.566479,0.0
194,2022-07-14 02:00:00,0.06625,0.06756,0.06497,0.06679,658783694.8,2022-07-15 01:59:59.999,43567995.21099,104696.0,346479732.7,22925553.311157,0.0
195,2022-07-15 02:00:00,0.06678,0.06799,0.0665,0.06703,530211689.4,2022-07-16 01:59:59.999,35643233.698293,90843.0,276354586.9,18580288.057541,0.0
196,2022-07-16 02:00:00,0.06702,0.06944,0.06609,0.06895,568718459.3,2022-07-17 01:59:59.999,38514163.849037,106616.0,301473435.8,20418674.088453,0.0
197,2022-07-17 02:00:00,0.06895,0.06937,0.06731,0.06744,558371408.1,2022-07-18 01:59:59.999,38190914.450509,98446.0,289473145.9,19804208.636118,0.0
198,2022-07-18 02:00:00,0.06746,0.07079,0.06726,0.06882,998303770.5,2022-07-19 01:59:59.999,69069838.496997,164468.0,501310504.5,34682716.222074,0.0
199,2022-07-19 02:00:00,0.06881,0.06985,0.06763,0.06909,934246092.5,2022-07-20 01:59:59.999,64124379.172347,167257.0,474952547.4,32609670.821314,0.0
200,2022-07-20 02:00:00,0.0691,0.07033,0.06686,0.06753,887734876.8,2022-07-21 01:59:59.999,61194985.849231,158317.0,440927418.9,30411675.087419,0.0
201,2022-07-21 02:00:00,0.06754,0.06827,0.06641,0.06802,629048455.4,2022-07-22 01:59:59.999,42337261.278388,121340.0,328313842.7,22101526.05519,0.0
202,2022-07-22 02:00:00,0.06802,0.06909,0.0666,0.067,524885437.9,2022-07-23 01:59:59.999,35750825.07275,114312.0,274652750.9,18716565.505631,0.0
203,2022-07-23 02:00:00,0.067,0.0679,0.06598,0.06698,496424646.5,2022-07-24 01:59:59.999,33187840.421038,98353.0,257341281.8,17208971.950683,0.0
204,2022-07-24 02:00:00,0.06698,0.06782,0.06668,0.06683,480814157.7,2022-07-25 01:59:59.999,32345580.143032,86538.0,243606566.8,16391116.895092,0.0
205,2022-07-25 02:00:00,0.06684,0.06701,0.06364,0.06369,704408826.0,2022-07-26 01:59:59.999,45913300.269601,122928.0,349342851.4,22780285.617641,0.0
206,2022-07-26 02:00:00,0.0637,0.06541,0.06297,0.06536,517984268.2,2022-07-27 01:59:59.999,33209338.390925,110421.0,262429659.6,16829375.593845,0.0
207,2022-07-27 02:00:00,0.06537,0.06875,0.06504,0.06866,644223625.2,2022-07-28 01:59:59.999,42919310.15895,136410.0,340400935.0,22688406.582741,0.0
208,2022-07-28 02:00:00,0.06866,0.07044,0.06751,0.06968,642289467.9,2022-07-29 01:59:59.999,44193425.040405,136808.0,350602785.6,24131638.888834,0.0
209,2022-07-29 02:00:00,0.06968,0.072,0.06803,0.06924,746874612.7,2022-07-30 01:59:59.999,52240598.733279,152315.0,368197250.9,25770776.846737,0.0
210,2022-07-30 02:00:00,0.06924,0.0713,0.06895,0.06911,479669293.4,2022-07-31 01:59:59.999,33623740.366167,108517.0,257948577.6,18094045.949319,0.0
211,2022-07-31 02:00:00,0.06912,0.07082,0.06864,0.06886,398302453.2,2022-08-01 01:59:59.999,27779685.508966,87259.0,203221736.6,14178930.427942,0.0
212,2022-08-01 02:00:00,0.06886,0.07154,0.06826,0.06986,506680777.8,2022-08-02 01:59:59.999,35303918.427706,117269.0,260957477.0,18189888.994808,0.0
213,2022-08-02 02:00:00,0.06985,0.07048,0.06772,0.06831,623410856.0,2022-08-03 01:59:59.999,42821513.289856,132320.0,304015410.0,20880366.785279,0.0
214,2022-08-03 02:00:00,0.0683,0.06923,0.06728,0.06783,412032897.7,2022-08-04 01:59:59.999,28200055.637861,97561.0,207139149.1,14185830.993718,0.0
215,2022-08-04 02:00:00,0.06783,0.06961,0.06758,0.06891,400341885.3,2022-08-05 01:59:59.999,27376958.22974,97121.0,211463526.9,14467301.766315,0.0
216,2022-08-05 02:00:00,0.0689,0.07012,0.06817,0.06989,342082025.5,2022-08-06 01:59:59.999,23737805.468835,89070.0,185678099.0,12887835.423306,0.0
217,2022-08-06 02:00:00,0.06989,0.0706,0.06927,0.06947,229537996.8,2022-08-07 01:59:59.999,16064588.043891,63991.0,127056738.5,8894675.471102,0.0
218,2022-08-07 02:00:00,0.06947,0.07036,0.06912,0.06962,206163350.7,2022-08-08 01:59:59.999,14387334.163324,53015.0,111540158.1,7786119.360714,0.0
219,2022-08-08 02:00:00,0.06962,0.07118,0.06955,0.0701,301346544.6,2022-08-09 01:59:59.999,21213496.920489,74580.0,162902867.0,11471538.776651,0.0
220,2022-08-09 02:00:00,0.07009,0.071,0.06825,0.0684,389062874.8,2022-08-10 01:59:59.999,27023912.876477,84344.0,193117962.8,13420700.272208,0.0
221,2022-08-10 02:00:00,0.06839,0.07058,0.06787,0.07038,378688492.3,2022-08-11 01:59:59.999,26267561.538482,86848.0,204069189.6,14166266.360434,0.0
222,2022-08-11 02:00:00,0.07037,0.07115,0.07,0.07034,416136389.7,2022-08-12 01:59:59.999,29437645.092204,85911.0,224921890.4,15916017.666,0.0
223,2022-08-12 02:00:00,0.07035,0.07074,0.06929,0.07045,337205209.3,2022-08-13 01:59:59.999,23630636.378211,72461.0,176807257.1,12391770.983013,0.0
224,2022-08-13 02:00:00,0.07045,0.07122,0.06957,0.06997,409964108.8,2022-08-14 01:59:59.999,28845746.95177,79990.0,227823445.0,16040608.072992,0.0
225,2022-08-14 02:00:00,0.06996,0.07241,0.06949,0.07036,538628169.1,2022-08-15 01:59:59.999,38231099.891264,113542.0,290145694.5,20601761.797413,0.0
226,2022-08-15 02:00:00,0.07037,0.07117,0.06826,0.06886,492756055.7,2022-08-16 01:59:59.999,34187624.769316,105092.0,240520393.3,16697731.084159,0.0
227,2022-08-16 02:00:00,0.06886,0.07059,0.06834,0.06974,409752507.5,2022-08-17 01:59:59.999,28404862.04856,86923.0,203122680.1,14080848.498945,0.0
228,2022-08-17 02:00:00,0.06974,0.07095,0.06795,0.06832,484392364.2,2022-08-18 01:59:59.999,33678650.775025,105092.0,229074371.0,15934706.477976,0.0
229,2022-08-18 02:00:00,0.06832,0.06866,0.06733,0.06741,388691124.6,2022-08-19 01:59:59.999,26475821.608263,83328.0,182852120.3,12458571.058979,0.0
230,2022-08-19 02:00:00,0.0674,0.06743,0.06392,0.06407,622291396.3,2022-08-20 01:59:59.999,40611052.012651,120982.0,290038341.7,18925333.297293,0.0
231,2022-08-20 02:00:00,0.06407,0.06586,0.06395,0.06579,343576922.9,2022-08-21 01:59:59.999,22431064.590952,81934.0,172410057.0,11254933.807836,0.0
232,2022-08-21 02:00:00,0.06578,0.06636,0.06455,0.0659,332901409.4,2022-08-22 01:59:59.999,21810202.640991,72363.0,174964625.1,11465261.634916,0.0
233,2022-08-22 02:00:00,0.0659,0.06627,0.06454,0.06562,344720309.0,2022-08-23 01:59:59.999,22520494.64952,79426.0,174090885.3,11375512.853562,0.0
234,2022-08-23 02:00:00,0.06562,0.06682,0.06486,0.06631,568052615.9,2022-08-24 01:59:59.999,37438913.886058,105229.0,294028269.4,19380183.912469,0.0
235,2022-08-24 02:00:00,0.06633,0.06644,0.06473,0.06482,430979027.1,2022-08-25 01:59:59.999,28174579.501034,89867.0,220160880.1,14393705.699249,0.0
236,2022-08-25 02:00:00,0.06481,0.06577,0.0647,0.06549,288444941.0,2022-08-26 01:59:59.999,18849047.087628,71014.0,150060050.9,9806737.197945,0.0
237,2022-08-26 02:00:00,0.06549,0.06565,0.06141,0.06158,633006943.3,2022-08-27 01:59:59.999,40534802.182035,116610.0,293014497.8,18788045.89177,0.0
238,2022-08-27 02:00:00,0.06158,0.06301,0.06113,0.0629,390528611.8,2022-08-28 01:59:59.999,24265000.258523,81975.0,202478632.5,12584447.181913,0.0
239,2022-08-28 02:00:00,0.0629,0.06317,0.06136,0.06141,272640312.7,2022-08-29 01:59:59.999,17045824.415747,63682.0,128439417.5,8037053.576901,0.0
240,2022-08-29 02:00:00,0.06141,0.06346,0.06095,0.06337,422113725.4,2022-08-30 01:59:59.999,26289926.970834,85044.0,228116359.7,14211045.887365,0.0
241,2022-08-30 02:00:00,0.06336,0.06705,0.06286,0.06472,1006040327.0,2022-08-31 01:59:59.999,65114592.985975,172570.0,531284381.7,34384720.693767,0.0
242,2022-08-31 02:00:00,0.06473,0.06576,0.06317,0.06339,451024618.4,2022-09-01 01:59:59.999,29033249.598255,94367.0,222279192.1,14314297.404827,0.0
243,2022-09-01 02:00:00,0.06339,0.06372,0.06208,0.06328,401843104.8,2022-09-02 01:59:59.999,25283958.352477,81907.0,201184274.2,12659831.137622,0.0
244,2022-09-02 02:00:00,0.06328,0.06362,0.06231,0.06261,336205203.2,2022-09-03 01:59:59.999,21200911.07036,65050.0,166735743.3,10516826.403129,0.0
245,2022-09-03 02:00:00,0.06261,0.06319,0.06237,0.0631,198112913.7,2022-09-04 01:59:59.999,12444813.797882,43895.0,104592515.1,6571089.236529,0.0
246,2022-09-04 02:00:00,0.06311,0.06367,0.06248,0.06351,245914086.8,2022-09-05 01:59:59.999,15503111.445936,51319.0,132624028.7,8362970.074338,0.0
247,2022-09-05 02:00:00,0.06351,0.06368,0.06245,0.06295,348343322.9,2022-09-06 01:59:59.999,21904026.386364,62534.0,182296459.8,11462935.121994,0.0
248,2022-09-06 02:00:00,0.06296,0.06407,0.06049,0.06069,586109066.4,2022-09-07 01:59:59.999,36723608.081597,103019.0,292590555.2,18359642.295764,0.0
249,2022-09-07 02:00:00,0.06069,0.06193,0.06005,0.06181,391659273.9,2022-09-08 01:59:59.999,23794557.462967,75150.0,201717991.4,12260984.876722,0.0
250,2022-09-08 02:00:00,0.06181,0.06194,0.05993,0.06126,579399652.8,2022-09-09 01:59:59.999,35190123.415011,90138.0,283214842.9,17210169.189196,0.0
251,2022-09-09 02:00:00,0.06126,0.06372,0.06116,0.06343,509652927.3,2022-09-10 01:59:59.999,32014121.163613,96446.0,289385141.4,18172400.154198,0.0
252,2022-09-10 02:00:00,0.06343,0.06477,0.06298,0.06474,395937434.2,2022-09-11 01:59:59.999,25285866.991899,78161.0,216244598.7,13813932.87787,0.0
253,2022-09-11 02:00:00,0.06475,0.06499,0.06348,0.06419,321862950.8,2022-09-12 01:59:59.999,20680094.133564,61759.0,167990737.9,10795202.649662,0.0
254,2022-09-12 02:00:00,0.0642,0.06477,0.06311,0.06386,469772379.4,2022-09-13 01:59:59.999,30044986.820711,83370.0,236114635.4,15106126.735984,0.0
255,2022-09-13 02:00:00,0.06385,0.06397,0.06066,0.06068,524228995.1,2022-09-14 01:59:59.999,32791490.748955,96287.0,243763389.8,15271016.918981,0.0
256,2022-09-14 02:00:00,0.06068,0.06175,0.06056,0.06162,389035440.4,2022-09-15 01:59:59.999,23834896.39383,72567.0,209589835.1,12844971.852948,0.0
257,2022-09-15 02:00:00,0.06162,0.06197,0.06057,0.06131,450527660.9,2022-09-16 01:59:59.999,27601015.677556,79757.0,221255722.1,13555810.574886,0.0
258,2022-09-16 02:00:00,0.06132,0.06162,0.06055,0.06132,392838979.8,2022-09-17 01:59:59.999,24029843.782431,72386.0,190481559.5,11652383.724159,0.0
259,2022-09-17 02:00:00,0.06132,0.06236,0.06131,0.06228,239542045.4,2022-09-18 01:59:59.999,14794120.777727,47496.0,135173664.3,8349720.706093,0.0
260,2022-09-18 02:00:00,0.06228,0.06265,0.06077,0.06077,331822418.6,2022-09-19 01:59:59.999,20517826.09756,63967.0,163951365.4,10147705.192712,0.0
261,2022-09-19 02:00:00,0.06077,0.06122,0.05927,0.06028,539171813.8,2022-09-20 01:59:59.999,32348264.359881,89121.0,264040890.9,15841730.438454,0.0
262,2022-09-20 02:00:00,0.06028,0.06066,0.05942,0.05978,386561264.0,2022-09-21 01:59:59.999,23222092.270236,68023.0,193276201.3,11611836.468683,0.0
263,2022-09-21 02:00:00,0.05978,0.0622,0.05869,0.05905,634745425.3,2022-09-22 01:59:59.999,38018427.541777,104461.0,321036849.0,19240471.230412,0.0
264,2022-09-22 02:00:00,0.05904,0.06046,0.05872,0.06022,435582269.2,2022-09-23 01:59:59.999,25959126.758115,69278.0,226251151.5,13488465.522158,0.0
265,2022-09-23 02:00:00,0.06022,0.06117,0.05923,0.06042,464158728.7,2022-09-24 01:59:59.999,27941588.981912,76245.0,243984275.7,14693440.30116,0.0
266,2022-09-24 02:00:00,0.06043,0.06094,0.05957,0.05985,321450578.7,2022-09-25 01:59:59.999,19390305.525483,54568.0,160937361.9,9710330.734168,0.0
267,2022-09-25 02:00:00,0.05985,0.06029,0.05945,0.0597,223218034.1,2022-09-26 01:59:59.999,13371938.099936,42676.0,114832273.3,6880954.172757,0.0
268,2022-09-26 02:00:00,0.0597,0.0599,0.05896,0.05959,437831450.2,2022-09-27 01:59:59.999,26023953.908207,66517.0,218858510.0,13008093.505871,0.0
269,2022-09-27 02:00:00,0.05959,0.06088,0.059,0.05938,452566236.8,2022-09-28 01:59:59.999,27200374.63361,72571.0,240664940.6,14470225.198666,0.0
270,2022-09-28 02:00:00,0.05938,0.05991,0.05835,0.05954,452809451.6,2022-09-29 01:59:59.999,26737761.603783,73226.0,228045148.2,13474057.779819,0.0
271,2022-09-29 02:00:00,0.05954,0.062,0.05933,0.06099,601368431.2,2022-09-30 01:59:59.999,36317247.201388,94598.0,328451284.5,19850509.674516,0.0
272,2022-09-30 02:00:00,0.06099,0.06232,0.06022,0.06101,553775593.3,2022-10-01 01:59:59.999,33893115.348452,98396.0,288279396.8,17652094.404949,0.0
273,2022-10-01 02:00:00,0.06101,0.06149,0.06005,0.06049,325623658.6,2022-10-02 01:59:59.999,19818608.325287,60638.0,158993972.1,9679231.518329,0.0
274,2022-10-02 02:00:00,0.0605,0.06198,0.06038,0.06093,463552146.7,2022-10-03 01:59:59.999,28399386.210713,82016.0,240360331.8,14727157.941135,0.0
275,2022-10-03 02:00:00,0.06093,0.0615,0.06068,0.06137,338614348.3,2022-10-04 01:59:59.999,20717062.407887,60881.0,172926861.7,10579984.385338,0.0
276,2022-10-04 02:00:00,0.06136,0.06248,0.06106,0.06236,383924358.5,2022-10-05 01:59:59.999,23668421.360532,62535.0,217640968.9,13421508.325329,0.0
277,2022-10-05 02:00:00,0.06236,0.06274,0.06193,0.06245,327933984.5,2022-10-06 01:59:59.999,20433998.675267,55007.0,173971225.9,10841524.787904,0.0
278,2022-10-06 02:00:00,0.06244,0.06323,0.06188,0.06277,504883994.2,2022-10-07 01:59:59.999,31605026.693879,68148.0,264564060.5,16563215.659607,0.0
279,2022-10-07 02:00:00,0.06278,0.06331,0.062,0.06251,364471605.7,2022-10-08 01:59:59.999,22836784.702451,60157.0,182446309.1,11435056.879087,0.0
280,2022-10-08 02:00:00,0.0625,0.06274,0.06177,0.06205,270001172.3,2022-10-09 01:59:59.999,16805519.016212,45521.0,130457966.9,8122552.055682,0.0
281,2022-10-09 02:00:00,0.06206,0.06279,0.06193,0.06236,195710016.6,2022-10-10 01:59:59.999,12207546.067448,39714.0,101289285.0,6317872.899997,0.0
282,2022-10-10 02:00:00,0.06235,0.06527,0.06227,0.06274,973167269.7,2022-10-11 01:59:59.999,62118575.683557,139247.0,511948485.0,32683799.239648,0.0
283,2022-10-11 02:00:00,0.06272,0.06273,0.0612,0.06166,464514713.0,2022-10-12 01:59:59.999,28668674.340741,76286.0,218161577.2,13463505.449172,0.0
284,2022-10-12 02:00:00,0.06167,0.0645,0.06115,0.06173,730297470.7,2022-10-13 01:59:59.999,45844468.650183,117723.0,375982142.9,23618935.141084,0.0
285,2022-10-13 02:00:00,0.06172,0.06229,0.05933,0.061,655013251.9,2022-10-14 01:59:59.999,39702348.405521,112768.0,321842388.9,19514609.313916,0.0
286,2022-10-14 02:00:00,0.06099,0.0655,0.06074,0.06393,1068400665.0,2022-10-15 01:59:59.999,67623506.352078,167916.0,560634659.5,35477667.180471,0.0
287,2022-10-15 02:00:00,0.06393,0.06513,0.06172,0.06174,624671454.1,2022-10-16 01:59:59.999,39580338.684504,113020.0,291909022.1,18518883.461582,0.0
288,2022-10-16 02:00:00,0.06173,0.06206,0.0612,0.06187,288038112.6,2022-10-17 01:59:59.999,17753671.55665,63147.0,133676535.8,8240580.611685,0.0
289,2022-10-17 02:00:00,0.06187,0.06308,0.06164,0.06265,411803644.2,2022-10-18 01:59:59.999,25712608.867451,74135.0,214799247.7,13413400.048932,0.0
290,2022-10-18 02:00:00,0.06266,0.063,0.0617,0.06218,409579566.5,2022-10-19 01:59:59.999,25565322.81425,71279.0,198156545.9,12371107.442519,0.0
291,2022-10-19 02:00:00,0.06219,0.0632,0.06165,0.06174,546121779.6,2022-10-20 01:59:59.999,34177891.616637,90918.0,275501493.4,17247952.284154,0.0
292,2022-10-20 02:00:00,0.06174,0.06267,0.06147,0.06215,333456485.7,2022-10-21 01:59:59.999,20737645.020555,66288.0,167670108.4,10428392.582284,0.0
293,2022-10-21 02:00:00,0.06215,0.06295,0.0607,0.06167,404447658.9,2022-10-22 01:59:59.999,24965092.172823,79937.0,194112064.0,11987704.498013,0.0
294,2022-10-22 02:00:00,0.06167,0.062,0.06117,0.06158,198786729.9,2022-10-23 01:59:59.999,12227629.522767,48653.0,103247509.8,6352052.616785,0.0
295,2022-10-23 02:00:00,0.06159,0.06201,0.06107,0.06188,258985647.2,2022-10-24 01:59:59.999,15944842.917958,53153.0,129785927.1,7993391.045271,0.0
296,2022-10-24 02:00:00,0.06188,0.06203,0.06123,0.06131,283859858.1,2022-10-25 01:59:59.999,17470462.050233,55563.0,136462043.4,8400406.595813,0.0
297,2022-10-25 02:00:00,0.06131,0.06289,0.06113,0.06235,364269847.7,2022-10-26 01:59:59.999,22544044.986885,68984.0,188894238.9,11697312.477478,0.0
298,2022-10-26 02:00:00,0.06235,0.06378,0.06228,0.06341,415716374.7,2022-10-27 01:59:59.999,26181318.139441,74588.0,229813642.7,14475634.372457,0.0
299,2022-10-27 02:00:00,0.0634,0.06416,0.06269,0.06296,420262748.8,2022-10-28 01:59:59.999,26695497.582792,79171.0,217605520.5,13828729.314604,0.0
300,2022-10-28 02:00:00,0.06296,0.06377,0.06259,0.06356,350381030.0,2022-10-29 01:59:59.999,22120119.426244,68545.0,183477693.7,11587077.932344,0.0
301,2022-10-29 02:00:00,0.06355,0.06453,0.06345,0.06428,417193381.4,2022-10-30 01:59:59.999,26693161.522971,82776.0,223862754.7,14328189.078576,0.0
302,2022-10-30 02:00:00,0.06428,0.06481,0.06292,0.0631,341948973.1,2022-10-31 00:59:59.999,21837222.465628,71305.0,169809860.0,10851657.238339,0.0
303,2022-10-31 01:00:00,0.0631,0.0634,0.06234,0.06325,398754601.8,2022-11-01 00:59:59.999,25075205.068757,73818.0,201524512.4,12677633.511683,0.0
304,2022-11-01 01:00:00,0.06325,0.06344,0.06253,0.06277,283338008.0,2022-11-02 00:59:59.999,17863307.759073,61195.0,134811597.7,8500171.886736,0.0
305,2022-11-02 01:00:00,0.06277,0.06308,0.0614,0.06157,409204772.4,2022-11-03 00:59:59.999,25528053.267472,80709.0,186025109.4,11613608.135317,0.0
306,2022-11-03 01:00:00,0.06157,0.06247,0.06143,0.06171,368121338.0,2022-11-04 00:59:59.999,22800978.812608,71488.0,188687367.0,11689463.364042,0.0
307,2022-11-04 01:00:00,0.06171,0.06382,0.06151,0.06381,400713133.3,2022-11-05 00:59:59.999,25133022.104989,79737.0,227700980.3,14288075.147162,0.0
308,2022-11-05 01:00:00,0.06382,0.06478,0.06318,0.06363,406467215.7,2022-11-06 00:59:59.999,26033531.068637,87776.0,232819649.5,14916174.316961,0.0
309,2022-11-06 01:00:00,0.06362,0.06536,0.06253,0.06268,428331289.8,2022-11-07 00:59:59.999,27479885.428353,94013.0,214543784.1,13782988.747615,0.0
310,2022-11-07 01:00:00,0.06268,0.06299,0.06179,0.06227,357692407.7,2022-11-08 00:59:59.999,22324867.11953,75140.0,154942868.2,9674084.941686,0.0
311,2022-11-08 01:00:00,0.06227,0.06311,0.05621,0.05872,1071364757.1,2022-11-09 00:59:59.999,64550534.070846,192123.0,512506452.6,30907648.967796,0.0
312,2022-11-09 01:00:00,0.05873,0.0655,0.05285,0.05338,2543130191.6,2022-11-10 00:59:59.999,151747575.554429,463023.0,1281493139.8,76702426.325299,0.0
313,2022-11-10 01:00:00,0.05345,0.06236,0.05239,0.05782,2604725039.7,2022-11-11 00:59:59.999,148677425.578218,440528.0,1352856230.4,77288973.375541,0.0
314,2022-11-11 01:00:00,0.05781,0.05827,0.05415,0.05601,855960087.9,2022-11-12 00:59:59.999,48376523.951691,165178.0,409186547.9,23132885.371281,0.0
315,2022-11-12 01:00:00,0.05602,0.05609,0.05292,0.05502,597286635.6,2022-11-13 00:59:59.999,32517662.739514,122540.0,294755771.4,16041869.02186,0.0
316,2022-11-13 01:00:00,0.05503,0.05633,0.05038,0.05084,1059080379.5,2022-11-14 00:59:59.999,55703484.746761,185101.0,510985216.0,26871214.457711,0.0
317,2022-11-14 01:00:00,0.05085,0.05287,0.04526,0.05015,2243457866.0,2022-11-15 00:59:59.999,110103515.930186,367783.0,1095963962.1,53864532.609572,0.0
318,2022-11-15 01:00:00,0.05015,0.05181,0.04929,0.05074,833847816.7,2022-11-16 00:59:59.999,42236584.347208,148950.0,404390732.1,20488503.056508,0.0
319,2022-11-16 01:00:00,0.05075,0.05173,0.04946,0.05016,701005014.8,2022-11-17 00:59:59.999,35371006.492153,121113.0,340829569.9,17206221.734722,0.0
320,2022-11-17 01:00:00,0.05016,0.05043,0.04884,0.05006,573955689.6,2022-11-18 00:59:59.999,28528758.980579,101711.0,298624844.9,14845869.763265,0.0
321,2022-11-18 01:00:00,0.05006,0.05107,0.05004,0.05068,413722957.4,2022-11-19 00:59:59.999,20959219.99034,75957.0,219422505.3,11117583.161073,0.0
322,2022-11-19 01:00:00,0.0507,0.05269,0.0505,0.05215,537007802.7,2022-11-20 00:59:59.999,27768994.172035,89442.0,297743802.4,15397202.119093,0.0
323,2022-11-20 01:00:00,0.05215,0.05243,0.04974,0.05008,402312888.6,2022-11-21 00:59:59.999,20548576.966603,73944.0,180942398.4,9246120.959468,0.0
324,2022-11-21 01:00:00,0.05008,0.05169,0.04918,0.05155,825853713.3,2022-11-22 00:59:59.999,41749121.073769,136045.0,424304098.8,21455587.168613,0.0
325,2022-11-22 01:00:00,0.05155,0.05262,0.04893,0.05072,1079952686.9,2022-11-23 00:59:59.999,54653353.736563,159760.0,540697266.7,27404002.689298,0.0
326,2022-11-23 01:00:00,0.05073,0.05188,0.05019,0.0518,605171598.2,2022-11-24 00:59:59.999,30938168.178859,92015.0,319671422.2,16345061.623501,0.0
327,2022-11-24 01:00:00,0.05181,0.05382,0.05142,0.05283,833313962.7,2022-11-25 00:59:59.999,43671854.149664,123966.0,436554031.0,22881221.117937,0.0
328,2022-11-25 01:00:00,0.05283,0.05339,0.05198,0.05297,579717995.6,2022-11-26 00:59:59.999,30558430.675054,90365.0,294392121.6,15522533.133852,0.0
329,2022-11-26 01:00:00,0.05297,0.05368,0.05243,0.05279,331056806.8,2022-11-27 00:59:59.999,17595199.101571,60284.0,167248811.0,8892387.634505,0.0
330,2022-11-27 01:00:00,0.05279,0.05425,0.05277,0.05327,391460597.5,2022-11-28 00:59:59.999,20961301.74218,63178.0,197490128.6,10576217.362945,0.0
331,2022-11-28 01:00:00,0.05327,0.054,0.05189,0.05299,599255628.0,2022-11-29 00:59:59.999,31761467.209473,89824.0,307799044.1,16325871.162653,0.0
332,2022-11-29 01:00:00,0.05298,0.05457,0.05275,0.05326,543400459.3,2022-11-30 00:59:59.999,29197381.568979,74512.0,277051139.3,14893477.058869,0.0
333,2022-11-30 01:00:00,0.05326,0.05479,0.05325,0.05461,475740697.0,2022-12-01 00:59:59.999,25752974.052945,78299.0,250693411.1,13573251.884725,0.0
334,2022-12-01 01:00:00,0.0546,0.05513,0.05398,0.05415,377671522.2,2022-12-02 00:59:59.999,20586173.215441,68778.0,180458644.2,9839691.870425,0.0
335,2022-12-02 01:00:00,0.05415,0.05451,0.05382,0.05445,333396933.9,2022-12-03 00:59:59.999,18074902.896089,59459.0,161465615.5,8755049.071208,0.0
336,2022-12-03 01:00:00,0.05445,0.05465,0.05352,0.05358,254491096.4,2022-12-04 00:59:59.999,13740890.704074,62875.0,112966331.4,6100116.398666,0.0
337,2022-12-04 01:00:00,0.05358,0.05415,0.05292,0.05309,333808154.4,2022-12-05 00:59:59.999,17820844.187547,62661.0,159022297.4,8491710.429381,0.0
338,2022-12-05 01:00:00,0.05309,0.05374,0.05295,0.05334,461673730.2,2022-12-06 00:59:59.999,24657593.951774,71775.0,210990213.2,11270035.38216,0.0
339,2022-12-06 01:00:00,0.05335,0.05374,0.05257,0.05364,414066655.4,2022-12-07 00:59:59.999,21968771.596978,62766.0,214922630.3,11406838.090148,0.0
340,2022-12-07 01:00:00,0.05363,0.05366,0.05241,0.05312,418564355.8,2022-12-08 00:59:59.999,22220594.419689,65499.0,194527044.7,10328341.037702,0.0
341,2022-12-08 01:00:00,0.05312,0.05477,0.05295,0.05448,339254769.6,2022-12-09 00:59:59.999,18182089.479858,56214.0,188803688.9,10120565.220143,0.0
342,2022-12-09 01:00:00,0.05449,0.05514,0.05429,0.05464,296901516.9,2022-12-10 00:59:59.999,16241095.697118,61098.0,152701910.1,8353329.423963,0.0
343,2022-12-10 01:00:00,0.05465,0.05593,0.05463,0.05483,283292804.9,2022-12-11 00:59:59.999,15603486.123832,52805.0,154358838.6,8505344.395293,0.0
344,2022-12-11 01:00:00,0.05482,0.05496,0.05373,0.05397,184738005.9,2022-12-12 00:59:59.999,10053176.036147,42101.0,84687612.9,4610597.423763,0.0
345,2022-12-12 01:00:00,0.05397,0.05398,0.05194,0.05352,581776768.1,2022-12-13 00:59:59.999,30746972.779451,84048.0,289597169.3,15303931.938385,0.0
346,2022-12-13 01:00:00,0.05352,0.05454,0.05243,0.0545,526702183.4,2022-12-14 00:59:59.999,28182627.719438,77527.0,283420238.2,15168911.543291,0.0
347,2022-12-14 01:00:00,0.0545,0.05765,0.05445,0.05558,614317337.1,2022-12-15 00:59:59.999,34284336.132865,96069.0,318860533.8,17786173.128408,0.0
348,2022-12-15 01:00:00,0.05558,0.05612,0.05509,0.05577,364300889.5,2022-12-16 00:59:59.999,20274324.603623,63540.0,188442473.7,10490279.36652,0.0
349,2022-12-16 01:00:00,0.05578,0.05619,0.05258,0.05292,497410130.8,2022-12-17 00:59:59.999,27253027.719045,91546.0,227974676.0,12505074.582356,0.0
350,2022-12-17 01:00:00,0.05293,0.055,0.05189,0.05486,486555972.1,2022-12-18 00:59:59.999,25953620.49074,87351.0,267408665.1,14281563.404377,0.0
351,2022-12-18 01:00:00,0.05485,0.05519,0.05323,0.05378,435758357.3,2022-12-19 00:59:59.999,23530859.805874,73680.0,211201288.3,11405650.522282,0.0
352,2022-12-19 01:00:00,0.05378,0.05431,0.05305,0.05356,379994366.7,2022-12-20 00:59:59.999,20445142.114109,68697.0,192821518.3,10376069.736649,0.0
353,2022-12-20 01:00:00,0.05355,0.05531,0.05349,0.05497,319963703.9,2022-12-21 00:59:59.999,17404851.655349,62214.0,177572102.7,9661768.558232,0.0
354,2022-12-21 01:00:00,0.05498,0.05549,0.05455,0.05492,262660122.5,2022-12-22 00:59:59.999,14441230.953763,53069.0,136900182.6,7527590.399826,0.0
355,2022-12-22 01:00:00,0.05492,0.05586,0.05462,0.05554,315244980.0,2022-12-23 00:59:59.999,17389870.56506,57161.0,164997269.1,9104865.368648,0.0
356,2022-12-23 01:00:00,0.05553,0.0557,0.05409,0.05423,331097929.1,2022-12-24 00:59:59.999,18158443.743705,58948.0,155131746.1,8509725.440345,0.0
357,2022-12-24 01:00:00,0.05422,0.05481,0.05402,0.05473,183151893.1,2022-12-25 00:59:59.999,9974159.280091,40875.0,92198658.8,5021100.358916,0.0
358,2022-12-25 01:00:00,0.05473,0.05494,0.05414,0.05481,197163164.5,2022-12-26 00:59:59.999,10771162.955206,41547.0,101583330.9,5550073.084087,0.0
359,2022-12-26 01:00:00,0.0548,0.05503,0.05425,0.05459,204154209.2,2022-12-27 00:59:59.999,11165592.187603,44279.0,100014789.4,5470285.127262,0.0
360,2022-12-27 01:00:00,0.0546,0.05471,0.05365,0.05415,280727773.5,2022-12-28 00:59:59.999,15213735.687989,51747.0,140216476.5,7599839.942437,0.0
361,2022-12-28 01:00:00,0.05415,0.0547,0.05324,0.05416,338437595.6,2022-12-29 00:59:59.999,18291667.805366,62394.0,179323662.8,9693867.059153,0.0
362,2022-12-29 01:00:00,0.05415,0.05448,0.05321,0.05402,323334601.3,2022-12-30 00:59:59.999,17474769.965427,56652.0,166437884.6,8996130.917054,0.0
363,2022-12-30 01:00:00,0.05402,0.05453,0.05356,0.05439,311871869.4,2022-12-31 00:59:59.999,16837689.48351,51112.0,160587404.9,8670888.039952,0.0
