,OpenTime,XRP-USD_Open,XRP-USD_High,XRP-USD_Low,XRP-USD_Close,XRP-USD_volume,CloseTime,XRP-QuoteAssetVolume,XRP-NumberOfTrades,XRP-TBBAV,XRP-TBQAV,XRP-ignore
0,2022-01-01 01:00:00,0.8298,0.8557,0.8297,0.8507,136976730.0,2022-01-02 00:59:59.999,115507460.3752,178238.0,70090109.0,59113405.0148,0.0
1,2022-01-02 01:00:00,0.8508,0.8667,0.8372,0.8586,129688032.0,2022-01-03 00:59:59.999,110265575.8458,176940.0,65996017.0,56117623.4551,0.0
2,2022-01-03 01:00:00,0.8586,0.8587,0.8213,0.8324,178618617.0,2022-01-04 00:59:59.999,149876148.1059,232484.0,89735857.0,75298817.1864,0.0
3,2022-01-04 01:00:00,0.8324,0.8456,0.7794,0.8228,214415744.0,2022-01-05 00:59:59.999,177691936.9922,270966.0,104076850.0,86367665.3622,0.0
4,2022-01-05 01:00:00,0.8227,0.8372,0.7092,0.7726,370612510.0,2022-01-06 00:59:59.999,294783762.2987,482373.0,173152247.0,137997621.9471,0.0
5,2022-01-06 01:00:00,0.7725,0.7909,0.7377,0.7791,307202277.0,2022-01-07 00:59:59.999,234402002.0906,415169.0,151109632.0,115283157.759,0.0
6,2022-01-07 01:00:00,0.779,0.7808,0.7287,0.7634,372926762.0,2022-01-08 00:59:59.999,281919749.2178,511973.0,177050288.0,133890338.658,0.0
7,2022-01-08 01:00:00,0.7634,0.7768,0.7222,0.7452,253028571.0,2022-01-09 00:59:59.999,190213053.8015,347309.0,122226022.0,91911985.049,0.0
8,2022-01-09 01:00:00,0.7452,0.7667,0.7381,0.753,151521399.0,2022-01-10 00:59:59.999,113888420.5369,211515.0,74010465.0,55633357.2563,0.0
9,2022-01-10 01:00:00,0.753,0.7589,0.6967,0.7399,313080154.0,2022-01-11 00:59:59.999,228730493.4738,359880.0,155055910.0,113354601.5966,0.0
10,2022-01-11 01:00:00,0.7399,0.7768,0.7306,0.7703,254065075.0,2022-01-12 00:59:59.999,190447525.4492,285391.0,131311656.0,98408665.4964,0.0
11,2022-01-12 01:00:00,0.7702,0.816,0.757,0.7987,295701910.0,2022-01-13 00:59:59.999,231115520.7739,330205.0,152951383.0,119559374.3838,0.0
12,2022-01-13 01:00:00,0.7986,0.8024,0.7604,0.768,227833834.0,2022-01-14 00:59:59.999,178544935.2266,247605.0,110303627.0,86439902.8018,0.0
13,2022-01-14 01:00:00,0.7677,0.8,0.7513,0.7732,221104212.0,2022-01-15 00:59:59.999,170797410.1373,242416.0,110650666.0,85508025.4284,0.0
14,2022-01-15 01:00:00,0.7733,0.79,0.768,0.7791,138443019.0,2022-01-16 00:59:59.999,107785186.2676,159163.0,66517924.0,51809404.9352,0.0
15,2022-01-16 01:00:00,0.7791,0.7884,0.768,0.7784,125068081.0,2022-01-17 00:59:59.999,97287674.5834,157210.0,61255756.0,47661753.2612,0.0
16,2022-01-17 01:00:00,0.7785,0.7805,0.7498,0.7617,181653025.0,2022-01-18 00:59:59.999,138537212.0576,205250.0,87928840.0,67048581.0656,0.0
17,2022-01-18 01:00:00,0.7616,0.7686,0.7352,0.7509,188367099.0,2022-01-19 00:59:59.999,141172279.38,209700.0,92556337.0,69375577.4692,0.0
18,2022-01-19 01:00:00,0.751,0.7533,0.7231,0.7381,190555142.0,2022-01-20 00:59:59.999,140704196.393,214504.0,92323317.0,68185226.1694,0.0
19,2022-01-20 01:00:00,0.7381,0.7622,0.7161,0.7199,205931050.0,2022-01-21 00:59:59.999,153121537.0821,218718.0,92776494.0,69090083.1729,0.0
20,2022-01-21 01:00:00,0.7199,0.7285,0.6112,0.6368,612944841.0,2022-01-22 00:59:59.999,410698993.8904,579921.0,283151610.0,189699610.0726,0.0
21,2022-01-22 01:00:00,0.6368,0.6542,0.5489,0.5966,769947907.12,2022-01-23 00:59:59.999,460971551.623324,714427.0,370364682.47,221834544.794196,0.0
22,2022-01-23 01:00:00,0.5966,0.6352,0.59,0.6283,331234207.0,2022-01-24 00:59:59.999,202062551.6478,347609.0,162325892.0,99066781.9774,0.0
23,2022-01-24 01:00:00,0.6284,0.6286,0.5524,0.6118,513343471.0,2022-01-25 00:59:59.999,300019737.6239,520142.0,250617559.0,146514446.6219,0.0
24,2022-01-25 01:00:00,0.6118,0.6243,0.5872,0.618,319618429.0,2022-01-26 00:59:59.999,192980719.1092,298398.0,157355880.0,95022691.4237,0.0
25,2022-01-26 01:00:00,0.6178,0.6586,0.6047,0.6193,466864710.0,2022-01-27 00:59:59.999,293046543.4372,425965.0,230375796.0,144665471.5094,0.0
26,2022-01-27 01:00:00,0.6193,0.6247,0.5893,0.6088,292543906.0,2022-01-28 00:59:59.999,176630359.0127,264351.0,132968036.0,80340602.7942,0.0
27,2022-01-28 01:00:00,0.6089,0.614,0.5916,0.6111,221009653.0,2022-01-29 00:59:59.999,133208703.7599,215447.0,109391522.0,65959261.9821,0.0
28,2022-01-29 01:00:00,0.6112,0.6255,0.6083,0.6174,154572094.0,2022-01-30 00:59:59.999,95192596.384,157630.0,77341413.0,47642622.7136,0.0
29,2022-01-30 01:00:00,0.6175,0.6232,0.5973,0.6013,146491081.0,2022-01-31 00:59:59.999,89634415.7316,155232.0,69182128.0,42355597.9176,0.0
30,2022-01-31 01:00:00,0.6012,0.6242,0.5803,0.6174,213749309.0,2022-02-01 00:59:59.999,127444698.1901,202749.0,108262249.0,64612912.7017,0.0
31,2022-02-01 01:00:00,0.6174,0.6308,0.6107,0.6284,174300620.0,2022-02-02 00:59:59.999,108325641.3791,179180.0,92006396.0,57191761.0132,0.0
32,2022-02-02 01:00:00,0.6284,0.6314,0.5955,0.6006,186608762.0,2022-02-03 00:59:59.999,114856317.4968,195159.0,91214428.0,56181186.2223,0.0
33,2022-02-03 01:00:00,0.6006,0.6116,0.5886,0.6102,168129675.0,2022-02-04 00:59:59.999,100903909.1622,166019.0,82030398.0,49239399.1662,0.0
34,2022-02-04 01:00:00,0.6101,0.6589,0.6044,0.6555,263927174.0,2022-02-05 00:59:59.999,164697317.0547,234991.0,140894316.0,87920154.493,0.0
35,2022-02-05 01:00:00,0.6557,0.6869,0.65,0.6656,310296779.0,2022-02-06 00:59:59.999,207432932.9309,296990.0,163402988.0,109221694.5298,0.0
36,2022-02-06 01:00:00,0.6656,0.688,0.6589,0.6825,157303166.0,2022-02-07 00:59:59.999,105499040.7399,163540.0,77801560.0,52193085.8344,0.0
37,2022-02-07 01:00:00,0.6825,0.839,0.6712,0.8314,640917209.0,2022-02-08 00:59:59.999,491875684.7933,773279.0,327757400.0,251545537.8708,0.0
38,2022-02-08 01:00:00,0.8314,0.9142,0.8034,0.8763,1048879447.0,2022-02-09 00:59:59.999,896908628.4032,1336231.0,535178885.0,457855992.8328,0.0
39,2022-02-09 01:00:00,0.8763,0.9168,0.8413,0.8697,626331950.0,2022-02-10 00:59:59.999,549165655.7157,803724.0,314570536.0,275936216.0557,0.0
40,2022-02-10 01:00:00,0.8699,0.8975,0.821,0.8253,495010890.0,2022-02-11 00:59:59.999,427414739.417,540824.0,242914550.0,209806198.6446,0.0
41,2022-02-11 01:00:00,0.8253,0.8339,0.75,0.7591,482432190.0,2022-02-12 00:59:59.999,388566707.0626,519699.0,228558713.0,184198520.8532,0.0
42,2022-02-12 01:00:00,0.759,0.8532,0.7465,0.8223,477906804.0,2022-02-13 00:59:59.999,383669503.4621,526512.0,234073787.0,188095069.8194,0.0
43,2022-02-13 01:00:00,0.8223,0.8476,0.792,0.8057,351589704.0,2022-02-14 00:59:59.999,288439676.8539,411195.0,169831806.0,139336595.4066,0.0
44,2022-02-14 01:00:00,0.8057,0.8127,0.7791,0.8012,304006647.0,2022-02-15 00:59:59.999,241701354.4564,298362.0,151755059.0,120697998.6505,0.0
45,2022-02-15 01:00:00,0.8012,0.8599,0.7961,0.8515,279317316.0,2022-02-16 00:59:59.999,231323680.2361,292838.0,145139011.0,120212814.2036,0.0
46,2022-02-16 01:00:00,0.8514,0.8532,0.8086,0.8366,252745706.0,2022-02-17 00:59:59.999,210175363.6046,272890.0,121239086.0,100858526.5729,0.0
47,2022-02-17 01:00:00,0.8367,0.8448,0.7535,0.769,375190546.0,2022-02-18 00:59:59.999,300624314.1474,377795.0,180001437.0,144223727.5401,0.0
48,2022-02-18 01:00:00,0.7689,0.8055,0.756,0.784,417945743.0,2022-02-19 00:59:59.999,326120877.6789,423084.0,201924098.0,157513266.3368,0.0
49,2022-02-19 01:00:00,0.7841,0.8547,0.7696,0.8215,492929500.0,2022-02-20 00:59:59.999,400613754.2186,594162.0,248825500.0,202360377.2972,0.0
50,2022-02-20 01:00:00,0.8215,0.8234,0.7643,0.7769,495454770.0,2022-02-21 00:59:59.999,391269443.4318,521656.0,227536480.0,179659457.3597,0.0
51,2022-02-21 01:00:00,0.7769,0.802,0.6953,0.7018,621650777.0,2022-02-22 00:59:59.999,474629850.5165,558755.0,303954516.0,232169573.5726,0.0
52,2022-02-22 01:00:00,0.7018,0.7266,0.6686,0.7209,597541290.0,2022-02-23 00:59:59.999,417027236.6289,503146.0,299122368.0,208862896.9036,0.0
53,2022-02-23 01:00:00,0.7209,0.7441,0.6924,0.6967,438023003.0,2022-02-24 00:59:59.999,315158238.6433,352974.0,219155727.0,157728011.8876,0.0
54,2022-02-24 01:00:00,0.6967,0.7226,0.6215,0.6963,986343826.0,2022-02-25 00:59:59.999,649336702.1989,776546.0,475980122.0,313319924.6972,0.0
55,2022-02-25 01:00:00,0.6962,0.7807,0.6826,0.7699,557343038.0,2022-02-26 00:59:59.999,397739663.4322,483216.0,289233335.0,206653757.6256,0.0
56,2022-02-26 01:00:00,0.7698,0.7955,0.7403,0.7508,520451349.0,2022-02-27 00:59:59.999,398290215.7972,518766.0,263972487.0,202016049.1408,0.0
57,2022-02-27 01:00:00,0.7508,0.7677,0.7032,0.7215,441252224.0,2022-02-28 00:59:59.999,324122751.3269,380063.0,211903246.0,155721473.8369,0.0
58,2022-02-28 01:00:00,0.7216,0.7938,0.7075,0.7809,444617964.0,2022-03-01 00:59:59.999,331004684.9104,411864.0,220791698.0,164606481.1886,0.0
59,2022-03-01 01:00:00,0.7809,0.8039,0.7574,0.7839,392126769.0,2022-03-02 00:59:59.999,305309246.7925,396934.0,193409344.0,150654555.7843,0.0
60,2022-03-02 01:00:00,0.784,0.7848,0.7562,0.7687,377602100.0,2022-03-03 00:59:59.999,290891663.0599,306050.0,186780734.0,143882345.5757,0.0
61,2022-03-03 01:00:00,0.7688,0.7897,0.7336,0.7515,339295156.0,2022-03-04 00:59:59.999,257664904.5485,298359.0,166262432.0,126275130.7789,0.0
62,2022-03-04 01:00:00,0.7514,0.755,0.6942,0.7127,382831997.0,2022-03-05 00:59:59.999,279450790.8482,325418.0,187126852.0,136654078.9078,0.0
63,2022-03-05 01:00:00,0.7127,0.7693,0.7049,0.754,358200609.0,2022-03-06 00:59:59.999,265951379.1469,360890.0,171764631.0,127561328.589,0.0
64,2022-03-06 01:00:00,0.7539,0.7589,0.7211,0.7251,304732286.0,2022-03-07 00:59:59.999,225032012.6074,275079.0,148059163.0,109293439.8545,0.0
65,2022-03-07 01:00:00,0.7252,0.7544,0.7033,0.7197,496407111.0,2022-03-08 00:59:59.999,363052083.9685,413298.0,249680721.0,182588165.2447,0.0
66,2022-03-08 01:00:00,0.7196,0.7313,0.7135,0.7207,293749434.0,2022-03-09 00:59:59.999,212291889.8845,231723.0,146084373.0,105592288.2111,0.0
67,2022-03-09 01:00:00,0.7208,0.775,0.7199,0.7658,397032109.0,2022-03-10 00:59:59.999,298577935.7299,342087.0,210070672.0,157981242.9616,0.0
68,2022-03-10 01:00:00,0.7659,0.7797,0.7215,0.7361,397850898.0,2022-03-11 00:59:59.999,294933673.0231,350437.0,191002562.0,141660681.4386,0.0
69,2022-03-11 01:00:00,0.7361,0.814,0.725,0.8029,526984782.0,2022-03-12 00:59:59.999,402055677.0288,515649.0,265507599.0,202653114.0156,0.0
70,2022-03-12 01:00:00,0.8028,0.849,0.7783,0.7857,589059126.0,2022-03-13 00:59:59.999,474559889.9224,662771.0,280010604.0,225635940.9371,0.0
71,2022-03-13 01:00:00,0.7857,0.8057,0.7508,0.7602,311279578.0,2022-03-14 00:59:59.999,244669480.0742,304239.0,146750241.0,115428354.2304,0.0
72,2022-03-14 01:00:00,0.7602,0.7779,0.745,0.7748,326606464.0,2022-03-15 00:59:59.999,249607534.8329,277062.0,166773116.0,127466033.2777,0.0
73,2022-03-15 01:00:00,0.7747,0.7768,0.7413,0.7657,243756136.0,2022-03-16 00:59:59.999,185554830.1951,224551.0,120440153.0,91702951.2356,0.0
74,2022-03-16 01:00:00,0.7658,0.7945,0.7569,0.7919,350641035.0,2022-03-17 00:59:59.999,270905161.1004,338101.0,178379477.0,137846140.9617,0.0
75,2022-03-17 01:00:00,0.7919,0.802,0.783,0.7935,264101320.0,2022-03-18 00:59:59.999,209115111.7325,239087.0,136623515.0,108183137.9896,0.0
76,2022-03-18 01:00:00,0.7936,0.8007,0.7762,0.7965,222661984.0,2022-03-19 00:59:59.999,175564924.199,202346.0,112469928.0,88692231.2992,0.0
77,2022-03-19 01:00:00,0.7964,0.8268,0.7915,0.8194,248947590.0,2022-03-20 00:59:59.999,202388188.4208,265739.0,117794407.0,95755655.7573,0.0
78,2022-03-20 01:00:00,0.8195,0.822,0.795,0.8057,185090508.0,2022-03-21 00:59:59.999,149611235.7475,177909.0,86526823.0,69949276.7585,0.0
79,2022-03-21 01:00:00,0.8057,0.8549,0.7875,0.8373,316427663.0,2022-03-22 00:59:59.999,259592940.3888,362667.0,159769268.0,131064535.8994,0.0
80,2022-03-22 01:00:00,0.8372,0.8653,0.8273,0.8366,305184306.0,2022-03-23 00:59:59.999,257893273.7383,340957.0,154289567.0,130398701.3163,0.0
81,2022-03-23 01:00:00,0.8366,0.846,0.8171,0.8376,235024475.0,2022-03-24 00:59:59.999,195140355.5946,230168.0,113831215.0,94527036.5583,0.0
82,2022-03-24 01:00:00,0.8376,0.85,0.8272,0.8428,282122073.0,2022-03-25 00:59:59.999,236615079.7898,280263.0,147774382.0,123968022.8932,0.0
83,2022-03-25 01:00:00,0.8428,0.8459,0.8185,0.8239,214450998.0,2022-03-26 00:59:59.999,178986690.6411,194835.0,105983987.0,88495788.6914,0.0
84,2022-03-26 01:00:00,0.8239,0.8349,0.8206,0.8327,122433652.0,2022-03-27 00:59:59.999,101517227.9421,108590.0,58204949.0,48261302.8863,0.0
85,2022-03-27 01:00:00,0.8326,0.8582,0.8275,0.858,198619688.0,2022-03-28 01:59:59.999,167118139.6212,199174.0,99347869.0,83611740.2909,0.0
86,2022-03-28 02:00:00,0.8579,0.93,0.8528,0.8641,479199201.0,2022-03-29 01:59:59.999,422637754.2167,540963.0,255022451.0,225063849.0903,0.0
87,2022-03-29 02:00:00,0.864,0.8857,0.8389,0.8577,264756291.0,2022-03-30 01:59:59.999,230020279.9314,293027.0,129038578.0,112143460.781,0.0
88,2022-03-30 02:00:00,0.8576,0.8718,0.8455,0.8613,201046259.0,2022-03-31 01:59:59.999,173039224.5048,224285.0,102066434.0,87851965.478,0.0
89,2022-03-31 02:00:00,0.8613,0.8737,0.7794,0.8148,366939277.0,2022-04-01 01:59:59.999,305824263.8892,400216.0,172319249.0,143671827.3714,0.0
90,2022-04-01 02:00:00,0.8149,0.8343,0.807,0.8277,254001232.0,2022-04-02 01:59:59.999,208774877.5653,251817.0,124094463.0,101996499.5634,0.0
91,2022-04-02 02:00:00,0.8277,0.8499,0.8185,0.824,210041825.0,2022-04-03 01:59:59.999,175623270.3137,208651.0,98183173.0,82111559.8957,0.0
92,2022-04-03 02:00:00,0.824,0.8519,0.8143,0.8432,159520162.0,2022-04-04 01:59:59.999,133117452.9172,156976.0,77302883.0,64502447.3359,0.0
93,2022-04-04 02:00:00,0.8432,0.844,0.8041,0.826,216740017.0,2022-04-05 01:59:59.999,179165135.2421,215429.0,106854587.0,88344943.0996,0.0
94,2022-04-05 02:00:00,0.8261,0.8366,0.8145,0.8164,174779509.0,2022-04-06 01:59:59.999,144156926.2418,158487.0,87383871.0,72080970.0778,0.0
95,2022-04-06 02:00:00,0.8164,0.8184,0.7555,0.7595,348686323.0,2022-04-07 01:59:59.999,274381875.7023,364137.0,168915184.0,132979551.6493,0.0
96,2022-04-07 02:00:00,0.7594,0.7911,0.7523,0.7871,196211648.0,2022-04-08 01:59:59.999,152188903.5217,203495.0,94215238.0,73077180.2044,0.0
97,2022-04-08 02:00:00,0.787,0.7944,0.7463,0.7549,210639194.0,2022-04-09 01:59:59.999,162771256.5049,208204.0,104376903.0,80692244.786,0.0
98,2022-04-09 02:00:00,0.755,0.7668,0.7531,0.7622,102131244.0,2022-04-10 01:59:59.999,77625116.2299,107344.0,47440735.0,36059404.0327,0.0
99,2022-04-10 02:00:00,0.7623,0.7731,0.7524,0.7543,123028708.0,2022-04-11 01:59:59.999,93662860.1336,127125.0,57114934.0,43494557.2975,0.0
100,2022-04-11 02:00:00,0.7543,0.7558,0.6802,0.6948,354459252.0,2022-04-12 01:59:59.999,253488704.6894,328030.0,167664986.0,119927030.7184,0.0
101,2022-04-12 02:00:00,0.6949,0.734,0.6924,0.7152,263088987.0,2022-04-13 01:59:59.999,185940902.0363,260994.0,133316198.0,94219143.5379,0.0
102,2022-04-13 02:00:00,0.7151,0.7252,0.7017,0.7232,217937566.0,2022-04-14 01:59:59.999,156097770.2643,205229.0,108623961.0,77822024.429,0.0
103,2022-04-14 02:00:00,0.7232,0.7413,0.7083,0.7262,239629937.0,2022-04-15 01:59:59.999,173590844.0636,217510.0,117445778.0,85066672.3144,0.0
104,2022-04-15 02:00:00,0.7262,0.7975,0.7261,0.7858,439676502.0,2022-04-16 01:59:59.999,340018971.2768,490660.0,222695983.0,172134143.0282,0.0
105,2022-04-16 02:00:00,0.7859,0.7999,0.7658,0.7808,206493032.0,2022-04-17 01:59:59.999,161483053.8088,195172.0,100170754.0,78347213.436,0.0
106,2022-04-17 02:00:00,0.7808,0.7861,0.7477,0.7519,188468510.0,2022-04-18 01:59:59.999,145499726.0462,176462.0,92494781.0,71408946.4904,0.0
107,2022-04-18 02:00:00,0.7519,0.7699,0.7266,0.7699,257757252.0,2022-04-19 01:59:59.999,192473959.5038,258339.0,126225222.0,94297426.8333,0.0
108,2022-04-19 02:00:00,0.7698,0.786,0.7588,0.7749,199132020.0,2022-04-20 01:59:59.999,153428708.3625,191968.0,103980072.0,80113597.9742,0.0
109,2022-04-20 02:00:00,0.7749,0.7753,0.742,0.7517,220246970.0,2022-04-21 01:59:59.999,167656195.8777,192462.0,107948127.0,82171145.4734,0.0
110,2022-04-21 02:00:00,0.7517,0.7686,0.718,0.7328,241310449.0,2022-04-22 01:59:59.999,180731787.3906,241040.0,120565186.0,90337004.5003,0.0
111,2022-04-22 02:00:00,0.7328,0.7387,0.7142,0.7179,220757625.0,2022-04-23 01:59:59.999,160328204.818,216443.0,106214645.0,77146619.6125,0.0
112,2022-04-23 02:00:00,0.7178,0.7267,0.7023,0.7057,163036743.0,2022-04-24 01:59:59.999,116203898.7368,154364.0,79411803.0,56595167.8976,0.0
113,2022-04-24 02:00:00,0.7057,0.7119,0.6944,0.6981,144945400.0,2022-04-25 01:59:59.999,102084222.507,137510.0,70704996.0,49784633.333,0.0
114,2022-04-25 02:00:00,0.698,0.6998,0.6451,0.6931,399434752.0,2022-04-26 01:59:59.999,267285979.6594,354207.0,196890553.0,131736017.814,0.0
115,2022-04-26 02:00:00,0.6931,0.7065,0.6276,0.642,355964613.0,2022-04-27 01:59:59.999,237444379.8966,311924.0,174245692.0,116326399.0929,0.0
116,2022-04-27 02:00:00,0.642,0.663,0.6361,0.6522,277994630.0,2022-04-28 01:59:59.999,180637616.853,241976.0,142408334.0,92540378.8476,0.0
117,2022-04-28 02:00:00,0.6522,0.6577,0.6333,0.6428,242145728.0,2022-04-29 01:59:59.999,156497699.4127,195259.0,119074148.0,76959693.9611,0.0
118,2022-04-29 02:00:00,0.6428,0.6464,0.5992,0.6116,322263629.0,2022-04-30 01:59:59.999,200206773.4092,234208.0,155967290.0,96871644.8979,0.0
119,2022-04-30 02:00:00,0.6115,0.6288,0.5663,0.5845,354754733.0,2022-05-01 01:59:59.999,214938073.8545,274288.0,169587697.0,102905100.6398,0.0
120,2022-05-01 02:00:00,0.5845,0.6125,0.576,0.607,279653905.0,2022-05-02 01:59:59.999,166027183.2312,253008.0,141614030.0,84080669.4316,0.0
121,2022-05-02 02:00:00,0.607,0.6312,0.5984,0.6143,332748235.0,2022-05-03 01:59:59.999,204458052.8653,255037.0,171961683.0,105666294.9625,0.0
122,2022-05-03 02:00:00,0.6143,0.628,0.5961,0.6047,284044788.0,2022-05-04 01:59:59.999,174187576.7346,192989.0,143379359.0,87912050.8949,0.0
123,2022-05-04 02:00:00,0.6047,0.65,0.6039,0.6459,345607731.0,2022-05-05 01:59:59.999,214781739.892,250260.0,180231681.0,112007405.5283,0.0
124,2022-05-05 02:00:00,0.646,0.6572,0.5801,0.5981,446938464.0,2022-05-06 01:59:59.999,275475127.5275,326425.0,218395211.0,134801102.8758,0.0
125,2022-05-06 02:00:00,0.5981,0.6164,0.5875,0.6022,363872112.0,2022-05-07 01:59:59.999,218917267.8923,281104.0,183578252.0,110428735.0375,0.0
126,2022-05-07 02:00:00,0.6022,0.6044,0.5692,0.5808,243420987.0,2022-05-08 01:59:59.999,144029120.1394,162836.0,113155415.0,66938455.5958,0.0
127,2022-05-08 02:00:00,0.5808,0.5833,0.5572,0.5662,335981906.0,2022-05-09 01:59:59.999,191966430.3333,204020.0,163008531.0,93148806.9462,0.0
128,2022-05-09 02:00:00,0.5663,0.5789,0.47,0.4873,841979616.33,2022-05-10 01:59:59.999,440258885.078922,614982.0,401707901.93,210048266.461249,0.0
129,2022-05-10 02:00:00,0.4872,0.5371,0.4722,0.513,900790302.0,2022-05-11 01:59:59.999,459950527.42,637387.0,434905375.0,222042162.2255,0.0
130,2022-05-11 02:00:00,0.513,0.5253,0.3646,0.4172,1598443681.35,2022-05-12 01:59:59.999,731722915.314705,1259135.0,752855735.92,345813793.804597,0.0
131,2022-05-12 02:00:00,0.4172,0.4296,0.3361,0.3856,1567507931.5,2022-05-13 01:59:59.999,594186113.526365,1276059.0,782977731.1,296900375.29638,0.0
132,2022-05-13 02:00:00,0.3856,0.4659,0.3813,0.4228,698396767.0,2022-05-14 01:59:59.999,301967793.821,550622.0,346804900.0,149919526.2497,0.0
133,2022-05-14 02:00:00,0.4229,0.441,0.3955,0.4262,442845171.0,2022-05-15 01:59:59.999,185744367.7124,346940.0,213778456.0,89698073.3502,0.0
134,2022-05-15 02:00:00,0.4262,0.45,0.4149,0.4481,267739238.0,2022-05-16 01:59:59.999,114744354.5196,215477.0,131021667.0,56191165.341,0.0
135,2022-05-16 02:00:00,0.4481,0.4481,0.4087,0.4231,433909248.0,2022-05-17 01:59:59.999,183880284.5874,305356.0,224928418.0,95326831.9139,0.0
136,2022-05-17 02:00:00,0.4231,0.4403,0.417,0.438,376428299.0,2022-05-18 01:59:59.999,162168648.8597,251858.0,190488659.0,82052620.1902,0.0
137,2022-05-18 02:00:00,0.438,0.4428,0.4037,0.4056,370954228.0,2022-05-19 01:59:59.999,155713298.6108,236704.0,182418848.0,76564760.9242,0.0
138,2022-05-19 02:00:00,0.4056,0.4242,0.3908,0.4205,285465302.0,2022-05-20 01:59:59.999,116869173.7599,199622.0,145656295.0,59625099.7529,0.0
139,2022-05-20 02:00:00,0.4205,0.4407,0.4016,0.4101,358049438.0,2022-05-21 01:59:59.999,150932151.7571,221270.0,180661797.0,76181126.8174,0.0
140,2022-05-21 02:00:00,0.4101,0.4183,0.403,0.4145,144232225.0,2022-05-22 01:59:59.999,59372483.5825,92445.0,69925202.0,28783850.4736,0.0
141,2022-05-22 02:00:00,0.4144,0.4255,0.4101,0.4218,143783091.0,2022-05-23 01:59:59.999,60032697.6084,93691.0,72502293.0,30272080.6584,0.0
142,2022-05-23 02:00:00,0.4217,0.4287,0.4002,0.4052,301434382.0,2022-05-24 01:59:59.999,126188136.5609,179962.0,148486545.0,62121844.6297,0.0
143,2022-05-24 02:00:00,0.4052,0.4138,0.3908,0.4086,309724750.0,2022-05-25 01:59:59.999,125344682.6655,147275.0,154087251.0,62396369.6546,0.0
144,2022-05-25 02:00:00,0.4087,0.4138,0.3948,0.406,414339536.0,2022-05-26 01:59:59.999,167969372.2193,161858.0,197113019.0,79917672.7424,0.0
145,2022-05-26 02:00:00,0.4061,0.4109,0.3753,0.392,626704757.0,2022-05-27 01:59:59.999,246729969.605,251980.0,308901803.0,121570237.2421,0.0
146,2022-05-27 02:00:00,0.3921,0.4032,0.3764,0.3819,549974246.0,2022-05-28 01:59:59.999,214888250.2271,235251.0,280708552.0,109682355.9268,0.0
147,2022-05-28 02:00:00,0.382,0.389,0.3805,0.3863,232996058.0,2022-05-29 01:59:59.999,89731706.8105,101729.0,121012872.0,46598972.8519,0.0
148,2022-05-29 02:00:00,0.3863,0.3908,0.3794,0.3891,190159222.0,2022-05-30 01:59:59.999,73294559.5039,80104.0,96943524.0,37370321.2283,0.0
149,2022-05-30 02:00:00,0.3891,0.4197,0.3866,0.4187,371239281.0,2022-05-31 01:59:59.999,149384767.0321,167873.0,194236066.0,78160019.8935,0.0
150,2022-05-31 02:00:00,0.4188,0.4342,0.4065,0.4217,422313633.0,2022-06-01 01:59:59.999,176780178.8201,207019.0,202580617.0,84806064.9119,0.0
151,2022-06-01 02:00:00,0.4217,0.4266,0.3887,0.398,436983828.0,2022-06-02 01:59:59.999,178928611.5763,200731.0,215019403.0,88095126.204,0.0
152,2022-06-02 02:00:00,0.3981,0.4072,0.3907,0.4055,350695114.0,2022-06-03 01:59:59.999,139400566.4511,147596.0,176870397.0,70287103.1895,0.0
153,2022-06-03 02:00:00,0.4054,0.4105,0.3839,0.3904,283788604.0,2022-06-04 01:59:59.999,112542326.3665,148952.0,151980865.0,60257602.3993,0.0
154,2022-06-04 02:00:00,0.3903,0.3944,0.3846,0.3925,134031506.0,2022-06-05 01:59:59.999,52239259.2791,77118.0,66545797.0,25932690.7373,0.0
155,2022-06-05 02:00:00,0.3925,0.3995,0.3895,0.3953,134209649.0,2022-06-06 01:59:59.999,52902644.5682,73022.0,71195640.0,28064605.8534,0.0
156,2022-06-06 02:00:00,0.3954,0.4099,0.394,0.4026,253767142.0,2022-06-07 01:59:59.999,102110040.337,130186.0,142292704.0,57276098.7523,0.0
157,2022-06-07 02:00:00,0.4027,0.4175,0.3846,0.4076,418785041.0,2022-06-08 01:59:59.999,166280541.3817,220088.0,203201721.0,80682320.4546,0.0
158,2022-06-08 02:00:00,0.4076,0.4104,0.3947,0.4006,307076296.0,2022-06-09 01:59:59.999,123154505.0433,165487.0,152660760.0,61224554.0444,0.0
159,2022-06-09 02:00:00,0.4007,0.4041,0.3965,0.4002,253775318.0,2022-06-10 01:59:59.999,101687547.2932,108685.0,124321103.0,49825724.7181,0.0
160,2022-06-10 02:00:00,0.4002,0.4118,0.3762,0.3815,399808206.0,2022-06-11 01:59:59.999,157089536.93,194473.0,195917016.0,77041301.0298,0.0
161,2022-06-11 02:00:00,0.3815,0.3887,0.3557,0.3599,335176735.0,2022-06-12 01:59:59.999,124317447.9689,162752.0,165214003.0,61258649.7717,0.0
162,2022-06-12 02:00:00,0.3598,0.3654,0.3394,0.3433,427316144.0,2022-06-13 01:59:59.999,149735662.364,211927.0,202677787.0,71035077.4225,0.0
163,2022-06-13 02:00:00,0.3433,0.3507,0.3012,0.3118,1028751993.07,2022-06-14 01:59:59.999,328637316.325002,508115.0,510439919.0,163052865.5242,0.0
164,2022-06-14 02:00:00,0.3117,0.3267,0.2936,0.3214,778418633.0,2022-06-15 01:59:59.999,243464785.141985,342614.0,378034381.92,118330382.0822,0.0
165,2022-06-15 02:00:00,0.3215,0.3469,0.298,0.3436,865192872.0,2022-06-16 01:59:59.999,271227096.2417,404846.0,432927616.0,135683790.8675,0.0
166,2022-06-16 02:00:00,0.3436,0.3475,0.3073,0.3132,589816543.0,2022-06-17 01:59:59.999,190349169.8571,238916.0,289891372.0,93503353.1549,0.0
167,2022-06-17 02:00:00,0.3132,0.3397,0.3105,0.321,430655102.0,2022-06-18 01:59:59.999,140271381.5595,198729.0,220129175.0,71720491.8413,0.0
168,2022-06-18 02:00:00,0.321,0.3263,0.2872,0.3075,555977925.71,2022-06-19 01:59:59.999,170366179.895381,283907.0,274411148.0,84126288.6719,0.0
169,2022-06-19 02:00:00,0.3074,0.333,0.2981,0.3264,393395495.0,2022-06-20 01:59:59.999,123246578.6674,201014.0,197461677.0,61901469.775,0.0
170,2022-06-20 02:00:00,0.3262,0.3289,0.3135,0.3227,356161086.0,2022-06-21 01:59:59.999,114351278.5238,181160.0,186248397.0,59800007.5846,0.0
171,2022-06-21 02:00:00,0.3226,0.3374,0.3187,0.3294,379691157.0,2022-06-22 01:59:59.999,124852730.7156,187784.0,202444640.0,66561000.3585,0.0
172,2022-06-22 02:00:00,0.3294,0.3297,0.319,0.3223,315095128.0,2022-06-23 01:59:59.999,101794452.0225,152486.0,162358105.0,52445619.0636,0.0
173,2022-06-23 02:00:00,0.3223,0.3371,0.3213,0.3358,293426615.0,2022-06-24 01:59:59.999,96235892.6572,133928.0,154739109.0,50758562.0221,0.0
174,2022-06-24 02:00:00,0.3357,0.3871,0.3348,0.3672,610286919.0,2022-06-25 01:59:59.999,223815201.869,364031.0,307745887.0,112897969.5519,0.0
175,2022-06-25 02:00:00,0.3672,0.3741,0.3542,0.3676,216676025.0,2022-06-26 01:59:59.999,79123639.7719,134079.0,105168418.0,38413830.9589,0.0
176,2022-06-26 02:00:00,0.3677,0.3751,0.3576,0.3592,194186812.0,2022-06-27 01:59:59.999,71039962.3962,118676.0,95681601.0,35000157.7912,0.0
177,2022-06-27 02:00:00,0.3591,0.3671,0.348,0.3537,274516503.0,2022-06-28 01:59:59.999,98508600.8805,140953.0,137911170.0,49526867.6593,0.0
178,2022-06-28 02:00:00,0.3537,0.3557,0.3353,0.3375,316153206.0,2022-06-29 01:59:59.999,109315246.4689,155206.0,168250606.0,58219456.6073,0.0
179,2022-06-29 02:00:00,0.3375,0.3417,0.3201,0.3296,329827694.0,2022-06-30 01:59:59.999,108924493.26,163468.0,171354767.0,56593950.0059,0.0
180,2022-06-30 02:00:00,0.3296,0.3333,0.3056,0.3321,463148646.0,2022-07-01 01:59:59.999,147393644.668,245378.0,237101799.0,75440787.7864,0.0
181,2022-07-01 02:00:00,0.332,0.3363,0.31,0.3139,373042743.0,2022-07-02 01:59:59.999,118587656.9598,184586.0,192275060.0,61071852.5734,0.0
182,2022-07-02 02:00:00,0.3142,0.3181,0.3089,0.3156,179482724.0,2022-07-03 01:59:59.999,56221451.4424,88251.0,90600502.0,28378354.9864,0.0
183,2022-07-03 02:00:00,0.3157,0.3258,0.3085,0.3215,194701668.0,2022-07-04 01:59:59.999,61533546.2119,107856.0,98899638.0,31272144.7916,0.0
184,2022-07-04 02:00:00,0.3216,0.33,0.3146,0.3287,276890244.0,2022-07-05 01:59:59.999,88994114.9657,126096.0,153753348.0,49394287.6538,0.0
185,2022-07-05 02:00:00,0.3287,0.331,0.3128,0.3252,332749123.0,2022-07-06 01:59:59.999,107262278.4529,146859.0,175922885.0,56699140.2254,0.0
186,2022-07-06 02:00:00,0.3252,0.334,0.32,0.3324,295359140.0,2022-07-07 01:59:59.999,95886316.4482,132366.0,161212789.0,52335913.4695,0.0
187,2022-07-07 02:00:00,0.3324,0.3456,0.3269,0.3422,261063763.0,2022-07-08 01:59:59.999,87266153.1303,126050.0,147439187.0,49264860.2988,0.0
188,2022-07-08 02:00:00,0.3423,0.359,0.3359,0.3402,383269941.0,2022-07-09 01:59:59.999,133000861.9134,213155.0,202818061.0,70409834.9315,0.0
189,2022-07-09 02:00:00,0.3403,0.3477,0.3392,0.3448,131799232.0,2022-07-10 01:59:59.999,45267170.3163,80709.0,67277636.0,23110229.737,0.0
190,2022-07-10 02:00:00,0.3448,0.3449,0.3197,0.3255,240237163.0,2022-07-11 01:59:59.999,79468929.0035,124569.0,119299991.0,39439440.6727,0.0
191,2022-07-11 02:00:00,0.3256,0.3292,0.3108,0.3152,246538517.0,2022-07-12 01:59:59.999,79546363.024,133558.0,130435120.0,42089487.4209,0.0
192,2022-07-12 02:00:00,0.3152,0.3182,0.3078,0.3116,234067778.0,2022-07-13 01:59:59.999,73193935.2427,126411.0,124715018.0,39002408.5774,0.0
193,2022-07-13 02:00:00,0.3117,0.326,0.302,0.3237,354463864.0,2022-07-14 01:59:59.999,111462870.5633,176989.0,182895242.0,57532601.3692,0.0
194,2022-07-14 02:00:00,0.3236,0.334,0.3122,0.3338,323459383.0,2022-07-15 01:59:59.999,103892845.0904,146897.0,176443453.0,56669203.7229,0.0
195,2022-07-15 02:00:00,0.3338,0.349,0.3273,0.3342,392883643.0,2022-07-16 01:59:59.999,132631266.8746,200294.0,213697008.0,72146915.6227,0.0
196,2022-07-16 02:00:00,0.3341,0.3565,0.3313,0.3505,271487176.0,2022-07-17 01:59:59.999,93541230.7602,176489.0,142193345.0,49010989.1983,0.0
197,2022-07-17 02:00:00,0.3504,0.3614,0.3413,0.3433,203255685.0,2022-07-18 01:59:59.999,71308820.2037,155405.0,101315331.0,35554172.8169,0.0
198,2022-07-18 02:00:00,0.3434,0.3701,0.3429,0.3653,404237689.0,2022-07-19 01:59:59.999,145950885.0127,247021.0,215874107.0,77921624.5275,0.0
199,2022-07-19 02:00:00,0.3652,0.3767,0.3515,0.3729,372635897.0,2022-07-20 01:59:59.999,135433770.4909,240551.0,190787717.0,69325586.2817,0.0
200,2022-07-20 02:00:00,0.3728,0.3817,0.3572,0.3635,329852165.0,2022-07-21 01:59:59.999,122555674.2913,219247.0,170114267.0,63255434.4255,0.0
201,2022-07-21 02:00:00,0.3635,0.3685,0.3485,0.3669,276798269.0,2022-07-22 01:59:59.999,99082317.9136,176891.0,134550373.0,48182821.7688,0.0
202,2022-07-22 02:00:00,0.3668,0.3716,0.3541,0.3578,231304449.0,2022-07-23 01:59:59.999,84039196.2595,153583.0,121129466.0,44034645.693,0.0
203,2022-07-23 02:00:00,0.3578,0.3628,0.3498,0.3592,140472336.0,2022-07-24 01:59:59.999,50073528.3648,106298.0,67351566.0,24015350.2839,0.0
204,2022-07-24 02:00:00,0.3592,0.3667,0.3558,0.3586,154710249.0,2022-07-25 01:59:59.999,55971080.8209,111641.0,77556767.0,28059884.1089,0.0
205,2022-07-25 02:00:00,0.3585,0.3602,0.335,0.3362,250777496.0,2022-07-26 01:59:59.999,86676259.4828,151193.0,125589433.0,43419718.0268,0.0
206,2022-07-26 02:00:00,0.3362,0.3385,0.3252,0.3372,248516564.0,2022-07-27 01:59:59.999,82443390.9487,153532.0,120815478.0,40085102.9261,0.0
207,2022-07-27 02:00:00,0.3373,0.3597,0.3304,0.3594,270820690.0,2022-07-28 01:59:59.999,92730683.9319,173274.0,138359904.0,47386119.5227,0.0
208,2022-07-28 02:00:00,0.3594,0.3792,0.3489,0.3739,338381188.0,2022-07-29 01:59:59.999,122379884.6885,214156.0,171414799.0,61987597.0128,0.0
209,2022-07-29 02:00:00,0.3738,0.3799,0.3596,0.3679,276456259.0,2022-07-30 01:59:59.999,102455414.6748,186833.0,144385392.0,53526478.0597,0.0
210,2022-07-30 02:00:00,0.3679,0.4099,0.3629,0.3879,388154871.0,2022-07-31 01:59:59.999,151212668.9887,285884.0,190389680.0,74193402.6794,0.0
211,2022-07-31 02:00:00,0.388,0.3989,0.3782,0.3792,231814092.0,2022-08-01 01:59:59.999,90300223.1005,174085.0,113537479.0,44242347.0145,0.0
212,2022-08-01 02:00:00,0.3791,0.386,0.371,0.3791,215729685.0,2022-08-02 01:59:59.999,81602011.2659,146825.0,109339966.0,41363255.4091,0.0
213,2022-08-02 02:00:00,0.3791,0.3946,0.3667,0.3714,261343324.0,2022-08-03 01:59:59.999,97712462.1301,184337.0,129545005.0,48449982.3181,0.0
214,2022-08-03 02:00:00,0.3714,0.3775,0.3631,0.3695,212254602.0,2022-08-04 01:59:59.999,78676859.4057,137130.0,104744026.0,38832024.4896,0.0
215,2022-08-04 02:00:00,0.3695,0.375,0.3643,0.371,170860294.0,2022-08-05 01:59:59.999,63183203.3837,107315.0,85380072.0,31564774.9887,0.0
216,2022-08-05 02:00:00,0.371,0.3785,0.3673,0.3764,178170072.0,2022-08-06 01:59:59.999,66561027.3224,117145.0,97071624.0,36257586.8549,0.0
217,2022-08-06 02:00:00,0.3764,0.378,0.3703,0.3715,88658479.0,2022-08-07 01:59:59.999,33182898.9453,66502.0,42405437.0,15872414.639,0.0
218,2022-08-07 02:00:00,0.3715,0.3772,0.3682,0.3722,94432362.0,2022-08-08 01:59:59.999,35204727.0933,65502.0,47947178.0,17876939.2392,0.0
219,2022-08-08 02:00:00,0.3723,0.3847,0.371,0.3787,221476216.0,2022-08-09 01:59:59.999,83979590.9722,128662.0,115977396.0,43979420.003,0.0
220,2022-08-09 02:00:00,0.3787,0.3801,0.3606,0.3672,168358813.0,2022-08-10 01:59:59.999,62324528.9408,110373.0,82666286.0,30600207.9599,0.0
221,2022-08-10 02:00:00,0.3672,0.3815,0.3583,0.3814,218617309.0,2022-08-11 01:59:59.999,81068105.4407,142208.0,112384455.0,41691872.0909,0.0
222,2022-08-11 02:00:00,0.3814,0.386,0.377,0.3802,212303676.0,2022-08-12 01:59:59.999,80900073.1205,124815.0,107303586.0,40891650.7138,0.0
223,2022-08-12 02:00:00,0.3801,0.3806,0.3699,0.3796,169377982.0,2022-08-13 01:59:59.999,63609314.0849,102798.0,93156310.0,34983116.177,0.0
224,2022-08-13 02:00:00,0.3797,0.3876,0.3763,0.378,122728952.0,2022-08-14 01:59:59.999,46708311.9624,85925.0,59296459.0,22568921.9961,0.0
225,2022-08-14 02:00:00,0.3779,0.3922,0.3738,0.3757,184744299.0,2022-08-15 01:59:59.999,70663793.9313,125664.0,89113137.0,34102471.6654,0.0
226,2022-08-15 02:00:00,0.3756,0.3852,0.3658,0.3751,231352894.0,2022-08-16 01:59:59.999,86406258.6863,141003.0,119381222.0,44598719.5995,0.0
227,2022-08-16 02:00:00,0.375,0.3784,0.3666,0.377,196904975.0,2022-08-17 01:59:59.999,73556611.6893,121180.0,96207662.0,35948624.0461,0.0
228,2022-08-17 02:00:00,0.377,0.3923,0.368,0.3795,333525617.0,2022-08-18 01:59:59.999,126759099.1176,222987.0,169311616.0,64372334.9304,0.0
229,2022-08-18 02:00:00,0.3796,0.3815,0.3691,0.3704,206448429.0,2022-08-19 01:59:59.999,77574097.0843,132439.0,105091124.0,39492137.3928,0.0
230,2022-08-19 02:00:00,0.3703,0.3707,0.3309,0.3344,437831008.0,2022-08-20 01:59:59.999,151469808.2924,252658.0,216949759.0,74980178.1707,0.0
231,2022-08-20 02:00:00,0.3345,0.3428,0.3321,0.3368,206218319.0,2022-08-21 01:59:59.999,69893445.4186,118265.0,101881664.0,34536141.6942,0.0
232,2022-08-21 02:00:00,0.3368,0.3485,0.3355,0.3449,185595697.0,2022-08-22 01:59:59.999,63540311.138,103455.0,92296282.0,31592925.9513,0.0
233,2022-08-22 02:00:00,0.3448,0.3453,0.3313,0.344,259125051.0,2022-08-23 01:59:59.999,87411174.7706,139631.0,134395867.0,45341113.0735,0.0
234,2022-08-23 02:00:00,0.344,0.348,0.3326,0.3472,224844843.0,2022-08-24 01:59:59.999,76705168.209,120750.0,117130796.0,39962509.1015,0.0
235,2022-08-24 02:00:00,0.3473,0.3525,0.3389,0.3456,190760736.0,2022-08-25 01:59:59.999,65685897.5246,112208.0,95102376.0,32742791.9217,0.0
236,2022-08-25 02:00:00,0.3456,0.3522,0.3435,0.3491,200831070.0,2022-08-26 01:59:59.999,69764352.314,114924.0,101959250.0,35423162.6421,0.0
237,2022-08-26 02:00:00,0.3491,0.3712,0.3325,0.3393,439211758.0,2022-08-27 01:59:59.999,153665419.4402,269092.0,224371229.0,78493034.3602,0.0
238,2022-08-27 02:00:00,0.3393,0.3447,0.3283,0.3346,175871454.0,2022-08-28 01:59:59.999,58855369.8605,116416.0,87752033.0,29368141.1227,0.0
239,2022-08-28 02:00:00,0.3346,0.3373,0.3213,0.3224,148984590.0,2022-08-29 01:59:59.999,49504782.3436,90560.0,71255300.0,23680587.8921,0.0
240,2022-08-29 02:00:00,0.3223,0.3342,0.3186,0.3337,268856257.0,2022-08-30 01:59:59.999,87361744.4692,136287.0,142633743.0,46359313.3778,0.0
241,2022-08-30 02:00:00,0.3337,0.3359,0.32,0.3267,213879108.0,2022-08-31 01:59:59.999,70259688.5838,127485.0,108052191.0,35515375.3273,0.0
242,2022-08-31 02:00:00,0.3268,0.3339,0.323,0.3277,195043842.0,2022-09-01 01:59:59.999,64322459.0518,117716.0,94381318.0,31137094.8207,0.0
243,2022-09-01 02:00:00,0.3276,0.3334,0.3215,0.3331,183564987.0,2022-09-02 01:59:59.999,59848811.8949,113186.0,98551814.0,32119453.5226,0.0
244,2022-09-02 02:00:00,0.3332,0.3355,0.3253,0.3314,179601436.0,2022-09-03 01:59:59.999,59352103.3702,104285.0,93724081.0,30979579.1439,0.0
245,2022-09-03 02:00:00,0.3315,0.335,0.3265,0.3297,103317904.0,2022-09-04 01:59:59.999,34043843.1217,63442.0,49306559.0,16251627.5129,0.0
246,2022-09-04 02:00:00,0.3296,0.3328,0.3275,0.3317,95913393.0,2022-09-05 01:59:59.999,31682221.1852,58005.0,46703199.0,15427508.1057,0.0
247,2022-09-05 02:00:00,0.3318,0.3338,0.3225,0.3329,178320876.0,2022-09-06 01:59:59.999,58525355.8091,91431.0,94181774.0,30902887.5462,0.0
248,2022-09-06 02:00:00,0.3329,0.3431,0.3154,0.3212,337153895.0,2022-09-07 01:59:59.999,111776654.5137,191387.0,157130772.0,52124443.6011,0.0
249,2022-09-07 02:00:00,0.3212,0.3386,0.312,0.3369,267709589.0,2022-09-08 01:59:59.999,86968475.705,141016.0,125965451.0,40930316.7749,0.0
250,2022-09-08 02:00:00,0.3369,0.3434,0.3282,0.3396,234589959.0,2022-09-09 01:59:59.999,78333843.9986,136630.0,116415824.0,38867163.734,0.0
251,2022-09-09 02:00:00,0.3396,0.3597,0.3394,0.3568,334849027.0,2022-09-10 01:59:59.999,117071573.7653,187293.0,182474750.0,63800492.1473,0.0
252,2022-09-10 02:00:00,0.3568,0.3622,0.3514,0.3573,186010258.0,2022-09-11 01:59:59.999,66220220.8186,116583.0,90629836.0,32272133.2709,0.0
253,2022-09-11 02:00:00,0.3574,0.3604,0.3485,0.3552,146159090.0,2022-09-12 01:59:59.999,51919619.5378,86088.0,73913953.0,26256792.2656,0.0
254,2022-09-12 02:00:00,0.3551,0.3602,0.3478,0.3598,243143764.0,2022-09-13 01:59:59.999,86092131.7274,132001.0,131431520.0,46537733.4669,0.0
255,2022-09-13 02:00:00,0.3598,0.3603,0.3308,0.3326,364278378.0,2022-09-14 01:59:59.999,125815020.3102,198832.0,173399591.0,59938366.6661,0.0
256,2022-09-14 02:00:00,0.3326,0.3442,0.3312,0.3415,308604961.0,2022-09-15 01:59:59.999,103931939.6545,168172.0,156806911.0,52801586.0476,0.0
257,2022-09-15 02:00:00,0.3415,0.3429,0.3241,0.3261,406236125.0,2022-09-16 01:59:59.999,135422916.2015,181640.0,173358934.0,57778845.0224,0.0
258,2022-09-16 02:00:00,0.3261,0.3581,0.3216,0.3552,370003740.0,2022-09-17 01:59:59.999,124260288.7189,162183.0,186885609.0,62763820.5722,0.0
259,2022-09-17 02:00:00,0.3552,0.381,0.3464,0.3762,443007880.0,2022-09-18 01:59:59.999,162050300.786,247164.0,214475018.0,78430812.5217,0.0
260,2022-09-18 02:00:00,0.3762,0.3981,0.3556,0.3576,680858418.0,2022-09-19 01:59:59.999,258614760.4064,444651.0,333280981.0,126660538.5915,0.0
261,2022-09-19 02:00:00,0.3578,0.3932,0.3401,0.3848,737172977.0,2022-09-20 01:59:59.999,265844871.8951,451339.0,377962935.0,136230291.8408,0.0
262,2022-09-20 02:00:00,0.3847,0.4242,0.3704,0.414,1113792429.0,2022-09-21 01:59:59.999,442009185.2686,628936.0,522955801.0,207498980.5096,0.0
263,2022-09-21 02:00:00,0.4139,0.434,0.38,0.3936,925735817.0,2022-09-22 01:59:59.999,372966189.3786,643141.0,434816448.0,175240457.9747,0.0
264,2022-09-22 02:00:00,0.3936,0.5,0.3933,0.4862,1322834928.0,2022-09-23 01:59:59.999,590174749.6729,791009.0,629956605.0,281191324.5525,0.0
265,2022-09-23 02:00:00,0.4861,0.559,0.4564,0.5069,1820625745.0,2022-09-24 01:59:59.999,917768864.5043,1330406.0,898615314.0,453130948.3904,0.0
266,2022-09-24 02:00:00,0.5069,0.5195,0.4717,0.4878,711158721.0,2022-09-25 01:59:59.999,352715614.3205,593855.0,353473531.0,175360287.619,0.0
267,2022-09-25 02:00:00,0.4879,0.5215,0.4757,0.4917,738162563.0,2022-09-26 01:59:59.999,366984733.4815,573784.0,368900786.0,183394000.8327,0.0
268,2022-09-26 02:00:00,0.4916,0.502,0.4576,0.4683,626520230.0,2022-09-27 01:59:59.999,296847521.539,415486.0,312958187.0,148308701.4499,0.0
269,2022-09-27 02:00:00,0.4682,0.4882,0.435,0.4457,628394011.0,2022-09-28 01:59:59.999,292038620.5516,410125.0,296354526.0,137912021.9669,0.0
270,2022-09-28 02:00:00,0.4458,0.4558,0.4168,0.4489,595920283.0,2022-09-29 01:59:59.999,257517246.6334,367581.0,278932240.0,120552174.8155,0.0
271,2022-09-29 02:00:00,0.4491,0.5109,0.4266,0.4877,788666701.0,2022-09-30 01:59:59.999,365979762.7879,516418.0,375407350.0,174557632.3649,0.0
272,2022-09-30 02:00:00,0.4876,0.4992,0.4667,0.4799,683028303.0,2022-10-01 01:59:59.999,330105163.3981,499348.0,344908814.0,166690857.2864,0.0
273,2022-10-01 02:00:00,0.4799,0.4865,0.4667,0.4754,332745201.0,2022-10-02 01:59:59.999,158398722.6391,232022.0,163798047.0,77976935.2886,0.0
274,2022-10-02 02:00:00,0.4753,0.4785,0.443,0.4485,331325448.0,2022-10-03 01:59:59.999,152945188.2056,252363.0,158654005.0,73261211.9904,0.0
275,2022-10-03 02:00:00,0.4485,0.4694,0.4372,0.4621,393625435.0,2022-10-04 01:59:59.999,177658038.6668,251290.0,200455491.0,90449501.1404,0.0
276,2022-10-04 02:00:00,0.4622,0.4858,0.4515,0.4795,528294804.0,2022-10-05 01:59:59.999,248921030.5571,302972.0,233846670.0,110170981.2873,0.0
277,2022-10-05 02:00:00,0.4795,0.502,0.4716,0.4887,582675616.0,2022-10-06 01:59:59.999,283275013.6859,356443.0,251510091.0,122302085.0285,0.0
278,2022-10-06 02:00:00,0.4888,0.5063,0.4883,0.4934,412623504.0,2022-10-07 01:59:59.999,204870809.1033,271931.0,178234322.0,88512335.1771,0.0
279,2022-10-07 02:00:00,0.4934,0.5339,0.48,0.5177,523500800.0,2022-10-08 01:59:59.999,262944156.6285,364491.0,254585052.0,127872814.6927,0.0
280,2022-10-08 02:00:00,0.5177,0.5292,0.5111,0.517,340783746.0,2022-10-09 01:59:59.999,177286870.9384,257256.0,163746919.0,85190214.9524,0.0
281,2022-10-09 02:00:00,0.5171,0.549,0.506,0.5325,366379188.0,2022-10-10 01:59:59.999,193058849.2665,264444.0,181625117.0,95694697.4069,0.0
282,2022-10-10 02:00:00,0.5325,0.538,0.4927,0.4939,519737735.0,2022-10-11 01:59:59.999,269405146.745,415923.0,224698117.0,116475843.0515,0.0
283,2022-10-11 02:00:00,0.4939,0.5025,0.4768,0.4861,445279743.0,2022-10-12 01:59:59.999,218448308.5653,353731.0,200178299.0,98221469.1481,0.0
284,2022-10-12 02:00:00,0.486,0.496,0.482,0.4881,245221984.0,2022-10-13 01:59:59.999,119808283.8365,177528.0,116341342.0,56841144.5244,0.0
285,2022-10-13 02:00:00,0.4881,0.4898,0.4401,0.4791,601751609.0,2022-10-14 01:59:59.999,280980866.2166,414916.0,274106028.0,127897991.5294,0.0
286,2022-10-14 02:00:00,0.4791,0.5125,0.4782,0.4883,457259209.0,2022-10-15 01:59:59.999,227388021.966,305648.0,218857625.0,108864925.3173,0.0
287,2022-10-15 02:00:00,0.4882,0.49,0.4774,0.4818,155163123.0,2022-10-16 01:59:59.999,75131086.2498,103097.0,72547806.0,35151553.66,0.0
288,2022-10-16 02:00:00,0.4818,0.4876,0.468,0.4766,220894101.0,2022-10-17 01:59:59.999,105829602.9126,128741.0,106658207.0,51090785.7726,0.0
289,2022-10-17 02:00:00,0.4765,0.4825,0.4627,0.4804,266511552.0,2022-10-18 01:59:59.999,126134721.5191,185876.0,134684341.0,63743774.731,0.0
290,2022-10-18 02:00:00,0.4804,0.4843,0.4571,0.4658,289689721.0,2022-10-19 01:59:59.999,136197440.4461,183992.0,134965358.0,63464184.9295,0.0
291,2022-10-19 02:00:00,0.4657,0.4667,0.4471,0.4504,330327507.0,2022-10-20 01:59:59.999,151199222.0778,194462.0,159014856.0,72803191.2176,0.0
292,2022-10-20 02:00:00,0.4504,0.4646,0.4224,0.4465,396744045.0,2022-10-21 01:59:59.999,178394403.3926,269299.0,193688485.0,87178376.068,0.0
293,2022-10-21 02:00:00,0.4465,0.4617,0.4336,0.4614,362000551.0,2022-10-22 01:59:59.999,161784866.1782,209686.0,170326924.0,76120399.7047,0.0
294,2022-10-22 02:00:00,0.4613,0.4708,0.4561,0.4653,168922503.0,2022-10-23 01:59:59.999,78201141.1354,112690.0,77335894.0,35808060.6388,0.0
295,2022-10-23 02:00:00,0.4653,0.4726,0.4518,0.4688,201619037.0,2022-10-24 01:59:59.999,93094955.4316,124146.0,94017629.0,43420886.3187,0.0
296,2022-10-24 02:00:00,0.4688,0.473,0.4478,0.4529,269189993.0,2022-10-25 01:59:59.999,123072922.4954,142859.0,120157828.0,54917692.0377,0.0
297,2022-10-25 02:00:00,0.453,0.4728,0.4434,0.4605,350361399.0,2022-10-26 01:59:59.999,160081457.7349,215880.0,171598905.0,78409051.6546,0.0
298,2022-10-26 02:00:00,0.4606,0.4715,0.4562,0.4689,308800077.0,2022-10-27 01:59:59.999,143488385.6324,196965.0,144018308.0,66913662.9213,0.0
299,2022-10-27 02:00:00,0.4689,0.4824,0.4584,0.4615,386147200.0,2022-10-28 01:59:59.999,181953642.3573,238788.0,187029208.0,88157259.9222,0.0
300,2022-10-28 02:00:00,0.4615,0.4755,0.4564,0.4744,258511622.0,2022-10-29 01:59:59.999,120199098.1085,157002.0,117686288.0,54732087.2878,0.0
301,2022-10-29 02:00:00,0.4743,0.4837,0.4657,0.4701,284375501.0,2022-10-30 01:59:59.999,134590023.725,201794.0,135809120.0,64287057.082,0.0
302,2022-10-30 02:00:00,0.4702,0.4735,0.4537,0.4582,182831402.0,2022-10-31 00:59:59.999,84820357.7325,133563.0,84765782.0,39344717.619,0.0
303,2022-10-31 01:00:00,0.4582,0.4674,0.4476,0.4641,291632134.0,2022-11-01 00:59:59.999,133261256.4253,198148.0,146969703.0,67182951.4228,0.0
304,2022-11-01 01:00:00,0.464,0.467,0.4543,0.4636,272552886.0,2022-11-02 00:59:59.999,125642112.0862,180944.0,125830091.0,58021037.5219,0.0
305,2022-11-02 01:00:00,0.4635,0.4659,0.4451,0.4497,305327596.0,2022-11-03 00:59:59.999,139704185.4005,221321.0,140671429.0,64406123.6398,0.0
306,2022-11-03 01:00:00,0.4498,0.4598,0.4487,0.4548,221405589.0,2022-11-04 00:59:59.999,100942726.2391,151898.0,104803967.0,47790138.0305,0.0
307,2022-11-04 01:00:00,0.4548,0.5078,0.4532,0.5064,561979429.0,2022-11-05 00:59:59.999,274689740.9017,415590.0,276164137.0,134949298.8774,0.0
308,2022-11-05 01:00:00,0.5063,0.51,0.489,0.493,199360700.0,2022-11-06 00:59:59.999,99431885.5075,190220.0,97184409.0,48486618.5542,0.0
309,2022-11-06 01:00:00,0.493,0.4947,0.468,0.4709,163125807.0,2022-11-07 00:59:59.999,79239163.6907,136737.0,75421138.0,36664570.8371,0.0
310,2022-11-07 01:00:00,0.4708,0.48,0.4585,0.4648,325333918.0,2022-11-08 00:59:59.999,153239698.2961,215747.0,140674033.0,66281947.7364,0.0
311,2022-11-08 01:00:00,0.4647,0.4669,0.3355,0.4059,978082649.0,2022-11-09 00:59:59.999,413070512.7862,685459.0,427976370.0,180541812.893,0.0
312,2022-11-09 01:00:00,0.4059,0.411,0.316,0.3331,908074197.0,2022-11-10 00:59:59.999,334989216.0276,655564.0,404429799.0,149198267.2478,0.0
313,2022-11-10 01:00:00,0.3332,0.403,0.3301,0.3942,815070852.0,2022-11-11 00:59:59.999,301512853.2121,571158.0,385064470.0,142649050.0237,0.0
314,2022-11-11 01:00:00,0.3942,0.3991,0.3661,0.3843,477945830.0,2022-11-12 00:59:59.999,182755584.2806,371420.0,213380823.0,81549654.8983,0.0
315,2022-11-12 01:00:00,0.3843,0.3846,0.3592,0.3636,254821436.0,2022-11-13 00:59:59.999,93930662.5747,185956.0,124252437.0,45808046.4528,0.0
316,2022-11-13 01:00:00,0.3635,0.3694,0.3325,0.3408,334510449.0,2022-11-14 00:59:59.999,116988962.6143,245447.0,146909223.0,51402121.5092,0.0
317,2022-11-14 01:00:00,0.3409,0.3796,0.321,0.3776,693547037.0,2022-11-15 00:59:59.999,241833210.0589,474551.0,318057879.0,110936320.7404,0.0
318,2022-11-15 01:00:00,0.3775,0.3977,0.3668,0.3888,541305225.0,2022-11-16 00:59:59.999,207028793.2972,397121.0,253866537.0,97142845.4854,0.0
319,2022-11-16 01:00:00,0.3887,0.3915,0.3614,0.3752,363276410.0,2022-11-17 00:59:59.999,136953796.3009,260049.0,180285056.0,68001644.845,0.0
320,2022-11-17 01:00:00,0.3751,0.3873,0.3691,0.3819,413772413.0,2022-11-18 00:59:59.999,156120059.8431,263552.0,207019266.0,78081706.0171,0.0
321,2022-11-18 01:00:00,0.3819,0.3878,0.3733,0.3829,292591109.0,2022-11-19 00:59:59.999,111602519.5482,172434.0,151611474.0,57829190.4814,0.0
322,2022-11-19 01:00:00,0.3829,0.3886,0.3752,0.3841,145313373.0,2022-11-20 00:59:59.999,55292721.1727,97089.0,68704481.0,26147539.8736,0.0
323,2022-11-20 01:00:00,0.3842,0.3969,0.3585,0.3608,308373842.0,2022-11-21 00:59:59.999,116439995.0709,194598.0,140735919.0,53175093.8583,0.0
324,2022-11-21 01:00:00,0.3608,0.369,0.3457,0.3645,591706474.0,2022-11-22 00:59:59.999,210059781.7228,289588.0,281516299.0,99890134.3131,0.0
325,2022-11-22 01:00:00,0.3645,0.3784,0.3513,0.3757,464705247.0,2022-11-23 00:59:59.999,169687796.3158,237727.0,225203354.0,82265424.138,0.0
326,2022-11-23 01:00:00,0.3758,0.3824,0.3682,0.3815,354058802.0,2022-11-24 00:59:59.999,133209854.523,204708.0,176578209.0,66432937.756,0.0
327,2022-11-24 01:00:00,0.3816,0.405,0.3742,0.4018,454087891.0,2022-11-25 00:59:59.999,177033036.2218,249480.0,222635598.0,86756756.5351,0.0
328,2022-11-25 01:00:00,0.4018,0.4194,0.3888,0.4078,428503257.0,2022-11-26 00:59:59.999,173684378.2258,297740.0,207257431.0,84067111.899,0.0
329,2022-11-26 01:00:00,0.4077,0.4146,0.3927,0.396,184581391.0,2022-11-27 00:59:59.999,74555148.8397,126149.0,84383604.0,34087933.5743,0.0
330,2022-11-27 01:00:00,0.396,0.4096,0.3942,0.3962,199432182.0,2022-11-28 00:59:59.999,80197421.6651,125340.0,93450039.0,37585394.4867,0.0
331,2022-11-28 01:00:00,0.3961,0.3991,0.373,0.3888,434930297.0,2022-11-29 00:59:59.999,166423172.4506,240458.0,216541344.0,82848582.1122,0.0
332,2022-11-29 01:00:00,0.3888,0.4039,0.3829,0.3981,355638077.0,2022-11-30 00:59:59.999,139342590.9568,195717.0,178271306.0,69837843.0781,0.0
333,2022-11-30 01:00:00,0.3981,0.4117,0.3926,0.4078,329757224.0,2022-12-01 00:59:59.999,132883248.9774,191495.0,162197210.0,65361438.0414,0.0
334,2022-12-01 01:00:00,0.4078,0.4093,0.3944,0.3969,251203503.0,2022-12-02 00:59:59.999,100381351.1923,141670.0,133397950.0,53296310.2567,0.0
335,2022-12-02 01:00:00,0.3968,0.3975,0.3838,0.3961,257877078.0,2022-12-03 00:59:59.999,100555120.3107,137052.0,138441788.0,53970617.1324,0.0
336,2022-12-03 01:00:00,0.3961,0.3973,0.3853,0.3873,152919238.0,2022-12-04 00:59:59.999,59974445.9224,87264.0,73047643.0,28657295.5731,0.0
337,2022-12-04 01:00:00,0.3873,0.3932,0.386,0.3895,134434499.0,2022-12-05 00:59:59.999,52399718.8424,80207.0,65279404.0,25447929.0599,0.0
338,2022-12-05 01:00:00,0.3895,0.3954,0.38,0.3893,338205071.0,2022-12-06 00:59:59.999,132061033.3122,169162.0,176414438.0,68900207.6909,0.0
339,2022-12-06 01:00:00,0.3893,0.3925,0.3808,0.3914,302191639.0,2022-12-07 00:59:59.999,116660558.7144,139542.0,156219831.0,60302597.0077,0.0
340,2022-12-07 01:00:00,0.3914,0.3925,0.3733,0.3835,307733325.0,2022-12-08 00:59:59.999,117648523.9099,145538.0,159335388.0,60890131.0282,0.0
341,2022-12-08 01:00:00,0.3834,0.3962,0.3826,0.3941,276255107.0,2022-12-09 00:59:59.999,107330684.7435,130361.0,146298225.0,56842001.9688,0.0
342,2022-12-09 01:00:00,0.3942,0.3952,0.3843,0.3889,259535105.0,2022-12-10 00:59:59.999,101327794.2597,114693.0,136114404.0,53155999.2563,0.0
343,2022-12-10 01:00:00,0.3889,0.3893,0.3854,0.3865,99433210.0,2022-12-11 00:59:59.999,38539886.5527,48873.0,50214880.0,19464560.3716,0.0
344,2022-12-11 01:00:00,0.3865,0.3886,0.3778,0.3809,96374128.0,2022-12-12 00:59:59.999,37091781.1508,54465.0,44409030.0,17090962.7416,0.0
345,2022-12-12 01:00:00,0.3808,0.3898,0.3707,0.3874,348028456.0,2022-12-13 00:59:59.999,131257104.2853,154324.0,179058204.0,67545714.0855,0.0
346,2022-12-13 01:00:00,0.3875,0.397,0.3786,0.3952,440118070.0,2022-12-14 00:59:59.999,170665867.177,183015.0,193709302.0,75142431.44,0.0
347,2022-12-14 01:00:00,0.3953,0.3956,0.3768,0.3853,329607186.0,2022-12-15 00:59:59.999,128096972.2984,159487.0,153152832.0,59530626.8475,0.0
348,2022-12-15 01:00:00,0.3852,0.3867,0.3735,0.378,226540166.0,2022-12-16 00:59:59.999,86076180.483,110423.0,107018919.0,40661038.6639,0.0
349,2022-12-16 01:00:00,0.3779,0.3799,0.344,0.3511,376428572.0,2022-12-17 00:59:59.999,136784621.9295,191524.0,173898248.0,63219737.866,0.0
350,2022-12-17 01:00:00,0.351,0.3598,0.3467,0.3545,208492422.0,2022-12-18 00:59:59.999,73591621.3634,101459.0,102454721.0,36164981.6974,0.0
351,2022-12-18 01:00:00,0.3545,0.3556,0.3473,0.3499,115421793.0,2022-12-19 00:59:59.999,40560825.171,57021.0,54046463.0,18991622.9116,0.0
352,2022-12-19 01:00:00,0.3499,0.353,0.332,0.3389,365699862.0,2022-12-20 00:59:59.999,124752930.4634,157200.0,188999762.0,64507554.1287,0.0
353,2022-12-20 01:00:00,0.3389,0.3532,0.3359,0.3482,312424782.0,2022-12-21 00:59:59.999,107517453.0116,139690.0,162934108.0,56071424.6775,0.0
354,2022-12-21 01:00:00,0.3482,0.3505,0.3371,0.3449,287425951.0,2022-12-22 00:59:59.999,98626729.8573,122619.0,140967199.0,48368489.4985,0.0
355,2022-12-22 01:00:00,0.3448,0.3503,0.3414,0.3492,255155313.0,2022-12-23 00:59:59.999,88031727.671,107083.0,133491182.0,46059211.7055,0.0
356,2022-12-23 01:00:00,0.3492,0.355,0.3471,0.3543,221882542.0,2022-12-24 00:59:59.999,77773302.9236,93441.0,113543025.0,39802950.95,0.0
357,2022-12-24 01:00:00,0.3542,0.3544,0.3509,0.3517,62857912.0,2022-12-25 00:59:59.999,22136772.3408,37337.0,29635988.0,10437010.9881,0.0
358,2022-12-25 01:00:00,0.3518,0.3519,0.3439,0.3457,100344595.0,2022-12-26 00:59:59.999,34843179.2643,50316.0,45533757.0,15810418.4762,0.0
359,2022-12-26 01:00:00,0.3457,0.37,0.3455,0.3658,337834881.0,2022-12-27 00:59:59.999,121074083.1859,138424.0,166845263.0,59703975.4251,0.0
360,2022-12-27 01:00:00,0.3657,0.3731,0.3586,0.3675,385194770.0,2022-12-28 00:59:59.999,141396481.0425,181577.0,185304598.0,68031985.5313,0.0
361,2022-12-28 01:00:00,0.3675,0.3687,0.3546,0.3558,337095747.0,2022-12-29 00:59:59.999,121246074.983,164923.0,165972570.0,59689948.0679,0.0
362,2022-12-29 01:00:00,0.3559,0.3577,0.3361,0.3421,347820025.0,2022-12-30 00:59:59.999,120106923.5335,159297.0,170655080.0,58924410.8343,0.0
363,2022-12-30 01:00:00,0.3421,0.3461,0.3337,0.3451,270037618.0,2022-12-31 00:59:59.999,91624064.7707,123668.0,137330213.0,46604252.0755,0.0
